Order ID,Order Date,Customer ID,Category,Product,Region,Channel,Payment Method,Quantity,Unit Price,Discount,Revenue,Profit
ORD100001,2025-03-29,CUST2124,Home & Kitchen,Storage Container Set,East,Website,Cash on Delivery,1,949.29,0.1,854.36,151.29
ORD100002,2025-01-22,CUST1253,Books,Data Analytics Guide,West,Website,Credit Card,1,701.57,0.05,666.49,164.55
ORD100003,2025-09-01,CUST1832,Home & Kitchen,Non-Stick Pan,North,Website,Debit Card,5,1229.57,0.0,6147.85,1002.66
ORD100004,2025-09-22,CUST1565,Electronics,Bluetooth Speaker,South,Mobile App,Credit Card,4,1966.53,0.15,6686.2,1318.35
ORD100005,2025-02-23,CUST2130,Electronics,Power Bank,West,Website,Cash on Delivery,3,933.74,0.05,2661.16,463.45
ORD100006,2025-09-28,CUST1456,Beauty,Moisturizer,West,Website,UPI,1,650.11,0.15,552.59,167.1
ORD100007,2025-06-06,CUST1015,Home & Kitchen,Electric Kettle,Central,Website,Cash on Delivery,2,1626.74,0.25,2440.11,395.91
ORD100008,2025-06-12,CUST1419,Beauty,Shampoo,North,Mobile App,Cash on Delivery,1,450.51,0.0,450.51,152.29
ORD100009,2025-08-04,CUST1805,Fashion,Running Shoes,East,Mobile App,UPI,3,2355.69,0.05,6713.72,1850.01
ORD100010,2025-08-06,CUST1503,Fashion,Casual Shirt,East,Mobile App,Credit Card,1,1250.14,0.15,1062.62,286.63
ORD100011,2025-08-19,CUST1749,Electronics,Power Bank,East,Website,Cash on Delivery,1,1078.07,0.1,970.26,198.76
ORD100012,2025-05-14,CUST1796,Fashion,Casual Shirt,West,Website,Credit Card,1,1302.04,0.15,1106.73,325.95
ORD100013,2025-05-01,CUST1628,Books,Data Analytics Guide,Central,Marketplace,UPI,1,727.47,0.2,581.98,157.86
ORD100014,2025-06-01,CUST2137,Fashion,Cotton T-Shirt,North,Website,UPI,1,725.9,0.05,689.6,170.48
ORD100015,2025-02-23,CUST1855,Beauty,Sunscreen,Central,Website,Debit Card,1,668.92,0.0,668.92,215.06
ORD100016,2025-11-20,CUST1203,Beauty,Perfume,East,Website,Net Banking,1,1425.17,0.05,1353.91,516.63
ORD100017,2025-11-22,CUST1464,Fashion,Denim Jeans,Central,Marketplace,UPI,2,1509.73,0.0,3019.46,808.2
ORD100018,2025-11-04,CUST1489,Electronics,Bluetooth Speaker,North,Website,Credit Card,2,1700.59,0.1,3061.06,560.42
ORD100019,2025-09-09,CUST1144,Books,Business Management,South,Marketplace,Credit Card,1,460.42,0.2,368.34,88.8
ORD100020,2025-01-09,CUST2123,Home & Kitchen,Mixer Grinder,East,Mobile App,Cash on Delivery,1,3776.97,0.2,3021.58,646.33
ORD100021,2025-08-15,CUST2136,Books,Python Programming,North,Mobile App,UPI,2,549.18,0.0,1098.36,280.8
ORD100022,2025-06-10,CUST1801,Electronics,Bluetooth Speaker,Central,Website,UPI,1,1780.44,0.25,1335.33,241.94
ORD100023,2025-08-26,CUST1038,Beauty,Sunscreen,Central,Mobile App,Cash on Delivery,2,708.55,0.0,1417.1,404.94
ORD100024,2025-11-13,CUST1816,Home & Kitchen,Storage Container Set,East,Mobile App,Debit Card,2,912.83,0.1,1643.09,296.92
ORD100025,2025-06-30,CUST1607,Electronics,USB-C Hub,East,Marketplace,UPI,4,1416.93,0.2,4534.18,711.4
ORD100026,2025-08-11,CUST1566,Home & Kitchen,Mixer Grinder,South,Marketplace,UPI,1,3267.71,0.1,2940.94,642.62
ORD100027,2025-06-19,CUST1759,Electronics,Bluetooth Speaker,South,Marketplace,Net Banking,1,1725.35,0.05,1639.08,280.68
ORD100028,2025-09-21,CUST1512,Books,Data Analytics Guide,West,Marketplace,UPI,1,768.16,0.0,768.16,226.2
ORD100029,2025-06-29,CUST1682,Fashion,Casual Shirt,East,Website,Credit Card,1,1209.23,0.05,1148.77,309.75
ORD100030,2025-12-16,CUST1047,Beauty,Shampoo,East,Mobile App,Debit Card,4,494.74,0.15,1682.12,541.65
ORD100031,2025-12-12,CUST1741,Books,Machine Learning Basics,South,Marketplace,Net Banking,2,816.48,0.05,1551.31,449.61
ORD100032,2025-04-06,CUST2142,Beauty,Perfume,North,Mobile App,UPI,1,1406.87,0.1,1266.18,391.44
ORD100033,2025-07-04,CUST2093,Books,Fiction Novel,North,Website,Cash on Delivery,2,392.58,0.05,745.9,210.1
ORD100034,2025-09-11,CUST1357,Electronics,Bluetooth Speaker,South,Mobile App,Debit Card,2,1909.43,0.05,3627.92,516.28
ORD100035,2025-10-07,CUST1336,Electronics,Bluetooth Speaker,South,Website,Credit Card,2,1800.13,0.2,2880.21,390.16
ORD100036,2025-06-28,CUST2192,Books,Machine Learning Basics,South,Website,UPI,1,924.76,0.1,832.28,217.68
ORD100037,2025-03-31,CUST2022,Electronics,Bluetooth Speaker,South,Website,Credit Card,1,1841.55,0.05,1749.47,229.38
ORD100038,2025-10-04,CUST2021,Beauty,Moisturizer,North,Mobile App,Credit Card,2,644.22,0.15,1095.17,393.44
ORD100039,2025-07-09,CUST1037,Fashion,Casual Shirt,West,Website,Debit Card,5,1178.05,0.05,5595.74,1473.19
ORD100040,2025-08-05,CUST1397,Beauty,Face Wash,East,Website,UPI,1,401.74,0.1,361.57,126.21
ORD100041,2025-05-24,CUST1885,Books,Business Management,Central,Website,UPI,1,480.97,0.25,360.73,91.06
ORD100042,2025-06-30,CUST2066,Fashion,Running Shoes,South,Website,Credit Card,4,2428.34,0.0,9713.36,2864.27
ORD100043,2025-09-10,CUST2198,Home & Kitchen,Storage Container Set,Central,Website,Credit Card,1,830.15,0.0,830.15,178.77
ORD100044,2025-12-31,CUST1500,Books,Data Analytics Guide,North,Marketplace,Cash on Delivery,1,686.81,0.25,515.11,146.26
ORD100045,2025-02-08,CUST2150,Beauty,Shampoo,East,Website,Credit Card,1,526.66,0.1,473.99,161.84
ORD100046,2025-01-01,CUST1387,Fashion,Running Shoes,Central,Website,Credit Card,1,2123.14,0.1,1910.83,527.39
ORD100047,2025-08-17,CUST1047,Fashion,Cotton T-Shirt,North,Website,UPI,3,660.36,0.25,1485.81,424.35
ORD100048,2025-08-12,CUST1784,Books,Business Management,West,Website,UPI,3,453.64,0.05,1292.87,323.62
ORD100049,2025-07-31,CUST1461,Electronics,USB-C Hub,West,Website,UPI,1,1260.9,0.1,1134.81,127.31
ORD100050,2025-01-10,CUST1824,Electronics,Bluetooth Speaker,South,Mobile App,UPI,1,1828.2,0.2,1462.56,247.26
ORD100051,2025-11-11,CUST1795,Home & Kitchen,Mixer Grinder,North,Marketplace,Credit Card,1,3838.6,0.05,3646.67,673.19
ORD100052,2025-07-16,CUST1771,Home & Kitchen,Mixer Grinder,Central,Mobile App,Debit Card,1,3201.84,0.15,2721.56,642.03
ORD100053,2025-10-15,CUST1034,Beauty,Sunscreen,West,Website,UPI,1,692.09,0.0,692.09,223.55
ORD100054,2025-08-10,CUST1763,Fashion,Casual Shirt,North,Mobile App,Credit Card,2,1283.45,0.1,2310.21,676.57
ORD100055,2025-10-13,CUST1859,Home & Kitchen,Storage Container Set,East,Marketplace,UPI,2,935.69,0.0,1871.38,423.79
ORD100056,2025-10-12,CUST1900,Fashion,Running Shoes,South,Marketplace,Credit Card,1,2309.85,0.15,1963.37,463.42
ORD100057,2025-04-21,CUST1761,Home & Kitchen,Storage Container Set,East,Website,Debit Card,5,897.67,0.05,4263.93,713.73
ORD100058,2025-03-02,CUST1634,Electronics,Wireless Headphones,East,Website,UPI,3,2485.99,0.1,6712.17,1186.32
ORD100059,2025-03-19,CUST2097,Home & Kitchen,Storage Container Set,South,Mobile App,Debit Card,1,907.76,0.1,816.98,179.45
ORD100060,2025-09-14,CUST1008,Electronics,Smart Watch,North,Mobile App,Cash on Delivery,4,3009.4,0.05,11435.72,1747.62
ORD100061,2025-08-26,CUST1363,Fashion,Denim Jeans,West,Website,Credit Card,2,1508.37,0.15,2564.23,743.64
ORD100062,2025-09-30,CUST1086,Fashion,Cotton T-Shirt,South,Mobile App,UPI,2,654.58,0.1,1178.24,306.8
ORD100063,2025-02-03,CUST1623,Home & Kitchen,Mixer Grinder,North,Mobile App,UPI,2,3701.36,0.1,6662.45,1345.38
ORD100064,2025-12-31,CUST1662,Home & Kitchen,Non-Stick Pan,Central,Website,UPI,2,1317.39,0.05,2503.04,446.71
ORD100065,2025-12-01,CUST1646,Electronics,Smart Watch,North,Mobile App,Debit Card,1,3500.81,0.0,3500.81,629.93
ORD100066,2025-10-27,CUST1326,Beauty,Moisturizer,South,Website,Credit Card,2,607.58,0.05,1154.4,373.6
ORD100067,2025-12-22,CUST1845,Fashion,Cotton T-Shirt,East,Mobile App,UPI,2,727.97,0.15,1237.55,346.91
ORD100068,2025-05-10,CUST1321,Fashion,Backpack,Central,Website,UPI,1,1536.09,0.05,1459.29,376.65
ORD100069,2025-03-17,CUST1513,Fashion,Casual Shirt,West,Marketplace,UPI,1,1302.0,0.15,1106.7,314.57
ORD100070,2025-03-19,CUST1574,Beauty,Shampoo,West,Website,Credit Card,1,465.49,0.15,395.67,127.5
ORD100071,2025-11-05,CUST1104,Beauty,Sunscreen,East,Mobile App,Credit Card,2,704.56,0.1,1268.21,346.83
ORD100072,2025-06-06,CUST1478,Home & Kitchen,Air Fryer,East,Mobile App,UPI,1,4638.34,0.15,3942.59,886.78
ORD100073,2025-11-26,CUST1865,Home & Kitchen,Storage Container Set,Central,Website,Net Banking,3,834.83,0.0,2504.49,497.66
ORD100074,2025-06-22,CUST1130,Electronics,Power Bank,East,Mobile App,Debit Card,2,996.27,0.05,1892.91,389.98
ORD100075,2025-01-23,CUST1815,Fashion,Casual Shirt,South,Marketplace,UPI,2,1277.37,0.25,1916.05,480.08
ORD100076,2025-12-22,CUST2008,Fashion,Denim Jeans,West,Mobile App,UPI,2,1354.53,0.2,2167.25,569.97
ORD100077,2025-08-02,CUST1779,Fashion,Cotton T-Shirt,North,Website,Cash on Delivery,2,713.92,0.1,1285.06,365.72
ORD100078,2025-05-29,CUST1969,Books,Python Programming,Central,Website,Net Banking,1,576.41,0.05,547.59,138.27
ORD100079,2025-12-13,CUST1640,Electronics,Wireless Headphones,East,Website,Cash on Delivery,1,2456.27,0.2,1965.02,311.19
ORD100080,2025-06-26,CUST1285,Home & Kitchen,Mixer Grinder,East,Mobile App,UPI,1,3442.26,0.2,2753.81,606.35
ORD100081,2025-05-21,CUST1990,Fashion,Cotton T-Shirt,East,Website,Cash on Delivery,4,649.88,0.05,2469.54,850.35
ORD100082,2025-01-19,CUST1018,Electronics,Power Bank,North,Mobile App,Credit Card,2,974.57,0.15,1656.77,267.54
ORD100083,2025-02-24,CUST1800,Fashion,Running Shoes,South,Website,Debit Card,1,2297.63,0.15,1952.99,532.26
ORD100084,2025-11-09,CUST1759,Home & Kitchen,Non-Stick Pan,East,Website,Debit Card,3,1394.34,0.05,3973.87,723.66
ORD100085,2025-04-06,CUST2112,Electronics,Wireless Headphones,East,Marketplace,Cash on Delivery,3,2338.34,0.1,6313.52,954.81
ORD100086,2025-05-27,CUST1915,Electronics,Bluetooth Speaker,West,Mobile App,Debit Card,1,1649.87,0.0,1649.87,254.52
ORD100087,2025-09-18,CUST1805,Books,Fiction Novel,North,Website,UPI,1,379.8,0.05,360.81,76.16
ORD100088,2025-08-03,CUST1128,Books,Machine Learning Basics,North,Mobile App,Credit Card,1,965.25,0.1,868.72,230.34
ORD100089,2025-08-03,CUST1805,Beauty,Moisturizer,East,Marketplace,Credit Card,2,569.99,0.0,1139.98,328.07
ORD100090,2025-03-17,CUST1342,Beauty,Face Wash,Central,Website,UPI,1,403.32,0.1,362.99,117.07
ORD100091,2025-07-09,CUST1634,Beauty,Moisturizer,South,Website,Debit Card,2,618.77,0.0,1237.54,391.12
ORD100092,2025-01-11,CUST1676,Electronics,USB-C Hub,North,Mobile App,Debit Card,3,1186.83,0.15,3026.42,545.25
ORD100093,2025-12-03,CUST1958,Books,Fiction Novel,East,Mobile App,UPI,1,380.64,0.1,342.58,88.07
ORD100094,2025-03-02,CUST1939,Beauty,Perfume,South,Mobile App,UPI,1,1260.43,0.05,1197.41,374.77
ORD100095,2025-11-01,CUST1957,Electronics,USB-C Hub,North,Marketplace,Credit Card,2,1239.8,0.1,2231.64,316.49
ORD100096,2025-07-17,CUST1466,Electronics,Smart Watch,North,Mobile App,Debit Card,2,3501.27,0.1,6302.29,969.37
ORD100097,2025-09-07,CUST1391,Electronics,Bluetooth Speaker,Central,Mobile App,UPI,1,1872.97,0.2,1498.38,249.91
ORD100098,2025-04-13,CUST2183,Electronics,Smart Watch,East,Mobile App,Credit Card,4,3281.99,0.2,10502.37,1345.16
ORD100099,2025-12-15,CUST1982,Books,Business Management,North,Mobile App,Credit Card,1,521.43,0.0,521.43,135.74
ORD100100,2025-09-08,CUST1759,Home & Kitchen,Non-Stick Pan,Central,Mobile App,Cash on Delivery,1,1175.44,0.2,940.35,142.71
ORD100101,2025-08-24,CUST1377,Beauty,Shampoo,South,Website,UPI,1,457.94,0.0,457.94,176.28
ORD100102,2025-06-07,CUST1324,Fashion,Cotton T-Shirt,South,Website,UPI,1,644.54,0.05,612.31,161.49
ORD100103,2025-10-22,CUST1011,Electronics,Wireless Headphones,Central,Marketplace,Debit Card,1,2444.84,0.0,2444.84,425.59
ORD100104,2025-11-26,CUST2131,Electronics,USB-C Hub,South,Website,UPI,3,1229.0,0.15,3133.95,381.36
ORD100105,2025-06-27,CUST1850,Books,Fiction Novel,North,Website,Net Banking,1,436.43,0.2,349.14,84.03
ORD100106,2025-04-08,CUST1952,Electronics,Power Bank,East,Website,Credit Card,2,1017.57,0.1,1831.63,239.32
ORD100107,2025-05-04,CUST1975,Electronics,Bluetooth Speaker,East,Mobile App,Credit Card,3,1910.36,0.1,5157.97,715.6
ORD100108,2025-04-24,CUST2064,Electronics,USB-C Hub,Central,Mobile App,Credit Card,1,1401.49,0.25,1051.12,170.93
ORD100109,2025-04-02,CUST1353,Beauty,Moisturizer,East,Marketplace,Debit Card,2,642.67,0.15,1092.54,379.7
ORD100110,2025-07-07,CUST1007,Books,Python Programming,Central,Marketplace,Net Banking,4,551.78,0.15,1876.05,472.0
ORD100111,2025-07-25,CUST1589,Electronics,Bluetooth Speaker,Central,Website,UPI,1,1739.68,0.15,1478.73,250.23
ORD100112,2025-07-07,CUST1448,Electronics,Smart Watch,Central,Mobile App,UPI,5,3385.97,0.05,16083.36,2415.18
ORD100113,2025-10-05,CUST1916,Beauty,Moisturizer,West,Website,UPI,1,639.75,0.05,607.76,202.95
ORD100114,2025-07-29,CUST1306,Beauty,Face Wash,Central,Website,Debit Card,2,386.7,0.1,696.06,210.49
ORD100115,2025-02-27,CUST1738,Fashion,Running Shoes,Central,Marketplace,UPI,1,2079.27,0.05,1975.31,630.4
ORD100116,2025-03-25,CUST2046,Books,Fiction Novel,East,Website,Cash on Delivery,2,376.72,0.0,753.44,187.12
ORD100117,2025-02-27,CUST1934,Electronics,USB-C Hub,South,Website,UPI,2,1405.39,0.2,2248.62,255.96
ORD100118,2025-03-01,CUST1430,Fashion,Running Shoes,North,Marketplace,Debit Card,2,2285.91,0.1,4114.64,1093.81
ORD100119,2025-06-02,CUST1734,Beauty,Moisturizer,North,Mobile App,UPI,2,614.12,0.0,1228.24,431.39
ORD100120,2025-12-10,CUST1584,Fashion,Cotton T-Shirt,East,Marketplace,UPI,1,720.18,0.05,684.17,199.97
ORD100121,2025-04-12,CUST1779,Fashion,Denim Jeans,East,Website,UPI,1,1528.99,0.05,1452.54,435.25
ORD100122,2025-12-19,CUST1002,Books,Machine Learning Basics,North,Website,UPI,2,909.72,0.0,1819.44,474.21
ORD100123,2025-05-23,CUST1994,Electronics,USB-C Hub,South,Website,UPI,1,1252.78,0.25,939.58,165.18
ORD100124,2025-08-11,CUST1553,Fashion,Casual Shirt,South,Marketplace,Cash on Delivery,3,1221.73,0.1,3298.67,842.91
ORD100125,2025-11-10,CUST1022,Fashion,Running Shoes,South,Mobile App,UPI,1,2443.76,0.0,2443.76,691.25
ORD100126,2025-01-25,CUST1122,Electronics,Smart Watch,East,Marketplace,UPI,2,3360.55,0.1,6048.99,1111.52
ORD100127,2025-12-18,CUST1312,Electronics,Power Bank,North,Mobile App,UPI,2,998.64,0.1,1797.55,245.67
ORD100128,2025-11-28,CUST1862,Home & Kitchen,Storage Container Set,Central,Mobile App,Debit Card,1,814.61,0.05,773.88,169.35
ORD100129,2025-04-15,CUST1420,Home & Kitchen,Non-Stick Pan,South,Mobile App,Credit Card,2,1368.55,0.1,2463.39,551.32
ORD100130,2025-07-05,CUST1637,Books,Data Analytics Guide,West,Website,Credit Card,3,772.22,0.25,1737.5,562.35
ORD100131,2025-11-30,CUST1002,Books,Python Programming,Central,Marketplace,Credit Card,1,624.86,0.2,499.89,118.1
ORD100132,2025-03-25,CUST1130,Home & Kitchen,Non-Stick Pan,North,Website,Cash on Delivery,1,1323.14,0.1,1190.83,218.17
ORD100133,2025-10-14,CUST2034,Home & Kitchen,Storage Container Set,East,Website,UPI,1,914.9,0.1,823.41,135.73
ORD100134,2025-06-20,CUST1972,Home & Kitchen,Non-Stick Pan,North,Website,UPI,3,1281.04,0.05,3650.96,679.75
ORD100135,2025-06-05,CUST1620,Home & Kitchen,Air Fryer,East,Website,UPI,2,5162.77,0.1,9292.99,1947.33
ORD100136,2025-07-17,CUST1485,Electronics,Power Bank,Central,Website,UPI,4,906.96,0.0,3627.84,619.46
ORD100137,2025-08-11,CUST1495,Fashion,Running Shoes,East,Mobile App,Debit Card,1,2522.75,0.25,1892.06,573.12
ORD100138,2025-01-08,CUST1129,Electronics,Power Bank,Central,Website,Net Banking,1,1086.88,0.15,923.85,155.82
ORD100139,2025-03-17,CUST1987,Electronics,Bluetooth Speaker,North,Mobile App,Debit Card,2,1971.21,0.05,3745.3,616.45
ORD100140,2025-07-11,CUST1575,Electronics,Power Bank,North,Marketplace,Cash on Delivery,2,1014.42,0.05,1927.4,316.42
ORD100141,2025-04-12,CUST1019,Beauty,Perfume,South,Mobile App,Net Banking,2,1360.95,0.2,2177.52,605.09
ORD100142,2025-08-01,CUST2089,Home & Kitchen,Air Fryer,West,Mobile App,Credit Card,1,4795.91,0.1,4316.32,762.51
ORD100143,2025-11-26,CUST1962,Home & Kitchen,Storage Container Set,North,Website,Net Banking,1,851.81,0.05,809.22,195.06
ORD100144,2025-10-31,CUST1975,Fashion,Running Shoes,West,Mobile App,Credit Card,1,2226.01,0.05,2114.71,645.51
ORD100145,2025-04-27,CUST2148,Fashion,Denim Jeans,North,Mobile App,Credit Card,2,1505.37,0.15,2559.13,775.2
ORD100146,2025-02-21,CUST1494,Electronics,Power Bank,East,Marketplace,Credit Card,1,919.36,0.1,827.42,129.08
ORD100147,2025-09-20,CUST2132,Fashion,Denim Jeans,South,Mobile App,UPI,2,1563.8,0.05,2971.22,758.96
ORD100148,2025-09-20,CUST2196,Home & Kitchen,Mixer Grinder,Central,Mobile App,Cash on Delivery,2,3328.64,0.25,4992.96,970.55
ORD100149,2025-05-05,CUST1682,Fashion,Backpack,North,Website,Net Banking,3,1322.92,0.0,3968.76,972.09
ORD100150,2025-06-13,CUST1993,Home & Kitchen,Air Fryer,South,Website,UPI,3,5170.39,0.15,13184.49,3213.58
ORD100151,2025-06-09,CUST1650,Books,Python Programming,North,Website,Credit Card,1,550.57,0.0,550.57,154.5
ORD100152,2025-02-11,CUST1637,Fashion,Denim Jeans,North,Mobile App,Cash on Delivery,1,1528.09,0.15,1298.88,416.4
ORD100153,2025-08-17,CUST1353,Electronics,Smart Watch,West,Website,UPI,2,3191.6,0.2,5106.56,721.48
ORD100154,2025-01-05,CUST1428,Electronics,Wireless Headphones,East,Mobile App,UPI,2,2470.22,0.15,4199.37,763.04
ORD100155,2025-12-20,CUST1116,Fashion,Casual Shirt,West,Website,Cash on Delivery,2,1156.88,0.05,2198.07,653.65
ORD100156,2025-02-24,CUST1912,Fashion,Cotton T-Shirt,West,Website,Debit Card,1,686.35,0.1,617.72,203.02
ORD100157,2025-11-17,CUST1286,Beauty,Perfume,Central,Website,UPI,1,1422.19,0.0,1422.19,485.87
ORD100158,2025-05-22,CUST1481,Beauty,Face Wash,South,Website,Credit Card,2,399.55,0.0,799.1,270.98
ORD100159,2025-11-07,CUST1262,Home & Kitchen,Mixer Grinder,East,Mobile App,Credit Card,2,3362.91,0.05,6389.53,1622.26
ORD100160,2025-03-23,CUST2182,Fashion,Running Shoes,South,Marketplace,Net Banking,1,2496.99,0.0,2496.99,628.53
ORD100161,2025-07-25,CUST1266,Beauty,Shampoo,North,Mobile App,Credit Card,3,481.29,0.0,1443.87,446.37
ORD100162,2025-01-25,CUST2141,Home & Kitchen,Mixer Grinder,South,Website,UPI,2,3684.31,0.0,7368.62,1373.55
ORD100163,2025-01-20,CUST1989,Electronics,USB-C Hub,West,Marketplace,UPI,1,1370.89,0.0,1370.89,241.88
ORD100164,2025-09-23,CUST1345,Electronics,Bluetooth Speaker,South,Mobile App,Debit Card,2,1673.8,0.0,3347.6,547.5
ORD100165,2025-09-20,CUST2104,Fashion,Cotton T-Shirt,West,Mobile App,Debit Card,1,652.96,0.0,652.96,171.25
ORD100166,2025-05-04,CUST1422,Electronics,Power Bank,South,Website,Cash on Delivery,2,960.29,0.1,1728.52,313.49
ORD100167,2025-05-13,CUST1510,Home & Kitchen,Storage Container Set,South,Website,Credit Card,1,903.59,0.1,813.23,154.39
ORD100168,2025-03-06,CUST2037,Beauty,Perfume,Central,Marketplace,Debit Card,2,1204.72,0.1,2168.5,630.91
ORD100169,2025-11-04,CUST1183,Electronics,Power Bank,Central,Mobile App,UPI,4,996.57,0.0,3986.28,442.46
ORD100170,2025-02-11,CUST1021,Home & Kitchen,Non-Stick Pan,South,Marketplace,Cash on Delivery,2,1379.72,0.1,2483.5,624.63
ORD100171,2025-08-20,CUST1789,Beauty,Face Wash,West,Mobile App,Debit Card,4,423.65,0.0,1694.6,556.05
ORD100172,2025-03-10,CUST1940,Books,Python Programming,North,Website,UPI,2,547.08,0.1,984.74,242.08
ORD100173,2025-08-20,CUST1366,Electronics,Smart Watch,West,Website,Debit Card,2,3498.35,0.0,6996.7,1121.23
ORD100174,2025-12-18,CUST1520,Fashion,Running Shoes,South,Website,UPI,1,2258.6,0.1,2032.74,541.59
ORD100175,2025-04-15,CUST1169,Books,Python Programming,North,Mobile App,UPI,5,619.05,0.0,3095.25,707.16
ORD100176,2025-09-26,CUST1160,Books,Fiction Novel,West,Website,UPI,1,396.95,0.0,396.95,90.5
ORD100177,2025-10-05,CUST1414,Electronics,Bluetooth Speaker,West,Website,UPI,1,1753.01,0.1,1577.71,333.54
ORD100178,2025-09-25,CUST1943,Books,Fiction Novel,South,Mobile App,UPI,1,424.21,0.2,339.37,75.48
ORD100179,2025-09-26,CUST1770,Books,Machine Learning Basics,Central,Mobile App,UPI,1,866.65,0.15,736.65,189.59
ORD100180,2025-07-08,CUST1696,Books,Business Management,East,Website,Credit Card,1,483.27,0.05,459.11,95.06
ORD100181,2025-05-09,CUST1515,Beauty,Shampoo,North,Website,UPI,2,525.06,0.0,1050.12,329.46
ORD100182,2025-08-19,CUST1923,Books,Data Analytics Guide,South,Website,Net Banking,1,757.25,0.15,643.66,160.6
ORD100183,2025-08-31,CUST2015,Fashion,Denim Jeans,East,Marketplace,UPI,2,1359.69,0.15,2311.47,563.43
ORD100184,2025-08-18,CUST1822,Home & Kitchen,Non-Stick Pan,Central,Website,UPI,3,1225.53,0.0,3676.59,633.63
ORD100185,2025-12-02,CUST1698,Electronics,Power Bank,West,Mobile App,Debit Card,1,1016.62,0.1,914.96,133.49
ORD100186,2025-11-15,CUST1211,Fashion,Denim Jeans,Central,Mobile App,Cash on Delivery,2,1355.98,0.05,2576.36,733.27
ORD100187,2025-05-26,CUST1831,Electronics,USB-C Hub,West,Website,Net Banking,2,1283.46,0.0,2566.92,364.71
ORD100188,2025-09-17,CUST1660,Beauty,Face Wash,East,Mobile App,Cash on Delivery,4,410.38,0.1,1477.37,403.82
ORD100189,2025-04-28,CUST1710,Beauty,Face Wash,North,Marketplace,Net Banking,4,375.29,0.1,1351.04,456.58
ORD100190,2025-02-18,CUST1917,Electronics,Smart Watch,South,Marketplace,Debit Card,1,3544.93,0.15,3013.19,608.33
ORD100191,2025-03-25,CUST1985,Fashion,Denim Jeans,West,Website,UPI,3,1583.01,0.0,4749.03,1297.17
ORD100192,2025-12-02,CUST1205,Electronics,USB-C Hub,West,Website,Net Banking,1,1240.7,0.15,1054.6,142.39
ORD100193,2025-05-07,CUST1672,Electronics,Bluetooth Speaker,East,Marketplace,Credit Card,3,1669.2,0.1,4506.84,522.47
ORD100194,2025-06-14,CUST1314,Books,Data Analytics Guide,Central,Website,Debit Card,3,792.1,0.1,2138.67,479.78
ORD100195,2025-06-27,CUST1629,Electronics,Wireless Headphones,West,Website,UPI,1,2734.91,0.1,2461.42,344.08
ORD100196,2025-02-12,CUST1423,Beauty,Face Wash,North,Mobile App,UPI,2,368.26,0.2,589.22,183.91
ORD100197,2025-05-24,CUST1435,Fashion,Cotton T-Shirt,Central,Mobile App,UPI,1,648.81,0.1,583.93,160.57
ORD100198,2025-02-18,CUST1960,Beauty,Shampoo,Central,Website,UPI,1,546.71,0.15,464.7,147.06
ORD100199,2025-10-11,CUST2050,Beauty,Perfume,North,Website,UPI,2,1211.09,0.05,2301.07,741.29
ORD100200,2025-10-06,CUST1601,Fashion,Running Shoes,East,Website,Debit Card,2,2297.99,0.0,4595.98,1360.27
ORD100201,2025-02-24,CUST1905,Books,Machine Learning Basics,South,Website,Debit Card,2,860.73,0.15,1463.24,434.34
ORD100202,2025-08-08,CUST2153,Beauty,Sunscreen,Central,Mobile App,Net Banking,1,754.53,0.0,754.53,261.82
ORD100203,2025-01-21,CUST1670,Home & Kitchen,Air Fryer,Central,Website,Cash on Delivery,3,5302.54,0.1,14316.86,2834.87
ORD100204,2025-12-19,CUST1196,Books,Business Management,North,Marketplace,UPI,1,450.36,0.1,405.32,105.91
ORD100205,2025-12-30,CUST1457,Home & Kitchen,Air Fryer,Central,Website,Net Banking,1,5357.11,0.15,4553.54,1116.51
ORD100206,2025-06-12,CUST1546,Books,Data Analytics Guide,North,Mobile App,UPI,1,691.02,0.0,691.02,178.81
ORD100207,2025-09-29,CUST2090,Fashion,Cotton T-Shirt,East,Mobile App,UPI,3,694.99,0.25,1563.73,402.52
ORD100208,2025-05-08,CUST1191,Electronics,Wireless Headphones,East,Mobile App,Credit Card,2,2744.77,0.0,5489.54,922.84
ORD100209,2025-11-29,CUST1210,Home & Kitchen,Storage Container Set,East,Marketplace,Debit Card,1,863.75,0.1,777.38,169.54
ORD100210,2025-11-24,CUST1702,Fashion,Casual Shirt,East,Website,Net Banking,1,1170.1,0.05,1111.59,329.79
ORD100211,2025-03-24,CUST1947,Fashion,Cotton T-Shirt,East,Mobile App,Net Banking,1,732.54,0.2,586.03,174.48
ORD100212,2025-04-30,CUST1934,Electronics,Wireless Headphones,Central,Mobile App,UPI,1,2663.63,0.05,2530.45,377.32
ORD100213,2025-08-10,CUST1041,Home & Kitchen,Mixer Grinder,West,Website,Net Banking,1,3359.93,0.1,3023.94,525.13
ORD100214,2025-07-02,CUST2040,Books,Fiction Novel,Central,Marketplace,UPI,2,430.31,0.0,860.62,192.18
ORD100215,2025-07-20,CUST2059,Home & Kitchen,Air Fryer,North,Website,Cash on Delivery,5,5354.62,0.1,24095.79,4260.53
ORD100216,2025-05-27,CUST1026,Electronics,USB-C Hub,West,Website,Debit Card,4,1289.76,0.0,5159.04,856.19
ORD100217,2025-03-17,CUST1579,Fashion,Running Shoes,West,Marketplace,Debit Card,3,2363.19,0.15,6026.13,1632.67
ORD100218,2025-07-29,CUST1573,Beauty,Face Wash,West,Mobile App,Cash on Delivery,1,391.58,0.2,313.26,96.31
ORD100219,2025-08-25,CUST1653,Electronics,Bluetooth Speaker,Central,Website,UPI,5,1738.32,0.1,7822.44,1339.99
ORD100220,2025-09-02,CUST1704,Electronics,Smart Watch,South,Website,Cash on Delivery,3,3157.08,0.1,8524.12,1099.6
ORD100221,2025-02-08,CUST1397,Home & Kitchen,Storage Container Set,East,Website,Credit Card,1,956.21,0.1,860.59,176.32
ORD100222,2025-04-19,CUST1445,Books,Fiction Novel,North,Marketplace,Cash on Delivery,1,392.76,0.05,373.12,102.54
ORD100223,2025-12-04,CUST1990,Beauty,Face Wash,North,Mobile App,UPI,2,363.18,0.05,690.04,223.31
ORD100224,2025-08-31,CUST1655,Electronics,USB-C Hub,North,Marketplace,Debit Card,2,1403.0,0.05,2665.7,385.54
ORD100225,2025-06-04,CUST1629,Fashion,Denim Jeans,South,Mobile App,Net Banking,3,1528.59,0.1,4127.19,1124.53
ORD100226,2025-11-17,CUST1986,Books,Data Analytics Guide,Central,Website,Credit Card,1,737.32,0.05,700.45,169.56
ORD100227,2025-03-14,CUST2054,Home & Kitchen,Mixer Grinder,West,Website,Credit Card,1,3420.2,0.2,2736.16,496.71
ORD100228,2025-02-17,CUST1672,Fashion,Running Shoes,South,Website,UPI,4,2267.27,0.05,8615.63,2376.18
ORD100229,2025-05-28,CUST1914,Home & Kitchen,Electric Kettle,West,Website,Credit Card,1,1576.78,0.0,1576.78,303.21
ORD100230,2025-06-25,CUST1833,Beauty,Sunscreen,West,Website,Cash on Delivery,1,723.76,0.1,651.38,221.14
ORD100231,2025-09-19,CUST1125,Electronics,Smart Watch,Central,Website,Cash on Delivery,2,3058.69,0.0,6117.38,708.5
ORD100232,2025-10-01,CUST1201,Electronics,Bluetooth Speaker,North,Website,Debit Card,1,1789.65,0.1,1610.69,199.28
ORD100233,2025-06-11,CUST1365,Electronics,Wireless Headphones,Central,Marketplace,Credit Card,1,2419.23,0.1,2177.31,358.35
ORD100234,2025-01-21,CUST1300,Home & Kitchen,Storage Container Set,East,Mobile App,UPI,1,819.47,0.05,778.5,132.73
ORD100235,2025-09-06,CUST1762,Fashion,Backpack,East,Website,Credit Card,1,1434.32,0.1,1290.89,370.87
ORD100236,2025-04-01,CUST2141,Electronics,Wireless Headphones,South,Mobile App,Credit Card,2,2702.39,0.0,5404.78,986.3
ORD100237,2025-01-12,CUST1883,Books,Fiction Novel,East,Mobile App,UPI,2,402.94,0.0,805.88,194.18
ORD100238,2025-07-22,CUST1704,Beauty,Moisturizer,North,Website,Debit Card,1,601.69,0.1,541.52,199.93
ORD100239,2025-02-17,CUST1511,Books,Business Management,North,Website,UPI,1,531.69,0.15,451.94,119.26
ORD100240,2025-11-21,CUST2037,Fashion,Cotton T-Shirt,Central,Marketplace,UPI,3,637.83,0.2,1530.79,432.05
ORD100241,2025-07-23,CUST1194,Fashion,Backpack,North,Website,UPI,1,1503.1,0.1,1352.79,427.01
ORD100242,2025-11-23,CUST1542,Books,Business Management,East,Mobile App,Net Banking,5,516.65,0.15,2195.76,620.75
ORD100243,2025-02-04,CUST1194,Beauty,Perfume,North,Mobile App,UPI,1,1412.56,0.15,1200.68,389.64
ORD100244,2025-06-22,CUST1045,Beauty,Sunscreen,Central,Website,Net Banking,1,644.62,0.15,547.93,177.33
ORD100245,2025-10-17,CUST1295,Beauty,Face Wash,East,Marketplace,Cash on Delivery,2,422.5,0.15,718.25,200.97
ORD100246,2025-08-21,CUST1437,Home & Kitchen,Air Fryer,Central,Mobile App,UPI,1,5082.24,0.15,4319.9,781.61
ORD100247,2025-05-28,CUST1160,Fashion,Cotton T-Shirt,South,Website,Debit Card,2,750.3,0.1,1350.54,385.55
ORD100248,2025-04-29,CUST1850,Beauty,Shampoo,South,Mobile App,UPI,1,526.48,0.05,500.16,176.17
ORD100249,2025-12-09,CUST2112,Home & Kitchen,Mixer Grinder,South,Mobile App,UPI,1,3506.79,0.0,3506.79,785.09
ORD100250,2025-05-17,CUST1428,Books,Fiction Novel,West,Mobile App,Cash on Delivery,4,425.07,0.0,1700.28,381.17
ORD100251,2025-08-05,CUST1632,Home & Kitchen,Mixer Grinder,South,Website,UPI,1,3804.34,0.15,3233.69,706.41
ORD100252,2025-10-08,CUST1533,Books,Fiction Novel,West,Mobile App,Debit Card,4,419.83,0.25,1259.49,318.36
ORD100253,2025-09-13,CUST1227,Electronics,Power Bank,West,Website,Net Banking,1,976.05,0.2,780.84,105.49
ORD100254,2025-11-25,CUST2190,Electronics,Power Bank,East,Mobile App,Debit Card,3,1069.0,0.0,3207.0,508.19
ORD100255,2025-11-22,CUST1940,Beauty,Perfume,Central,Mobile App,Credit Card,1,1271.65,0.2,1017.32,335.01
ORD100256,2025-04-28,CUST1054,Fashion,Backpack,South,Mobile App,UPI,1,1362.01,0.0,1362.01,361.36
ORD100257,2025-04-21,CUST1614,Beauty,Perfume,North,Marketplace,UPI,1,1256.74,0.0,1256.74,394.97
ORD100258,2025-12-06,CUST1119,Beauty,Face Wash,West,Website,UPI,4,400.52,0.15,1361.77,401.91
ORD100259,2025-05-14,CUST1665,Electronics,USB-C Hub,North,Mobile App,UPI,1,1173.5,0.15,997.48,153.67
ORD100260,2025-05-15,CUST1623,Fashion,Running Shoes,East,Website,Cash on Delivery,1,2206.95,0.1,1986.26,565.7
ORD100261,2025-06-06,CUST1610,Beauty,Face Wash,South,Mobile App,Debit Card,1,375.63,0.0,375.63,123.0
ORD100262,2025-11-08,CUST1608,Fashion,Denim Jeans,West,Mobile App,Cash on Delivery,2,1645.96,0.05,3127.32,919.92
ORD100263,2025-06-30,CUST1456,Electronics,Wireless Headphones,West,Website,Debit Card,1,2611.77,0.1,2350.59,309.27
ORD100264,2025-02-26,CUST1559,Home & Kitchen,Mixer Grinder,North,Mobile App,Debit Card,4,3385.17,0.15,11509.58,2031.61
ORD100265,2025-01-15,CUST1736,Books,Machine Learning Basics,Central,Marketplace,Cash on Delivery,2,889.59,0.0,1779.18,446.48
ORD100266,2025-01-03,CUST1990,Fashion,Denim Jeans,Central,Mobile App,Cash on Delivery,2,1403.16,0.1,2525.69,744.1
ORD100267,2025-05-19,CUST1357,Fashion,Cotton T-Shirt,North,Marketplace,UPI,5,739.98,0.2,2959.92,832.33
ORD100268,2025-02-28,CUST1125,Electronics,Bluetooth Speaker,South,Mobile App,Credit Card,5,1687.5,0.15,7171.88,1207.0
ORD100269,2025-11-17,CUST2063,Books,Data Analytics Guide,North,Website,Credit Card,2,698.32,0.1,1256.98,284.03
ORD100270,2025-06-05,CUST1171,Beauty,Shampoo,Central,Website,UPI,1,450.0,0.05,427.5,145.68
ORD100271,2025-11-23,CUST1980,Books,Business Management,West,Mobile App,Cash on Delivery,1,473.63,0.05,449.95,151.81
ORD100272,2025-12-15,CUST1693,Books,Business Management,East,Website,Net Banking,1,511.18,0.25,383.38,81.82
ORD100273,2025-08-09,CUST1709,Books,Data Analytics Guide,East,Mobile App,Credit Card,4,689.35,0.1,2481.66,595.16
ORD100274,2025-11-23,CUST1154,Home & Kitchen,Air Fryer,Central,Website,Net Banking,1,4852.08,0.2,3881.66,842.93
ORD100275,2025-11-20,CUST1271,Fashion,Denim Jeans,East,Mobile App,Credit Card,1,1526.32,0.0,1526.32,461.21
ORD100276,2025-01-04,CUST1290,Beauty,Perfume,North,Mobile App,UPI,2,1370.16,0.05,2603.3,805.67
ORD100277,2025-05-18,CUST1680,Home & Kitchen,Storage Container Set,Central,Website,UPI,1,832.09,0.15,707.28,129.51
ORD100278,2025-08-27,CUST2193,Electronics,USB-C Hub,Central,Mobile App,Debit Card,4,1227.37,0.1,4418.53,710.74
ORD100279,2025-08-16,CUST1504,Books,Fiction Novel,Central,Mobile App,UPI,2,424.28,0.0,848.56,228.76
ORD100280,2025-01-09,CUST1977,Home & Kitchen,Electric Kettle,East,Mobile App,Credit Card,2,1492.61,0.15,2537.44,491.53
ORD100281,2025-02-20,CUST2105,Home & Kitchen,Non-Stick Pan,North,Website,UPI,2,1202.86,0.1,2165.15,471.63
ORD100282,2025-05-06,CUST1313,Electronics,Smart Watch,North,Website,UPI,3,3049.62,0.0,9148.86,1683.42
ORD100283,2025-07-02,CUST1192,Electronics,USB-C Hub,North,Website,Credit Card,5,1391.63,0.15,5914.43,1014.0
ORD100284,2025-03-19,CUST1826,Fashion,Running Shoes,North,Marketplace,Credit Card,1,2080.68,0.15,1768.58,569.24
ORD100285,2025-10-10,CUST1390,Electronics,Smart Watch,Central,Marketplace,Debit Card,2,3435.05,0.1,6183.09,628.69
ORD100286,2025-05-31,CUST2046,Books,Business Management,East,Mobile App,UPI,3,529.82,0.15,1351.04,383.35
ORD100287,2025-04-23,CUST2036,Home & Kitchen,Air Fryer,Central,Website,UPI,3,5480.81,0.1,14798.19,2714.44
ORD100288,2025-02-28,CUST2057,Fashion,Cotton T-Shirt,South,Website,Debit Card,1,751.84,0.1,676.66,181.07
ORD100289,2025-08-03,CUST1215,Home & Kitchen,Electric Kettle,East,Mobile App,Debit Card,1,1561.08,0.25,1170.81,254.68
ORD100290,2025-03-03,CUST1202,Books,Data Analytics Guide,North,Website,Credit Card,4,811.13,0.0,3244.52,880.49
ORD100291,2025-09-23,CUST1098,Books,Python Programming,North,Mobile App,Debit Card,2,623.51,0.1,1122.32,249.48
ORD100292,2025-08-18,CUST1020,Fashion,Denim Jeans,East,Website,Debit Card,2,1372.18,0.0,2744.36,654.44
ORD100293,2025-02-17,CUST1745,Fashion,Casual Shirt,East,Website,Credit Card,2,1143.22,0.0,2286.44,708.22
ORD100294,2025-11-11,CUST1662,Books,Python Programming,East,Marketplace,UPI,1,592.9,0.1,533.61,146.93
ORD100295,2025-05-17,CUST2188,Fashion,Denim Jeans,East,Marketplace,Credit Card,1,1364.24,0.1,1227.82,362.86
ORD100296,2025-11-26,CUST1370,Books,Data Analytics Guide,East,Website,UPI,2,706.26,0.1,1271.27,312.64
ORD100297,2025-02-10,CUST1170,Beauty,Face Wash,South,Mobile App,UPI,1,379.75,0.1,341.78,124.32
ORD100298,2025-03-10,CUST1299,Electronics,USB-C Hub,South,Website,Credit Card,1,1233.63,0.0,1233.63,239.99
ORD100299,2025-05-07,CUST1275,Beauty,Moisturizer,West,Marketplace,Credit Card,2,610.36,0.05,1159.68,393.37
ORD100300,2025-09-21,CUST1691,Electronics,Bluetooth Speaker,South,Website,UPI,2,1710.26,0.25,2565.39,389.09
ORD100301,2025-05-03,CUST1742,Beauty,Face Wash,South,Mobile App,Credit Card,3,432.14,0.2,1037.14,357.8
ORD100302,2025-07-05,CUST1772,Electronics,USB-C Hub,Central,Mobile App,UPI,1,1299.02,0.15,1104.17,170.12
ORD100303,2025-05-13,CUST1714,Electronics,Wireless Headphones,West,Mobile App,Cash on Delivery,2,2453.85,0.1,4416.93,629.5
ORD100304,2025-05-20,CUST1283,Beauty,Shampoo,South,Mobile App,UPI,1,529.52,0.0,529.52,162.93
ORD100305,2025-04-20,CUST1314,Home & Kitchen,Non-Stick Pan,North,Website,Cash on Delivery,3,1384.24,0.0,4152.72,888.83
ORD100306,2025-03-28,CUST1465,Electronics,Power Bank,West,Marketplace,Debit Card,2,937.83,0.2,1500.53,262.83
ORD100307,2025-02-14,CUST1597,Home & Kitchen,Mixer Grinder,South,Mobile App,Net Banking,1,3620.52,0.0,3620.52,630.24
ORD100308,2025-05-02,CUST2020,Home & Kitchen,Mixer Grinder,East,Website,Credit Card,1,3438.96,0.15,2923.12,638.98
ORD100309,2025-10-16,CUST1958,Fashion,Casual Shirt,North,Mobile App,Debit Card,1,1258.8,0.1,1132.92,316.11
ORD100310,2025-04-03,CUST1239,Beauty,Face Wash,Central,Mobile App,Credit Card,1,385.24,0.1,346.72,112.88
ORD100311,2025-04-13,CUST1821,Books,Data Analytics Guide,North,Website,Net Banking,2,691.22,0.15,1175.07,325.86
ORD100312,2025-10-09,CUST2168,Electronics,Power Bank,North,Mobile App,Debit Card,1,1076.05,0.05,1022.25,181.86
ORD100313,2025-07-25,CUST1339,Beauty,Perfume,East,Marketplace,Cash on Delivery,3,1388.2,0.1,3748.14,1302.15
ORD100314,2025-02-17,CUST1194,Fashion,Backpack,West,Website,Debit Card,1,1440.35,0.0,1440.35,380.77
ORD100315,2025-08-09,CUST1635,Books,Machine Learning Basics,South,Website,UPI,2,822.42,0.05,1562.6,379.13
ORD100316,2025-11-27,CUST2146,Home & Kitchen,Air Fryer,East,Marketplace,UPI,2,4873.51,0.05,9259.67,2163.56
ORD100317,2025-11-10,CUST1807,Books,Python Programming,South,Mobile App,UPI,1,614.81,0.0,614.81,128.18
ORD100318,2025-08-08,CUST1925,Electronics,USB-C Hub,South,Marketplace,Debit Card,2,1213.24,0.0,2426.48,498.62
ORD100319,2025-09-26,CUST1267,Fashion,Denim Jeans,East,Website,Credit Card,3,1522.63,0.1,4111.1,1141.61
ORD100320,2025-08-06,CUST1514,Books,Machine Learning Basics,South,Website,Net Banking,2,943.19,0.1,1697.74,372.78
ORD100321,2025-05-09,CUST1990,Fashion,Cotton T-Shirt,Central,Marketplace,Credit Card,1,725.89,0.05,689.6,196.05
ORD100322,2025-07-26,CUST1388,Home & Kitchen,Air Fryer,West,Mobile App,Debit Card,2,4763.68,0.1,8574.62,1833.52
ORD100323,2025-06-25,CUST1902,Electronics,Wireless Headphones,North,Marketplace,Cash on Delivery,1,2381.05,0.05,2262.0,417.34
ORD100324,2025-09-21,CUST1331,Home & Kitchen,Storage Container Set,North,Mobile App,UPI,1,928.99,0.0,928.99,194.06
ORD100325,2025-09-10,CUST1781,Electronics,USB-C Hub,North,Marketplace,Cash on Delivery,3,1411.64,0.15,3599.68,796.38
ORD100326,2025-03-27,CUST1166,Books,Business Management,South,Mobile App,UPI,1,457.11,0.05,434.25,95.79
ORD100327,2025-03-09,CUST1383,Electronics,Smart Watch,East,Website,Debit Card,1,3588.27,0.05,3408.86,404.6
ORD100328,2025-07-02,CUST1540,Home & Kitchen,Non-Stick Pan,Central,Mobile App,Credit Card,2,1394.71,0.05,2649.95,432.27
ORD100329,2025-07-08,CUST1914,Home & Kitchen,Electric Kettle,East,Mobile App,UPI,2,1696.35,0.15,2883.79,534.05
ORD100330,2025-12-11,CUST2001,Books,Fiction Novel,South,Mobile App,Debit Card,2,363.44,0.1,654.19,165.57
ORD100331,2025-05-22,CUST1434,Beauty,Face Wash,North,Mobile App,Debit Card,1,415.37,0.1,373.83,128.53
ORD100332,2025-04-04,CUST1013,Books,Machine Learning Basics,Central,Mobile App,Net Banking,4,905.46,0.1,3259.66,853.52
ORD100333,2025-07-28,CUST1640,Fashion,Denim Jeans,West,Marketplace,Cash on Delivery,2,1377.55,0.1,2479.59,670.74
ORD100334,2025-08-03,CUST1088,Fashion,Backpack,North,Marketplace,UPI,5,1450.33,0.05,6889.07,1959.52
ORD100335,2025-04-29,CUST1945,Books,Python Programming,North,Marketplace,Cash on Delivery,1,640.62,0.0,640.62,151.88
ORD100336,2025-09-08,CUST1276,Electronics,Smart Watch,South,Website,UPI,3,3243.72,0.0,9731.16,1509.19
ORD100337,2025-07-11,CUST1904,Electronics,Power Bank,Central,Website,UPI,2,1095.96,0.0,2191.92,328.16
ORD100338,2025-10-09,CUST2110,Home & Kitchen,Mixer Grinder,West,Website,UPI,1,3360.77,0.25,2520.58,473.61
ORD100339,2025-09-23,CUST2152,Books,Data Analytics Guide,East,Website,UPI,3,779.96,0.1,2105.89,522.47
ORD100340,2025-04-16,CUST1181,Books,Python Programming,South,Mobile App,Debit Card,1,575.81,0.15,489.44,107.46
ORD100341,2025-02-09,CUST1660,Fashion,Casual Shirt,South,Website,Credit Card,5,1238.38,0.0,6191.9,1968.53
ORD100342,2025-08-15,CUST1048,Beauty,Shampoo,South,Website,Debit Card,1,532.76,0.05,506.12,166.49
ORD100343,2025-09-27,CUST1310,Home & Kitchen,Storage Container Set,West,Marketplace,Cash on Delivery,3,956.15,0.1,2581.6,522.41
ORD100344,2025-08-10,CUST1758,Beauty,Sunscreen,South,Marketplace,Debit Card,1,708.91,0.0,708.91,257.47
ORD100345,2025-11-11,CUST1349,Fashion,Cotton T-Shirt,Central,Website,Debit Card,3,664.44,0.2,1594.66,434.35
ORD100346,2025-01-13,CUST1639,Electronics,Power Bank,South,Mobile App,Debit Card,3,948.98,0.05,2704.59,482.7
ORD100347,2025-04-19,CUST1328,Beauty,Shampoo,East,Website,Cash on Delivery,1,484.15,0.0,484.15,164.96
ORD100348,2025-09-03,CUST1722,Fashion,Cotton T-Shirt,North,Mobile App,Cash on Delivery,3,727.31,0.1,1963.74,548.51
ORD100349,2025-04-26,CUST1143,Home & Kitchen,Electric Kettle,North,Mobile App,Debit Card,1,1448.84,0.0,1448.84,294.88
ORD100350,2025-01-01,CUST2068,Electronics,USB-C Hub,East,Mobile App,UPI,1,1390.7,0.2,1112.56,118.75
ORD100351,2025-11-17,CUST1107,Home & Kitchen,Non-Stick Pan,South,Website,Debit Card,2,1198.09,0.1,2156.56,387.39
ORD100352,2025-02-25,CUST1390,Electronics,Wireless Headphones,South,Website,Debit Card,1,2527.22,0.2,2021.78,295.87
ORD100353,2025-04-14,CUST1871,Home & Kitchen,Mixer Grinder,West,Mobile App,Debit Card,1,3442.02,0.05,3269.92,553.19
ORD100354,2025-03-09,CUST1177,Electronics,USB-C Hub,East,Website,Credit Card,3,1415.17,0.2,3396.41,458.25
ORD100355,2025-12-26,CUST1796,Fashion,Cotton T-Shirt,North,Website,Cash on Delivery,2,716.15,0.25,1074.22,271.55
ORD100356,2025-05-17,CUST1367,Fashion,Running Shoes,West,Website,UPI,1,2240.38,0.2,1792.3,444.52
ORD100357,2025-12-26,CUST2034,Home & Kitchen,Electric Kettle,East,Marketplace,Net Banking,1,1440.71,0.0,1440.71,297.66
ORD100358,2025-10-09,CUST1162,Beauty,Face Wash,South,Marketplace,Cash on Delivery,1,376.05,0.1,338.44,114.44
ORD100359,2025-04-26,CUST1446,Home & Kitchen,Mixer Grinder,Central,Mobile App,UPI,1,3659.75,0.2,2927.8,660.11
ORD100360,2025-03-11,CUST1625,Fashion,Denim Jeans,East,Website,Debit Card,1,1569.12,0.1,1412.21,405.7
ORD100361,2025-05-18,CUST1345,Fashion,Denim Jeans,West,Website,Net Banking,1,1610.83,0.1,1449.75,379.06
ORD100362,2025-08-25,CUST1870,Beauty,Perfume,Central,Website,Cash on Delivery,1,1188.76,0.05,1129.32,408.27
ORD100363,2025-08-08,CUST1606,Beauty,Shampoo,North,Website,Net Banking,2,535.27,0.05,1017.01,332.89
ORD100364,2025-10-05,CUST1552,Home & Kitchen,Electric Kettle,Central,Mobile App,UPI,1,1455.97,0.15,1237.57,259.2
ORD100365,2025-06-24,CUST1529,Fashion,Denim Jeans,South,Website,Net Banking,3,1595.14,0.1,4306.88,1067.33
ORD100366,2025-05-23,CUST1269,Home & Kitchen,Storage Container Set,North,Website,UPI,3,848.88,0.05,2419.31,399.36
ORD100367,2025-01-20,CUST1390,Electronics,Power Bank,East,Mobile App,Cash on Delivery,4,1035.74,0.1,3728.66,594.08
ORD100368,2025-03-04,CUST1751,Fashion,Backpack,West,Mobile App,Debit Card,1,1326.01,0.1,1193.41,318.82
ORD100369,2025-12-29,CUST2074,Electronics,Smart Watch,North,Website,Debit Card,1,3519.14,0.15,2991.27,361.84
ORD100370,2025-07-06,CUST1732,Fashion,Backpack,West,Website,UPI,1,1369.69,0.0,1369.69,430.76
ORD100371,2025-11-09,CUST1976,Books,Business Management,East,Website,UPI,1,499.24,0.15,424.35,108.48
ORD100372,2025-06-22,CUST1663,Electronics,Power Bank,Central,Website,Cash on Delivery,1,1045.25,0.15,888.46,157.54
ORD100373,2025-04-06,CUST1457,Electronics,USB-C Hub,Central,Marketplace,UPI,1,1406.83,0.05,1336.49,211.95
ORD100374,2025-12-03,CUST1809,Books,Business Management,East,Website,Debit Card,3,520.24,0.15,1326.61,372.08
ORD100375,2025-08-13,CUST1113,Beauty,Face Wash,East,Marketplace,UPI,1,421.61,0.05,400.53,144.69
ORD100376,2025-08-25,CUST1368,Fashion,Backpack,North,Mobile App,Debit Card,1,1412.0,0.05,1341.4,411.49
ORD100377,2025-03-26,CUST1405,Beauty,Face Wash,Central,Website,UPI,1,371.84,0.05,353.25,112.69
ORD100378,2025-11-27,CUST1784,Home & Kitchen,Electric Kettle,North,Website,Net Banking,4,1573.3,0.0,6293.2,1248.8
ORD100379,2025-09-03,CUST1642,Beauty,Face Wash,South,Website,Debit Card,3,383.55,0.0,1150.65,318.41
ORD100380,2025-09-10,CUST1465,Home & Kitchen,Non-Stick Pan,West,Marketplace,Cash on Delivery,1,1385.35,0.15,1177.55,279.52
ORD100381,2025-03-12,CUST2148,Electronics,USB-C Hub,Central,Website,UPI,1,1331.85,0.05,1265.26,172.96
ORD100382,2025-01-27,CUST2012,Home & Kitchen,Non-Stick Pan,Central,Website,UPI,1,1317.7,0.15,1120.04,189.79
ORD100383,2025-11-14,CUST1221,Home & Kitchen,Electric Kettle,West,Marketplace,Cash on Delivery,1,1450.19,0.05,1377.68,242.96
ORD100384,2025-05-28,CUST2033,Home & Kitchen,Air Fryer,West,Website,UPI,1,4739.58,0.15,4028.64,866.99
ORD100385,2025-07-08,CUST1415,Fashion,Casual Shirt,East,Marketplace,Debit Card,1,1240.07,0.05,1178.07,356.16
ORD100386,2025-05-24,CUST1016,Home & Kitchen,Electric Kettle,Central,Website,UPI,1,1544.73,0.1,1390.26,341.64
ORD100387,2025-04-16,CUST2132,Electronics,Power Bank,East,Website,Cash on Delivery,3,902.34,0.15,2300.97,406.32
ORD100388,2025-07-01,CUST1962,Fashion,Backpack,North,Mobile App,Credit Card,1,1301.57,0.2,1041.26,272.7
ORD100389,2025-12-27,CUST1554,Home & Kitchen,Non-Stick Pan,Central,Mobile App,UPI,2,1227.89,0.15,2087.41,449.77
ORD100390,2025-03-30,CUST1012,Electronics,Bluetooth Speaker,North,Mobile App,UPI,1,1883.25,0.05,1789.09,227.38
ORD100391,2025-06-08,CUST1569,Electronics,Bluetooth Speaker,South,Website,Cash on Delivery,3,1792.78,0.15,4571.59,867.98
ORD100392,2025-12-23,CUST1674,Fashion,Backpack,South,Website,UPI,1,1360.6,0.1,1224.54,371.06
ORD100393,2025-06-13,CUST1148,Beauty,Shampoo,South,Mobile App,UPI,2,527.42,0.25,791.13,221.67
ORD100394,2025-08-19,CUST1710,Beauty,Sunscreen,West,Website,Debit Card,4,674.65,0.0,2698.6,922.53
ORD100395,2025-12-09,CUST1616,Fashion,Running Shoes,East,Website,Cash on Delivery,4,2280.92,0.1,8211.31,2439.3
ORD100396,2025-10-15,CUST1936,Electronics,Smart Watch,Central,Marketplace,Credit Card,1,3137.01,0.0,3137.01,477.24
ORD100397,2025-05-09,CUST1940,Fashion,Cotton T-Shirt,East,Marketplace,Cash on Delivery,1,722.24,0.25,541.68,144.35
ORD100398,2025-02-27,CUST2135,Home & Kitchen,Electric Kettle,North,Website,Debit Card,1,1724.14,0.1,1551.73,258.14
ORD100399,2025-07-31,CUST1276,Beauty,Perfume,North,Marketplace,Credit Card,2,1263.84,0.15,2148.53,645.14
ORD100400,2025-03-27,CUST1052,Books,Business Management,Central,Mobile App,UPI,2,467.73,0.0,935.46,241.95
ORD100401,2025-07-30,CUST1752,Electronics,Bluetooth Speaker,East,Mobile App,Credit Card,2,1720.66,0.05,3269.25,598.39
ORD100402,2025-10-02,CUST1902,Electronics,Bluetooth Speaker,West,Website,Debit Card,1,1954.63,0.1,1759.17,248.31
ORD100403,2025-05-20,CUST1046,Books,Business Management,Central,Website,UPI,1,538.28,0.0,538.28,148.17
ORD100404,2025-01-07,CUST1366,Beauty,Face Wash,South,Website,Cash on Delivery,4,409.22,0.2,1309.5,443.56
ORD100405,2025-06-13,CUST1782,Home & Kitchen,Electric Kettle,East,Mobile App,Cash on Delivery,2,1749.09,0.05,3323.27,649.58
ORD100406,2025-12-24,CUST1618,Fashion,Running Shoes,East,Mobile App,Credit Card,1,2122.04,0.2,1697.63,454.36
ORD100407,2025-11-02,CUST1742,Fashion,Cotton T-Shirt,East,Website,UPI,4,719.8,0.25,2159.4,600.45
ORD100408,2025-09-17,CUST1071,Home & Kitchen,Electric Kettle,South,Marketplace,Credit Card,1,1637.37,0.15,1391.76,236.76
ORD100409,2025-06-05,CUST1508,Home & Kitchen,Air Fryer,Central,Website,UPI,1,5028.96,0.15,4274.62,738.32
ORD100410,2025-02-08,CUST1542,Home & Kitchen,Non-Stick Pan,East,Mobile App,Cash on Delivery,2,1305.15,0.05,2479.78,513.8
ORD100411,2025-07-19,CUST1598,Home & Kitchen,Electric Kettle,East,Mobile App,Credit Card,1,1739.99,0.0,1739.99,372.34
ORD100412,2025-12-16,CUST1155,Books,Python Programming,North,Marketplace,UPI,3,556.97,0.15,1420.27,326.18
ORD100413,2025-09-16,CUST2159,Electronics,Smart Watch,East,Mobile App,Debit Card,1,3259.32,0.1,2933.39,429.0
ORD100414,2025-07-29,CUST1881,Books,Machine Learning Basics,South,Mobile App,Credit Card,1,956.62,0.15,813.13,200.29
ORD100415,2025-08-12,CUST1220,Beauty,Moisturizer,East,Mobile App,Credit Card,3,610.81,0.05,1740.81,559.31
ORD100416,2025-11-26,CUST1890,Electronics,Power Bank,Central,Website,UPI,2,1051.69,0.1,1893.04,330.18
ORD100417,2025-01-08,CUST1122,Beauty,Perfume,West,Mobile App,UPI,1,1182.39,0.05,1123.27,277.18
ORD100418,2025-11-23,CUST1015,Electronics,Power Bank,South,Website,Credit Card,5,939.43,0.05,4462.29,942.99
ORD100419,2025-12-11,CUST1937,Fashion,Cotton T-Shirt,West,Website,Cash on Delivery,1,711.47,0.1,640.32,190.71
ORD100420,2025-10-11,CUST1658,Beauty,Sunscreen,East,Website,Debit Card,1,758.84,0.0,758.84,241.33
ORD100421,2025-09-06,CUST1994,Fashion,Casual Shirt,East,Marketplace,Credit Card,2,1178.3,0.1,2120.94,575.22
ORD100422,2025-12-04,CUST2090,Books,Fiction Novel,South,Mobile App,Credit Card,1,366.84,0.0,366.84,92.25
ORD100423,2025-08-04,CUST1233,Books,Fiction Novel,North,Website,Cash on Delivery,1,387.03,0.15,328.98,82.62
ORD100424,2025-07-06,CUST1915,Electronics,Smart Watch,West,Marketplace,Net Banking,1,3451.33,0.1,3106.2,500.97
ORD100425,2025-11-06,CUST1662,Electronics,Bluetooth Speaker,West,Mobile App,Credit Card,3,1853.79,0.1,5005.23,930.5
ORD100426,2025-03-26,CUST1065,Electronics,USB-C Hub,East,Mobile App,Credit Card,2,1317.65,0.1,2371.77,470.53
ORD100427,2025-10-28,CUST1940,Home & Kitchen,Storage Container Set,South,Website,Net Banking,2,912.59,0.0,1825.18,482.3
ORD100428,2025-09-02,CUST1109,Home & Kitchen,Electric Kettle,North,Mobile App,Debit Card,1,1662.75,0.05,1579.61,262.29
ORD100429,2025-01-25,CUST1058,Fashion,Backpack,South,Website,Cash on Delivery,1,1347.88,0.2,1078.3,306.32
ORD100430,2025-12-21,CUST1146,Home & Kitchen,Storage Container Set,North,Website,UPI,1,827.92,0.0,827.92,157.94
ORD100431,2025-08-14,CUST1221,Home & Kitchen,Mixer Grinder,East,Marketplace,Debit Card,1,3164.89,0.2,2531.91,565.64
ORD100432,2025-08-24,CUST1872,Home & Kitchen,Mixer Grinder,South,Website,Credit Card,2,3275.61,0.05,6223.66,1273.49
ORD100433,2025-09-01,CUST1274,Fashion,Denim Jeans,West,Website,UPI,1,1598.4,0.0,1598.4,484.15
ORD100434,2025-07-28,CUST1272,Fashion,Running Shoes,East,Mobile App,Debit Card,2,2376.65,0.15,4040.3,1206.98
ORD100435,2025-04-15,CUST2032,Fashion,Denim Jeans,East,Website,UPI,3,1593.76,0.0,4781.28,1239.11
ORD100436,2025-06-13,CUST1376,Books,Fiction Novel,Central,Mobile App,UPI,1,431.18,0.0,431.18,115.07
ORD100437,2025-12-07,CUST2175,Beauty,Shampoo,Central,Website,Net Banking,2,517.01,0.2,827.22,289.79
ORD100438,2025-05-10,CUST1665,Beauty,Face Wash,Central,Website,Debit Card,1,385.32,0.0,385.32,127.93
ORD100439,2025-11-11,CUST1956,Beauty,Sunscreen,East,Mobile App,Cash on Delivery,1,688.86,0.1,619.97,185.46
ORD100440,2025-07-02,CUST1270,Beauty,Face Wash,North,Mobile App,Debit Card,1,419.05,0.2,335.24,113.68
ORD100441,2025-03-24,CUST1173,Electronics,Wireless Headphones,Central,Marketplace,Net Banking,1,2492.09,0.0,2492.09,348.21
ORD100442,2025-12-03,CUST1686,Home & Kitchen,Electric Kettle,East,Mobile App,UPI,4,1657.38,0.05,6298.04,1084.2
ORD100443,2025-12-25,CUST1827,Home & Kitchen,Air Fryer,East,Marketplace,UPI,1,4504.24,0.1,4053.82,836.06
ORD100444,2025-07-15,CUST2059,Books,Python Programming,East,Mobile App,UPI,5,610.72,0.0,3053.6,720.02
ORD100445,2025-06-27,CUST1575,Books,Python Programming,West,Mobile App,UPI,1,640.82,0.05,608.78,157.35
ORD100446,2025-04-09,CUST1116,Fashion,Backpack,Unknown,Marketplace,UPI,5,1520.01,0.2,6080.04,1651.62
ORD100447,2025-09-21,CUST1387,Home & Kitchen,Non-Stick Pan,Central,Website,Debit Card,1,1275.04,0.2,1020.03,231.17
ORD100448,2025-08-24,CUST1334,Home & Kitchen,Non-Stick Pan,North,Website,UPI,2,1422.61,0.05,2702.96,638.75
ORD100449,2025-03-30,CUST2118,Fashion,Backpack,Central,Mobile App,Credit Card,1,1276.76,0.05,1212.92,260.19
ORD100450,2025-09-30,CUST1848,Beauty,Perfume,South,Website,Cash on Delivery,3,1337.64,0.05,3812.27,1086.78
ORD100451,2025-07-20,CUST1709,Fashion,Cotton T-Shirt,South,Website,UPI,5,689.95,0.2,2759.8,741.15
ORD100452,2025-01-18,CUST1327,Books,Data Analytics Guide,North,Website,Debit Card,1,692.13,0.0,692.13,170.28
ORD100453,2025-08-16,CUST1318,Home & Kitchen,Storage Container Set,South,Website,UPI,1,876.49,0.1,788.84,146.21
ORD100454,2025-06-20,CUST1295,Electronics,Power Bank,Central,Mobile App,Net Banking,1,989.45,0.15,841.03,141.48
ORD100455,2025-09-20,CUST1582,Books,Business Management,South,Mobile App,Cash on Delivery,1,502.49,0.0,502.49,118.27
ORD100456,2025-11-28,CUST1691,Books,Business Management,West,Marketplace,UPI,1,502.46,0.2,401.97,110.6
ORD100457,2025-11-12,CUST1611,Home & Kitchen,Mixer Grinder,Central,Marketplace,Cash on Delivery,1,3525.3,0.0,3525.3,645.35
ORD100458,2025-09-04,CUST1122,Fashion,Cotton T-Shirt,North,Website,Debit Card,2,746.53,0.05,1418.41,393.22
ORD100459,2025-11-17,CUST1179,Books,Business Management,North,Website,Net Banking,2,461.46,0.0,922.92,234.91
ORD100460,2025-04-10,CUST1586,Electronics,Power Bank,East,Website,Net Banking,1,941.51,0.0,941.51,181.32
ORD100461,2025-11-23,CUST1608,Books,Fiction Novel,East,Mobile App,UPI,1,382.16,0.05,363.05,99.23
ORD100462,2025-08-27,CUST1501,Home & Kitchen,Non-Stick Pan,south,Website,UPI,3,1361.21,0.1,3675.27,529.86
ORD100463,2025-02-24,CUST1704,Home & Kitchen,Electric Kettle,East,Marketplace,UPI,1,1522.54,0.25,1141.9,254.12
ORD100464,2025-06-03,CUST1079,Beauty,Face Wash,East,Website,UPI,2,408.6,0.1,735.48,254.85
ORD100465,2025-06-29,CUST1518,Books,Business Management,South,Website,Credit Card,3,518.62,0.2,1244.69,318.88
ORD100466,2025-06-19,CUST1056,Beauty,Shampoo,North,Mobile App,Debit Card,1,468.73,0.05,445.29,156.78
ORD100467,2025-08-03,CUST1444,Beauty,Sunscreen,South,Website,UPI,3,654.29,0.0,1962.87,612.03
ORD100468,2025-04-30,CUST1609,Fashion,Casual Shirt,North,Website,Net Banking,1,1127.58,0.1,1014.82,304.47
ORD100469,2025-05-29,CUST1695,Home & Kitchen,Non-Stick Pan,Central,Mobile App,Credit Card,1,1249.04,0.2,999.23,216.4
ORD100470,2025-06-06,CUST1735,Electronics,USB-C Hub,West,Marketplace,Debit Card,4,1254.27,0.05,4766.23,666.42
ORD100471,2025-12-12,CUST1538,Fashion,Casual Shirt,North,Mobile App,UPI,1,1154.41,0.1,1038.97,301.52
ORD100472,2025-03-17,CUST1177,Fashion,Backpack,East,Website,Net Banking,1,1515.74,0.1,1364.17,371.38
ORD100473,2025-11-06,CUST2153,Home & Kitchen,Non-Stick Pan,North,Website,UPI,3,1325.34,0.05,3777.22,701.94
ORD100474,2025-03-12,CUST1811,Home & Kitchen,Storage Container Set,South,Website,UPI,1,920.43,0.1,828.39,166.82
ORD100475,2025-04-18,CUST2164,Beauty,Perfume,South,Mobile App,Debit Card,1,1196.67,0.1,1077.0,387.64
ORD100476,2025-03-07,CUST1746,Home & Kitchen,Electric Kettle,North,Website,UPI,2,1602.51,0.1,2884.52,470.82
ORD100477,2025-04-10,CUST1078,Home & Kitchen,Non-Stick Pan,East,Website,Debit Card,2,1391.74,0.2,2226.78,551.56
ORD100478,2025-08-10,CUST2075,Electronics,USB-C Hub,East,Website,Net Banking,1,1254.27,0.15,1066.13,168.65
ORD100479,2025-01-09,CUST1093,Electronics,Smart Watch,North,Mobile App,Debit Card,2,3149.96,0.15,5354.93,966.99
ORD100480,2025-01-14,CUST1778,Books,Data Analytics Guide,West,Website,UPI,2,739.32,0.25,1108.98,296.19
ORD100481,2025-01-04,CUST1938,Fashion,Denim Jeans,Central,Mobile App,Debit Card,2,1385.47,0.05,2632.39,900.6
ORD100482,2025-12-20,CUST1774,Books,Data Analytics Guide,Central,Mobile App,Debit Card,2,812.31,0.15,1380.93,388.48
ORD100483,2025-04-22,CUST2032,Fashion,Cotton T-Shirt,West,Website,Credit Card,1,668.19,0.0,668.19,200.74
ORD100484,2025-06-16,CUST2044,Fashion,Denim Jeans,North,Website,Debit Card,1,1516.44,0.05,1440.62,424.79
ORD100485,2025-10-21,CUST1920,Electronics,USB-C Hub,East,Website,Cash on Delivery,1,1390.5,0.0,1390.5,227.29
ORD100486,2025-01-18,CUST1732,Fashion,Backpack,North,Mobile App,Net Banking,1,1387.13,0.1,1248.42,333.82
ORD100487,2025-08-14,CUST1057,Electronics,Bluetooth Speaker,West,Website,Credit Card,2,1895.7,0.0,3791.4,513.26
ORD100488,2025-08-14,CUST1596,Beauty,Face Wash,East,Marketplace,UPI,3,380.04,0.1,1026.11,333.45
ORD100489,2025-01-13,CUST2066,Fashion,Backpack,East,Mobile App,UPI,3,1323.83,0.05,3772.92,1123.11
ORD100490,2025-11-05,CUST2017,Electronics,Smart Watch,South,Marketplace,Debit Card,1,3178.94,0.2,2543.15,581.66
ORD100491,2025-04-18,CUST1668,Fashion,Backpack,South,Website,Debit Card,1,1320.75,0.1,1188.68,340.65
ORD100492,2025-05-31,CUST1936,Electronics,Power Bank,West,Marketplace,UPI,1,1069.12,0.05,1015.66,151.95
ORD100493,2025-05-07,CUST2064,Fashion,Casual Shirt,West,Mobile App,UPI,3,1228.62,0.0,3685.86,940.66
ORD100494,2025-05-31,CUST1496,Electronics,Power Bank,Central,Website,Cash on Delivery,1,940.87,0.15,799.74,115.3
ORD100495,2025-10-27,CUST1357,Electronics,Smart Watch,North,Website,Credit Card,1,3476.53,0.1,3128.88,472.17
ORD100496,2025-11-29,CUST1615,Books,Machine Learning Basics,South,Mobile App,Net Banking,3,833.14,0.2,1999.54,502.37
ORD100497,2025-07-01,CUST1307,Electronics,USB-C Hub,South,Website,Cash on Delivery,2,1225.0,0.1,2205.0,305.23
ORD100498,2025-01-09,CUST1573,Fashion,Running Shoes,Central,Website,Cash on Delivery,5,2242.54,0.15,9530.8,2281.93
ORD100499,2025-06-19,CUST1588,Electronics,Bluetooth Speaker,West,Website,Credit Card,2,1760.77,0.1,3169.39,636.23
ORD100500,2025-06-23,CUST2194,Electronics,Bluetooth Speaker,South,Mobile App,Debit Card,1,1962.33,0.2,1569.86,236.55
ORD100501,2025-06-17,CUST1560,Home & Kitchen,Mixer Grinder,East,Mobile App,Net Banking,1,3558.69,0.05,3380.76,679.41
ORD100502,2025-07-14,CUST1854,Fashion,Denim Jeans,South,Marketplace,Credit Card,2,1588.28,0.2,2541.25,803.07
ORD100503,2025-07-26,CUST1151,Electronics,Power Bank,West,Website,Credit Card,1,1074.47,0.0,1074.47,177.91
ORD100504,2025-03-03,CUST1420,Fashion,Backpack,West,Mobile App,Cash on Delivery,3,1344.41,0.0,4033.23,1256.6
ORD100505,2025-01-10,CUST2152,Electronics,Wireless Headphones,East,Mobile App,UPI,1,2415.4,0.2,1932.32,244.96
ORD100506,2025-02-27,CUST1697,Books,Fiction Novel,West,Mobile App,Credit Card,2,365.42,0.0,730.84,181.59
ORD100507,2025-10-19,CUST1095,Electronics,USB-C Hub,North,Marketplace,UPI,2,1198.18,0.1,2156.72,420.14
ORD100508,2025-04-30,CUST2081,Fashion,Running Shoes,Central,Marketplace,Debit Card,1,2197.24,0.25,1647.93,474.86
ORD100509,2025-02-24,CUST1684,Fashion,Denim Jeans,Central,Marketplace,Credit Card,2,1373.86,0.0,2747.72,803.3
ORD100510,2025-11-18,CUST1275,Beauty,Sunscreen,East,Mobile App,Credit Card,1,677.64,0.15,575.99,143.21
ORD100511,2025-01-17,CUST1837,Fashion,Casual Shirt,South,Website,Credit Card,2,1082.5,0.05,2056.75,671.36
ORD100512,2025-06-07,CUST1204,Fashion,Running Shoes,West,Mobile App,UPI,1,2094.71,0.0,2094.71,561.29
ORD100513,2025-04-09,CUST1209,Fashion,Backpack,North,Website,Credit Card,2,1536.18,0.1,2765.12,863.18
ORD100514,2025-03-17,CUST1725,Beauty,Shampoo,North,Mobile App,UPI,3,506.63,0.05,1443.9,440.03
ORD100515,2025-03-23,CUST1428,Electronics,USB-C Hub,South,Website,UPI,2,1388.58,0.0,2777.16,511.84
ORD100516,2025-02-04,CUST1594,Fashion,Cotton T-Shirt,Central,Mobile App,Debit Card,3,663.21,0.25,1492.22,466.45
ORD100517,2025-06-15,CUST1068,Books,Python Programming,North,Website,UPI,3,558.34,0.0,1675.02,394.68
ORD100518,2025-12-25,CUST1658,Fashion,Backpack,South,Website,Credit Card,2,1261.0,0.15,2143.7,581.35
ORD100519,2025-06-11,CUST1710,Books,Machine Learning Basics,South,Mobile App,Debit Card,1,809.59,0.15,688.15,170.67
ORD100520,2025-01-03,CUST1214,Electronics,USB-C Hub,South,Website,UPI,2,1380.78,0.05,2623.48,262.76
ORD100521,2025-05-14,CUST1325,Fashion,Cotton T-Shirt,South,Website,Credit Card,2,705.26,0.0,1410.52,360.22
ORD100522,2025-12-23,CUST2192,Electronics,USB-C Hub,East,Website,Credit Card,3,1277.79,0.1,3450.03,483.65
ORD100523,2025-12-03,CUST1770,Beauty,Shampoo,North,Mobile App,UPI,2,450.36,0.1,810.65,248.12
ORD100524,2025-08-15,CUST1442,Electronics,Smart Watch,West,Mobile App,Debit Card,2,3169.74,0.15,5388.56,773.25
ORD100525,2025-12-02,CUST1640,Books,Python Programming,Central,Website,UPI,1,607.26,0.1,546.53,105.63
ORD100526,2025-07-19,CUST1543,Fashion,Backpack,East,Website,UPI,2,1435.86,0.1,2584.55,663.95
ORD100527,2025-04-01,CUST1750,Books,Machine Learning Basics,South,Marketplace,Debit Card,1,855.51,0.1,769.96,200.27
ORD100528,2025-10-05,CUST1133,Home & Kitchen,Mixer Grinder,South,Mobile App,UPI,3,3553.13,0.1,9593.45,2090.38
ORD100529,2025-12-24,CUST1163,Home & Kitchen,Electric Kettle,South,Marketplace,Credit Card,1,1577.26,0.25,1182.94,228.28
ORD100530,2025-05-28,CUST1493,Fashion,Casual Shirt,East,Website,Credit Card,4,1183.57,0.0,4734.28,1302.16
ORD100531,2025-12-17,CUST2171,Books,Business Management,North,Marketplace,Net Banking,1,543.21,0.1,488.89,128.52
ORD100532,2025-01-11,CUST1097,Electronics,USB-C Hub,South,Website,UPI,1,1374.11,0.1,1236.7,223.22
ORD100533,2025-06-08,CUST1615,Home & Kitchen,Electric Kettle,North,Marketplace,Credit Card,1,1701.92,0.1,1531.73,272.68
ORD100534,2025-03-10,CUST1777,Electronics,Smart Watch,South,Mobile App,Net Banking,1,3011.48,0.1,2710.33,457.27
ORD100535,2025-08-06,CUST2005,Books,Data Analytics Guide,South,Mobile App,UPI,1,752.79,0.0,752.79,186.92
ORD100536,2025-02-16,CUST1863,Home & Kitchen,Air Fryer,Central,Website,Credit Card,1,4511.02,0.0,4511.02,928.15
ORD100537,2025-11-16,CUST1486,Electronics,Smart Watch,Central,Website,Debit Card,3,3130.52,0.1,8452.4,1418.07
ORD100538,2025-04-03,CUST1502,Electronics,USB-C Hub,West,Website,UPI,2,1326.47,0.1,2387.65,287.79
ORD100539,2025-08-13,CUST2097,Electronics,Wireless Headphones,North,Mobile App,UPI,3,2257.85,0.0,6773.55,1298.43
ORD100540,2025-08-09,CUST1554,Electronics,Smart Watch,South,Website,UPI,1,3522.28,0.15,2993.94,500.64
ORD100541,2025-05-05,CUST1067,Electronics,Wireless Headphones,Central,Website,Debit Card,2,2558.85,0.0,5117.7,544.52
ORD100542,2025-04-13,CUST1536,Electronics,Bluetooth Speaker,West,Mobile App,UPI,3,1639.33,0.15,4180.29,687.2
ORD100543,2025-10-28,CUST1845,Books,Machine Learning Basics,North,Website,Cash on Delivery,4,846.84,0.15,2879.26,669.39
ORD100544,2025-07-26,CUST1912,Books,Machine Learning Basics,North,Website,Net Banking,4,835.46,0.1,3007.66,803.16
ORD100545,2025-06-27,CUST1967,Fashion,Running Shoes,East,Mobile App,UPI,1,2255.54,0.25,1691.66,430.07
ORD100546,2025-05-12,CUST1276,Books,Python Programming,South,Mobile App,UPI,1,617.76,0.2,494.21,110.66
ORD100547,2025-05-08,CUST1307,Fashion,Running Shoes,East,Mobile App,Net Banking,1,2208.76,0.0,2208.76,693.47
ORD100548,2025-06-18,CUST1914,Fashion,Running Shoes,South,Mobile App,Debit Card,4,2446.81,0.05,9297.88,2521.08
ORD100549,2025-02-18,CUST1101,Fashion,Backpack,South,Mobile App,Debit Card,1,1386.57,0.2,1109.26,344.36
ORD100550,2025-01-02,CUST1755,Books,Business Management,North,Mobile App,Cash on Delivery,1,462.25,0.2,369.8,94.8
ORD100551,2025-02-01,CUST2098,Home & Kitchen,Non-Stick Pan,East,Website,Net Banking,1,1225.67,0.0,1225.67,218.0
ORD100552,2025-01-29,CUST2138,Beauty,Face Wash,North,Website,Debit Card,1,428.98,0.05,407.53,132.06
ORD100553,2025-01-20,CUST1570,Electronics,Power Bank,North,Marketplace,UPI,1,990.56,0.0,990.56,178.77
ORD100554,2025-08-24,CUST1927,Home & Kitchen,Mixer Grinder,Central,Marketplace,UPI,4,3789.99,0.1,13643.96,2782.67
ORD100555,2025-03-03,CUST1515,Home & Kitchen,Electric Kettle,West,Website,UPI,1,1700.04,0.05,1615.04,312.75
ORD100556,2025-01-31,CUST1047,Books,Python Programming,South,Website,UPI,1,556.31,0.1,500.68,116.87
ORD100557,2025-03-12,CUST1886,Fashion,Denim Jeans,East,Marketplace,Credit Card,2,1568.52,0.0,3137.04,985.35
ORD100558,2025-07-23,CUST1450,Beauty,Perfume,East,Mobile App,Credit Card,1,1270.5,0.2,1016.4,290.21
ORD100559,2025-01-30,CUST1825,Electronics,USB-C Hub,North,Website,Debit Card,1,1396.04,0.05,1326.24,234.96
ORD100560,2025-02-09,CUST1026,Fashion,Casual Shirt,East,Mobile App,Credit Card,2,1113.6,0.0,2227.2,576.91
ORD100561,2025-01-26,CUST1524,Electronics,USB-C Hub,Central,Website,UPI,2,1284.11,0.15,2182.99,385.94
ORD100562,2025-10-06,CUST1018,Fashion,Backpack,South,Website,Cash on Delivery,1,1501.69,0.1,1351.52,359.08
ORD100563,2025-03-13,CUST1988,Beauty,Face Wash,South,Website,UPI,1,397.87,0.1,358.08,130.24
ORD100564,2025-05-31,CUST1944,Home & Kitchen,Electric Kettle,South,Marketplace,Credit Card,2,1641.07,0.1,2953.93,561.93
ORD100565,2025-04-30,CUST1838,Electronics,Smart Watch,North,Mobile App,Credit Card,1,3278.08,0.2,2622.46,400.27
ORD100566,2025-05-09,CUST2115,Home & Kitchen,Non-Stick Pan,West,Mobile App,Cash on Delivery,2,1232.87,0.15,2095.88,370.1
ORD100567,2025-11-10,CUST2198,Electronics,Bluetooth Speaker,Central,Website,UPI,1,1765.5,0.05,1677.22,274.72
ORD100568,2025-06-09,CUST1064,Home & Kitchen,Electric Kettle,East,Website,UPI,4,1556.18,0.0,6224.72,1246.53
ORD100569,2025-10-21,CUST2173,Beauty,Sunscreen,North,Website,Net Banking,1,766.14,0.1,689.53,226.02
ORD100570,2025-06-17,CUST1506,Electronics,USB-C Hub,West,Website,Net Banking,1,1402.28,0.2,1121.82,154.65
ORD100571,2025-06-10,CUST1423,Electronics,Power Bank,Central,Marketplace,Credit Card,1,1089.36,0.0,1089.36,177.74
ORD100572,2025-12-25,CUST1101,Fashion,Cotton T-Shirt,Central,Website,Cash on Delivery,1,708.35,0.2,566.68,141.99
ORD100573,2025-06-18,CUST1737,Books,Machine Learning Basics,North,Website,Net Banking,1,822.08,0.15,698.77,202.52
ORD100574,2025-10-05,CUST1697,Fashion,Cotton T-Shirt,East,Mobile App,Cash on Delivery,1,719.0,0.15,611.15,171.42
ORD100575,2025-12-31,CUST1551,Electronics,Wireless Headphones,North,Website,UPI,1,2522.45,0.1,2270.2,353.86
ORD100576,2025-03-18,CUST1700,Home & Kitchen,Non-Stick Pan,East,Marketplace,Debit Card,1,1356.16,0.0,1356.16,243.21
ORD100577,2025-01-16,CUST2024,Electronics,Power Bank,South,Mobile App,Debit Card,1,1041.69,0.2,833.35,112.62
ORD100578,2025-07-05,CUST1398,Electronics,Wireless Headphones,Central,Website,Net Banking,1,2344.9,0.1,2110.41,350.83
ORD100579,2025-07-08,CUST1017,Fashion,Backpack,East,Website,Net Banking,3,1353.84,0.0,4061.52,1354.34
ORD100580,2025-01-11,CUST1859,Fashion,Running Shoes,South,Website,Credit Card,2,2518.94,0.15,4282.2,1340.13
ORD100581,2025-08-16,CUST2008,Electronics,Smart Watch,North,Website,Credit Card,2,3333.12,0.05,6332.93,1093.54
ORD100582,2025-09-16,CUST1103,Home & Kitchen,Mixer Grinder,North,Mobile App,Cash on Delivery,1,3645.47,0.0,3645.47,723.86
ORD100583,2025-11-11,CUST1991,Books,Fiction Novel,Central,Website,UPI,3,374.92,0.2,899.81,254.66
ORD100584,2025-01-25,CUST1288,Fashion,Denim Jeans,West,Mobile App,UPI,1,1632.04,0.25,1224.03,315.97
ORD100585,2025-12-14,CUST1867,Beauty,Shampoo,East,Marketplace,Net Banking,1,452.9,0.15,384.96,109.46
ORD100586,2025-04-11,CUST1677,Beauty,Shampoo,Central,Mobile App,UPI,2,460.59,0.1,829.06,268.09
ORD100587,2025-07-13,CUST1123,Electronics,USB-C Hub,Central,Website,Debit Card,1,1411.54,0.1,1270.39,198.3
ORD100588,2025-11-19,CUST1935,Electronics,Bluetooth Speaker,West,Mobile App,UPI,2,1959.54,0.1,3527.17,688.11
ORD100589,2025-04-11,CUST1661,Beauty,Sunscreen,South,Website,Credit Card,2,698.09,0.2,1116.94,318.0
ORD100590,2025-03-08,CUST1396,Home & Kitchen,Mixer Grinder,West,Mobile App,UPI,3,3507.35,0.1,9469.84,1837.44
ORD100591,2025-09-19,CUST1850,Beauty,Perfume,Central,Website,UPI,1,1199.32,0.25,899.49,272.51
ORD100592,2025-11-28,CUST1668,Books,Business Management,West,Website,Cash on Delivery,2,463.2,0.2,741.12,203.21
ORD100593,2025-10-07,CUST1618,Fashion,Denim Jeans,Central,Mobile App,UPI,1,1633.27,0.05,1551.61,395.16
ORD100594,2025-06-24,CUST1738,Books,Python Programming,West,Marketplace,UPI,3,557.48,0.05,1588.82,330.19
ORD100595,2025-06-05,CUST1835,Electronics,Power Bank,West,Website,UPI,1,1096.09,0.15,931.68,180.1
ORD100596,2025-07-08,CUST1455,Books,Machine Learning Basics,South,Mobile App,Debit Card,2,964.95,0.2,1543.92,314.15
ORD100597,2025-02-08,CUST1119,Beauty,Moisturizer,East,Website,Credit Card,1,561.57,0.0,561.57,181.4
ORD100598,2025-12-05,CUST2046,Fashion,Running Shoes,East,Website,Credit Card,2,2453.63,0.0,4907.26,1267.45
ORD100599,2025-07-20,CUST1225,Books,Machine Learning Basics,South,Mobile App,Debit Card,5,826.61,0.05,3926.4,844.9
ORD100600,2025-08-25,CUST1155,Home & Kitchen,Non-Stick Pan,North,Mobile App,UPI,2,1389.79,0.1,2501.62,580.59
ORD100601,2025-08-30,CUST1437,Fashion,Backpack,West,Mobile App,UPI,1,1408.92,0.0,1408.92,431.9
ORD100602,2025-08-23,CUST1675,Fashion,Denim Jeans,North,Website,Credit Card,1,1583.82,0.1,1425.44,368.64
ORD100603,2025-11-04,CUST1976,Fashion,Running Shoes,Central,Website,Cash on Delivery,1,2310.93,0.15,1964.29,569.13
ORD100604,2025-04-25,CUST2145,Beauty,Perfume,Central,Mobile App,UPI,1,1191.02,0.15,1012.37,267.76
ORD100605,2025-08-05,CUST2035,Electronics,Bluetooth Speaker,West,Mobile App,UPI,2,1732.59,0.15,2945.4,445.13
ORD100606,2025-10-18,CUST1845,Beauty,Face Wash,West,Mobile App,Net Banking,1,395.86,0.05,376.07,125.06
ORD100607,2025-05-08,CUST2019,Home & Kitchen,Storage Container Set,South,Website,Credit Card,5,916.31,0.15,3894.32,779.72
ORD100608,2025-06-01,CUST1657,Books,Data Analytics Guide,South,Mobile App,Credit Card,4,775.01,0.0,3100.04,756.59
ORD100609,2025-01-23,CUST1859,Fashion,Casual Shirt,North,Website,Debit Card,2,1199.84,0.0,2399.68,684.21
ORD100610,2025-12-11,CUST1099,Beauty,Moisturizer,East,Marketplace,UPI,3,611.04,0.1,1649.81,558.41
ORD100611,2025-06-04,CUST1752,Books,Python Programming,West,Marketplace,Debit Card,2,615.02,0.0,1230.04,367.74
ORD100612,2025-06-15,CUST1861,Books,Fiction Novel,North,Mobile App,UPI,2,435.73,0.1,784.31,160.42
ORD100613,2025-08-12,CUST1518,Electronics,Wireless Headphones,South,Marketplace,UPI,1,2404.54,0.2,1923.63,343.34
ORD100614,2025-04-06,CUST1894,Home & Kitchen,Mixer Grinder,South,Website,Debit Card,1,3812.21,0.15,3240.38,718.08
ORD100615,2025-07-06,CUST1221,Home & Kitchen,Mixer Grinder,East,Mobile App,UPI,2,3691.2,0.1,6644.16,1163.79
ORD100616,2025-02-23,CUST2058,Electronics,Bluetooth Speaker,South,Marketplace,Credit Card,4,1793.32,0.0,7173.28,1172.1
ORD100617,2025-02-14,CUST2132,Home & Kitchen,Mixer Grinder,East,Website,Cash on Delivery,2,3310.33,0.15,5627.56,1392.26
ORD100618,2025-06-24,CUST1996,Beauty,Moisturizer,Central,Mobile App,Credit Card,1,634.51,0.1,571.06,180.97
ORD100619,2025-06-20,CUST1689,Beauty,Sunscreen,North,Mobile App,UPI,2,679.4,0.05,1290.86,411.22
ORD100620,2025-11-07,CUST1537,Home & Kitchen,Mixer Grinder,South,Mobile App,UPI,1,3459.6,0.2,2767.68,432.21
ORD100621,2025-05-21,CUST1595,Electronics,Bluetooth Speaker,South,Marketplace,UPI,3,1632.04,0.1,4406.51,758.58
ORD100622,2025-01-31,CUST1527,Books,Data Analytics Guide,North,Website,UPI,3,750.27,0.05,2138.27,441.64
ORD100623,2025-04-12,CUST2101,Electronics,Bluetooth Speaker,Central,Mobile App,Cash on Delivery,4,1862.38,0.2,5959.62,1091.52
ORD100624,2025-12-29,CUST1875,Books,Fiction Novel,South,Mobile App,UPI,1,432.94,0.2,346.35,94.41
ORD100625,2025-09-19,CUST1530,Beauty,Perfume,South,Website,UPI,1,1303.94,0.25,977.96,338.92
ORD100626,2025-10-14,CUST1475,Fashion,Running Shoes,North,Website,Debit Card,1,2188.05,0.0,2188.05,679.01
ORD100627,2025-01-06,CUST1500,Books,Fiction Novel,Central,Mobile App,Credit Card,2,407.61,0.05,774.46,174.06
ORD100628,2025-02-15,CUST2168,Home & Kitchen,Non-Stick Pan,West,Website,Cash on Delivery,1,1213.12,0.1,1091.81,234.05
ORD100629,2025-04-01,CUST1141,Fashion,Casual Shirt,North,Website,UPI,4,1256.45,0.0,5025.8,1291.88
ORD100630,2025-02-17,CUST1703,Home & Kitchen,Air Fryer,West,Website,Cash on Delivery,1,5353.33,0.15,4550.33,1107.0
ORD100631,2025-11-26,CUST1363,Fashion,Cotton T-Shirt,West,Mobile App,Cash on Delivery,2,761.14,0.0,1522.28,327.71
ORD100632,2025-01-22,CUST1873,Home & Kitchen,Air Fryer,North,Website,Credit Card,2,4746.86,0.0,9493.72,2388.2
ORD100633,2025-02-08,CUST2165,Beauty,Perfume,South,Marketplace,UPI,2,1371.61,0.15,2331.74,734.15
ORD100634,2025-09-16,CUST1811,Fashion,Backpack,East,Website,Credit Card,1,1384.96,0.15,1177.22,312.78
ORD100635,2025-12-26,CUST1084,Home & Kitchen,Non-Stick Pan,South,Mobile App,UPI,3,1347.25,0.2,3233.4,568.61
ORD100636,2025-08-01,CUST2172,Electronics,Power Bank,Central,Marketplace,Debit Card,1,1013.44,0.1,912.1,133.66
ORD100637,2025-01-24,CUST1956,Home & Kitchen,Non-Stick Pan,Central,Mobile App,Credit Card,1,1202.96,0.05,1142.81,211.28
ORD100638,2025-06-12,CUST2189,Books,Data Analytics Guide,North,Website,UPI,2,772.28,0.05,1467.33,393.76
ORD100639,2025-10-15,CUST1426,Home & Kitchen,Air Fryer,South,Mobile App,UPI,1,5297.89,0.15,4503.21,717.15
ORD100640,2025-04-01,CUST1802,Beauty,Moisturizer,North,Mobile App,UPI,1,542.08,0.0,542.08,164.82
ORD100641,2025-10-26,CUST2191,Home & Kitchen,Non-Stick Pan,North,Website,Debit Card,3,1194.7,0.05,3404.9,754.01
ORD100642,2025-06-14,CUST2149,Home & Kitchen,Storage Container Set,North,Mobile App,Net Banking,2,968.55,0.2,1549.68,331.38
ORD100643,2025-05-12,CUST1765,Electronics,Power Bank,East,Website,UPI,4,1060.39,0.1,3817.4,516.83
ORD100644,2025-11-17,CUST2066,Beauty,Face Wash,Central,Website,Debit Card,2,427.88,0.1,770.18,237.77
ORD100645,2025-06-11,CUST2033,Books,Fiction Novel,West,Website,Credit Card,1,403.62,0.05,383.44,107.61
ORD100646,2025-01-14,CUST1164,Fashion,Backpack,West,Mobile App,UPI,1,1480.94,0.2,1184.75,326.3
ORD100647,2025-04-11,CUST1639,Home & Kitchen,Storage Container Set,South,Mobile App,UPI,3,923.47,0.0,2770.41,436.21
ORD100648,2025-05-18,CUST1105,Home & Kitchen,Storage Container Set,South,Marketplace,Net Banking,2,865.91,0.15,1472.05,273.75
ORD100649,2025-01-28,CUST1735,Fashion,Backpack,Central,Website,Credit Card,1,1294.06,0.0,1294.06,326.57
ORD100650,2025-11-16,CUST1799,Electronics,Smart Watch,North,Mobile App,Credit Card,2,3210.08,0.1,5778.14,1049.74
ORD100651,2025-05-10,CUST2156,Home & Kitchen,Air Fryer,West,Marketplace,Net Banking,1,4598.84,0.0,4598.84,1040.66
ORD100652,2025-11-22,CUST2154,Beauty,Shampoo,South,Mobile App,UPI,2,546.43,0.25,819.64,273.95
ORD100653,2025-04-27,CUST1299,Books,Data Analytics Guide,West,Mobile App,Credit Card,1,750.73,0.2,600.58,170.43
ORD100654,2025-02-11,CUST1759,Beauty,Moisturizer,West,Mobile App,Credit Card,1,648.05,0.0,648.05,182.87
ORD100655,2025-06-02,CUST2128,Books,Python Programming,East,Mobile App,UPI,2,611.27,0.0,1222.54,358.62
ORD100656,2025-02-16,CUST1525,Books,Business Management,North,Website,Credit Card,3,472.45,0.0,1417.35,356.47
ORD100657,2025-04-22,CUST2120,Books,Business Management,South,Website,Debit Card,1,522.24,0.05,496.13,109.03
ORD100658,2025-02-07,CUST1396,Electronics,USB-C Hub,Central,Marketplace,Credit Card,1,1414.14,0.2,1131.31,153.76
ORD100659,2025-11-10,CUST2128,Fashion,Cotton T-Shirt,South,Marketplace,Credit Card,3,759.11,0.05,2163.46,657.9
ORD100660,2025-08-24,CUST1854,Fashion,Backpack,North,Website,Net Banking,1,1269.67,0.1,1142.7,319.38
ORD100661,2025-05-16,CUST2028,Home & Kitchen,Storage Container Set,East,Mobile App,UPI,1,819.57,0.2,655.66,110.88
ORD100662,2025-07-24,CUST1381,Beauty,Sunscreen,North,Website,UPI,1,708.21,0.1,637.39,228.24
ORD100663,2025-09-02,CUST1578,Beauty,Moisturizer,South,Mobile App,UPI,1,550.3,0.1,495.27,133.98
ORD100664,2025-06-01,CUST2182,Fashion,Backpack,Central,Mobile App,Cash on Delivery,1,1279.35,0.05,1215.38,332.14
ORD100665,2025-02-28,CUST2013,Beauty,Face Wash,North,Mobile App,Cash on Delivery,1,394.75,0.0,394.75,121.56
ORD100666,2025-04-02,CUST1606,Fashion,Cotton T-Shirt,North,Marketplace,Credit Card,4,759.54,0.2,2430.53,747.33
ORD100667,2025-08-11,CUST1985,Electronics,Bluetooth Speaker,West,Mobile App,UPI,2,1640.93,0.05,3117.77,327.8
ORD100668,2025-11-09,CUST2157,Electronics,USB-C Hub,Central,Mobile App,UPI,2,1260.73,0.05,2395.39,479.05
ORD100669,2025-01-10,CUST1049,Electronics,USB-C Hub,North,Website,UPI,3,1259.71,0.15,3212.26,429.5
ORD100670,2025-12-23,CUST1887,Books,Business Management,West,Mobile App,UPI,1,486.71,0.1,438.04,84.72
ORD100671,2025-11-03,CUST2076,Electronics,Wireless Headphones,North,Mobile App,Net Banking,1,2344.82,0.1,2110.34,317.44
ORD100672,2025-10-27,CUST1196,Books,Python Programming,North,Website,UPI,2,587.24,0.0,1174.48,309.53
ORD100673,2025-08-17,CUST1537,Beauty,Shampoo,West,Mobile App,Credit Card,2,507.66,0.1,913.79,280.76
ORD100674,2025-06-26,CUST2038,Electronics,Bluetooth Speaker,North,Website,Credit Card,4,1756.92,0.15,5973.53,1064.71
ORD100675,2025-01-14,CUST1257,Beauty,Face Wash,South,Marketplace,Cash on Delivery,4,397.71,0.1,1431.76,465.68
ORD100676,2025-12-05,CUST1072,Fashion,Running Shoes,South,Website,Cash on Delivery,1,2360.52,0.1,2124.47,580.84
ORD100677,2025-07-11,CUST1719,Fashion,Running Shoes,Central,Mobile App,Debit Card,1,2516.47,0.05,2390.65,658.94
ORD100678,2025-03-14,CUST2076,Electronics,Smart Watch,West,Mobile App,UPI,2,3173.54,0.0,6347.08,1019.55
ORD100679,2025-01-31,CUST2159,Home & Kitchen,Storage Container Set,South,Mobile App,Credit Card,3,816.95,0.05,2328.31,381.64
ORD100680,2025-08-01,CUST1101,Books,Machine Learning Basics,West,Marketplace,UPI,2,974.21,0.05,1851.0,494.54
ORD100681,2025-08-06,CUST1673,Beauty,Shampoo,North,Mobile App,UPI,1,526.23,0.1,473.61,156.4
ORD100682,2025-10-15,CUST1086,Beauty,Moisturizer,South,Marketplace,UPI,1,619.52,0.0,619.52,219.73
ORD100683,2025-06-12,CUST2120,Books,Python Programming,Central,Website,UPI,1,652.4,0.0,652.4,151.02
ORD100684,2025-03-19,CUST1659,Fashion,Running Shoes,East,Website,Debit Card,4,2478.42,0.05,9418.0,2840.66
ORD100685,2025-05-03,CUST1860,Home & Kitchen,Non-Stick Pan,South,Website,Credit Card,2,1275.86,0.1,2296.55,520.87
ORD100686,2025-06-22,CUST2180,Books,Business Management,South,Website,Credit Card,3,484.67,0.0,1454.01,400.3
ORD100687,2025-09-15,CUST2113,Electronics,USB-C Hub,North,Website,Cash on Delivery,1,1250.89,0.1,1125.8,107.77
ORD100688,2025-07-15,CUST1809,Electronics,Bluetooth Speaker,Central,Mobile App,Cash on Delivery,2,1682.57,0.15,2860.37,316.4
ORD100689,2025-08-11,CUST1211,Books,Data Analytics Guide,West,Mobile App,Credit Card,3,686.49,0.2,1647.58,408.41
ORD100690,2025-07-22,CUST1325,Electronics,Power Bank,North,Website,UPI,2,928.56,0.1,1671.41,188.99
ORD100691,2025-12-15,CUST1124,Fashion,Backpack,South,Mobile App,UPI,1,1343.68,0.2,1074.94,296.62
ORD100692,2025-01-02,CUST1832,Fashion,Casual Shirt,West,Mobile App,UPI,2,1118.57,0.15,1901.57,531.23
ORD100693,2025-08-23,CUST1306,Electronics,Smart Watch,East,Website,Credit Card,1,3322.34,0.0,3322.34,479.06
ORD100694,2025-03-11,CUST1385,Electronics,Bluetooth Speaker,Central,Website,Debit Card,2,1779.02,0.05,3380.14,382.13
ORD100695,2025-08-14,CUST2088,Electronics,Smart Watch,South,Website,Net Banking,1,3289.01,0.05,3124.56,510.54
ORD100696,2025-01-25,CUST1410,Home & Kitchen,Non-Stick Pan,Central,Website,Debit Card,2,1426.98,0.1,2568.56,510.34
ORD100697,2025-03-30,CUST1793,Electronics,Wireless Headphones,North,Website,Cash on Delivery,2,2390.8,0.2,3825.28,658.92
ORD100698,2025-05-25,CUST1420,Electronics,USB-C Hub,Central,Marketplace,UPI,1,1420.13,0.15,1207.11,215.92
ORD100699,2025-12-02,CUST1139,Books,Business Management,West,Website,Cash on Delivery,2,497.01,0.05,944.32,231.5
ORD100700,2025-03-30,CUST1539,Electronics,Bluetooth Speaker,South,Mobile App,UPI,1,1960.52,0.05,1862.49,243.88
ORD100701,2025-04-29,CUST1383,Electronics,Wireless Headphones,North,Mobile App,UPI,1,2277.21,0.0,2277.21,437.77
ORD100702,2025-04-23,CUST1644,Fashion,Backpack,Central,Website,Debit Card,2,1522.29,0.05,2892.35,812.43
ORD100703,2025-11-18,CUST1680,Books,Fiction Novel,Central,Mobile App,Credit Card,2,415.44,0.05,789.34,214.22
ORD100704,2025-06-19,CUST1337,Electronics,Smart Watch,East,Website,UPI,2,3386.93,0.0,6773.86,868.11
ORD100705,2025-07-22,CUST2104,Beauty,Sunscreen,East,Website,Credit Card,1,653.54,0.25,490.16,179.33
ORD100706,2025-04-17,CUST1464,Fashion,Backpack,East,Website,UPI,1,1423.98,0.1,1281.58,378.01
ORD100707,2025-02-28,CUST2188,Beauty,Face Wash,East,Marketplace,UPI,1,414.21,0.1,372.79,103.28
ORD100708,2025-01-21,CUST1052,Fashion,Denim Jeans,South,Marketplace,UPI,1,1455.77,0.1,1310.19,327.46
ORD100709,2025-06-30,CUST1591,Electronics,Bluetooth Speaker,North,Mobile App,UPI,2,1778.8,0.0,3557.6,485.19
ORD100710,2025-02-28,CUST1492,Books,Data Analytics Guide,North,Marketplace,UPI,1,701.57,0.1,631.41,164.35
ORD100711,2025-06-25,CUST1387,Electronics,Wireless Headphones,Central,Mobile App,UPI,1,2704.83,0.15,2299.11,459.55
ORD100712,2025-09-24,CUST1541,Books,Fiction Novel,West,Marketplace,Cash on Delivery,3,395.7,0.15,1009.03,244.44
ORD100713,2025-02-24,CUST1870,Home & Kitchen,Mixer Grinder,North,Website,UPI,3,3576.65,0.0,10729.95,2180.76
ORD100714,2025-03-15,CUST1589,Home & Kitchen,Mixer Grinder,East,Website,UPI,2,3638.14,0.2,5821.02,1296.05
ORD100715,2025-03-08,CUST1573,Beauty,Sunscreen,West,Marketplace,Net Banking,1,685.53,0.15,582.7,193.83
ORD100716,2025-04-23,CUST1456,Beauty,Shampoo,West,Mobile App,Cash on Delivery,3,456.92,0.0,1370.76,435.67
ORD100717,2025-07-19,CUST1528,Home & Kitchen,Electric Kettle,Central,Mobile App,Cash on Delivery,1,1657.03,0.05,1574.18,321.09
ORD100718,2025-08-22,CUST1841,Beauty,Moisturizer,East,Website,Debit Card,3,573.27,0.05,1633.82,563.31
ORD100719,2025-07-18,CUST1639,Fashion,Denim Jeans,Central,Website,UPI,1,1532.78,0.1,1379.5,458.27
ORD100720,2025-01-09,CUST1473,Fashion,Backpack,North,Website,Credit Card,3,1357.3,0.05,3868.3,1151.57
ORD100721,2025-03-28,CUST1307,Books,Data Analytics Guide,South,Website,Debit Card,4,742.85,0.05,2822.83,715.75
ORD100722,2025-12-08,CUST1986,Fashion,Backpack,East,Mobile App,UPI,1,1311.88,0.1,1180.69,348.48
ORD100723,2025-09-27,CUST1545,Home & Kitchen,Storage Container Set,South,Website,Credit Card,3,974.49,0.0,2923.47,634.82
ORD100724,2025-10-02,CUST1661,Electronics,USB-C Hub,North,Mobile App,Debit Card,2,1407.24,0.15,2392.31,253.96
ORD100725,2025-10-01,CUST1689,Fashion,Backpack,South,Marketplace,Net Banking,1,1463.54,0.1,1317.19,385.23
ORD100726,2025-12-04,CUST1690,Home & Kitchen,Electric Kettle,Central,Website,Cash on Delivery,5,1528.99,0.1,6880.46,1505.74
ORD100727,2025-11-04,CUST1541,Books,Python Programming,West,Mobile App,Cash on Delivery,1,576.62,0.0,576.62,141.07
ORD100728,2025-08-02,CUST1393,Home & Kitchen,Storage Container Set,North,Website,UPI,1,940.27,0.05,893.26,197.35
ORD100729,2025-04-04,CUST1237,Fashion,Backpack,Central,Website,UPI,2,1350.2,0.25,2025.3,550.99
ORD100730,2025-09-13,CUST1886,Fashion,Cotton T-Shirt,West,Mobile App,Debit Card,1,665.82,0.0,665.82,188.37
ORD100731,2025-09-17,CUST1095,Beauty,Moisturizer,Central,Website,Net Banking,1,547.87,0.15,465.69,158.57
ORD100732,2025-07-27,CUST1213,Beauty,Perfume,South,Marketplace,Credit Card,1,1251.35,0.15,1063.65,362.1
ORD100733,2025-12-19,CUST2181,Beauty,Perfume,Central,Website,UPI,1,1422.22,0.25,1066.66,361.32
ORD100734,2025-12-25,CUST1850,Books,Machine Learning Basics,East,Website,Debit Card,2,895.84,0.0,1791.68,448.89
ORD100735,2025-08-23,CUST1627,Beauty,Perfume,Central,Mobile App,UPI,1,1398.01,0.05,1328.11,446.99
ORD100736,2025-04-14,CUST1339,Home & Kitchen,Mixer Grinder,West,Mobile App,UPI,1,3172.58,0.1,2855.32,581.15
ORD100737,2025-11-02,CUST2148,Electronics,Power Bank,East,Website,UPI,1,946.47,0.1,851.82,141.92
ORD100738,2025-07-02,CUST1107,Fashion,Denim Jeans,West,Mobile App,UPI,1,1377.92,0.1,1240.13,345.99
ORD100739,2025-03-13,CUST1024,Electronics,Bluetooth Speaker,West,Website,Debit Card,1,1933.78,0.1,1740.4,355.47
ORD100740,2025-03-07,CUST1810,Home & Kitchen,Electric Kettle,North,Website,Credit Card,2,1493.87,0.15,2539.58,516.06
ORD100741,2025-12-04,CUST1628,Beauty,Shampoo,Central,Website,Debit Card,2,505.49,0.1,909.88,293.5
ORD100742,2025-09-26,CUST1303,Fashion,Cotton T-Shirt,Central,Marketplace,UPI,2,739.25,0.15,1256.72,366.42
ORD100743,2025-03-07,CUST1710,Books,Business Management,West,Marketplace,UPI,1,483.14,0.15,410.67,103.12
ORD100744,2025-02-02,CUST1260,Books,Business Management,South,Mobile App,Debit Card,3,499.03,0.15,1272.53,348.54
ORD100745,2025-12-23,CUST1798,Electronics,Wireless Headphones,South,Website,UPI,1,2380.78,0.0,2380.78,338.23
ORD100746,2025-01-31,CUST2083,Electronics,Wireless Headphones,West,Mobile App,Debit Card,2,2489.6,0.1,4481.28,678.4
ORD100747,2025-02-04,CUST1267,Electronics,Bluetooth Speaker,Central,Website,Credit Card,1,1767.28,0.15,1502.19,283.01
ORD100748,2025-07-10,CUST2199,Home & Kitchen,Non-Stick Pan,North,Website,Cash on Delivery,1,1222.67,0.2,978.14,191.86
ORD100749,2025-09-13,CUST1307,Books,Python Programming,South,Website,UPI,2,591.75,0.0,1183.5,334.8
ORD100750,2025-06-14,CUST1706,Home & Kitchen,Mixer Grinder,South,Website,UPI,1,3734.52,0.1,3361.07,660.04
ORD100751,2025-08-08,CUST1800,Electronics,Smart Watch,West,Website,UPI,1,3160.36,0.0,3160.36,357.13
ORD100752,2025-01-03,CUST1913,Home & Kitchen,Electric Kettle,South,Marketplace,UPI,3,1449.33,0.2,3478.39,820.87
ORD100753,2025-01-31,CUST1931,Home & Kitchen,Non-Stick Pan,East,Marketplace,Credit Card,1,1277.17,0.15,1085.59,217.88
ORD100754,2025-02-04,CUST1381,Fashion,Cotton T-Shirt,North,Website,Credit Card,2,741.17,0.1,1334.11,343.19
ORD100755,2025-08-03,CUST1604,Home & Kitchen,Mixer Grinder,East,Mobile App,Debit Card,1,3337.43,0.15,2836.82,588.02
ORD100756,2025-08-23,CUST1349,Home & Kitchen,Mixer Grinder,West,Website,Credit Card,2,3687.23,0.1,6637.01,1267.08
ORD100757,2025-06-17,CUST1468,Books,Machine Learning Basics,West,Mobile App,Credit Card,1,865.58,0.1,779.02,199.98
ORD100758,2025-07-26,CUST1464,Home & Kitchen,Mixer Grinder,South,Mobile App,UPI,1,3505.83,0.1,3155.25,566.15
ORD100759,2025-05-27,CUST1903,Electronics,USB-C Hub,South,Mobile App,UPI,4,1426.79,0.15,4851.09,627.34
ORD100760,2025-07-09,CUST1711,Books,Data Analytics Guide,West,Website,UPI,3,823.86,0.05,2348.0,663.35
ORD100761,2025-10-20,CUST1987,Fashion,Backpack,East,Website,UPI,1,1266.42,0.15,1076.46,318.74
ORD100762,2025-03-18,CUST1127,Electronics,Power Bank,Central,Website,Debit Card,1,981.18,0.0,981.18,160.76
ORD100763,2025-04-05,CUST1553,Electronics,USB-C Hub,Central,Website,UPI,1,1253.03,0.15,1065.08,197.27
ORD100764,2025-07-31,CUST1665,Electronics,Bluetooth Speaker,South,Mobile App,UPI,2,1712.49,0.05,3253.73,416.68
ORD100765,2025-05-10,CUST1505,Books,Python Programming,West,Marketplace,Credit Card,1,546.58,0.15,464.59,119.31
ORD100766,2025-08-22,CUST1714,Fashion,Denim Jeans,East,Website,Credit Card,3,1430.65,0.15,3648.16,963.25
ORD100767,2025-12-30,CUST1466,Fashion,Casual Shirt,East,Website,UPI,1,1277.23,0.05,1213.37,381.97
ORD100768,2025-01-12,CUST1449,Beauty,Sunscreen,South,Website,Debit Card,1,748.64,0.05,711.21,229.56
ORD100769,2025-01-01,CUST2160,Fashion,Backpack,West,Mobile App,UPI,2,1267.82,0.2,2028.51,617.34
ORD100770,2025-04-15,CUST1578,Books,Machine Learning Basics,East,Website,Net Banking,1,979.67,0.0,979.67,260.2
ORD100771,2025-07-05,CUST1847,Electronics,Bluetooth Speaker,South,Website,Credit Card,1,1876.51,0.0,1876.51,242.98
ORD100772,2025-10-19,CUST1097,Home & Kitchen,Mixer Grinder,South,Website,UPI,3,3666.11,0.2,8798.66,1551.38
ORD100773,2025-11-17,CUST1820,Home & Kitchen,Non-Stick Pan,East,Marketplace,Debit Card,2,1422.69,0.1,2560.84,495.75
ORD100774,2025-08-16,CUST1834,Home & Kitchen,Air Fryer,South,Mobile App,Credit Card,3,5103.36,0.0,15310.08,2550.25
ORD100775,2025-11-06,CUST1409,Home & Kitchen,Air Fryer,South,Marketplace,Debit Card,1,4981.73,0.05,4732.64,844.15
ORD100776,2025-08-06,CUST1889,Books,Machine Learning Basics,Central,Website,Credit Card,1,809.14,0.0,809.14,224.75
ORD100777,2025-04-03,CUST1138,Fashion,Backpack,South,Website,Credit Card,1,1480.31,0.0,1480.31,449.26
ORD100778,2025-07-06,CUST1831,Electronics,Wireless Headphones,North,Website,Debit Card,2,2306.3,0.05,4381.97,532.63
ORD100779,2025-06-20,CUST1784,Electronics,Smart Watch,East,Marketplace,UPI,4,3493.69,0.0,13974.76,1951.44
ORD100780,2025-12-17,CUST1349,Home & Kitchen,Mixer Grinder,East,Mobile App,Debit Card,4,3212.96,0.0,12851.84,3052.58
ORD100781,2025-12-07,CUST1472,Electronics,Smart Watch,North,Marketplace,UPI,1,3390.11,0.05,3220.6,578.43
ORD100782,2025-03-12,CUST1529,Electronics,Power Bank,Central,Website,UPI,5,956.8,0.0,4784.0,658.04
ORD100783,2025-07-24,CUST1080,Electronics,Wireless Headphones,East,Mobile App,UPI,2,2309.2,0.05,4387.48,838.63
ORD100784,2025-01-01,CUST1319,Books,Fiction Novel,North,Website,UPI,1,412.09,0.05,391.49,90.81
ORD100785,2025-08-27,CUST1268,Electronics,Power Bank,Central,Mobile App,Net Banking,3,1045.27,0.05,2979.02,500.31
ORD100786,2025-08-22,CUST1059,Electronics,Power Bank,East,Mobile App,Credit Card,3,969.01,0.1,2616.33,375.21
ORD100787,2025-03-10,CUST1388,Electronics,Power Bank,South,Website,UPI,2,963.89,0.0,1927.78,231.01
ORD100788,2025-10-20,CUST1293,Fashion,Denim Jeans,Central,Website,Credit Card,1,1448.92,0.1,1304.03,352.98
ORD100789,2025-09-30,CUST1520,Beauty,Shampoo,Central,Website,UPI,5,450.16,0.1,2025.72,702.18
ORD100790,2025-12-23,CUST2053,Beauty,Shampoo,South,Marketplace,Debit Card,1,508.65,0.1,457.78,143.54
ORD100791,2025-05-19,CUST1716,Electronics,Wireless Headphones,Central,Website,UPI,1,2262.32,0.05,2149.2,391.99
ORD100792,2025-02-06,CUST1140,Fashion,Denim Jeans,South,Mobile App,Debit Card,1,1584.3,0.0,1584.3,374.67
ORD100793,2025-09-14,CUST1662,Electronics,Wireless Headphones,East,Website,Credit Card,1,2488.71,0.1,2239.84,330.56
ORD100794,2025-11-19,CUST1122,Fashion,Denim Jeans,West,Website,Net Banking,5,1540.96,0.2,6163.84,1672.91
ORD100795,2025-04-04,CUST1339,Beauty,Shampoo,Central,Website,Cash on Delivery,1,459.62,0.0,459.62,153.48
ORD100796,2025-09-17,CUST1584,Books,Fiction Novel,East,Website,Debit Card,3,393.56,0.15,1003.58,199.91
ORD100797,2025-04-18,CUST1821,Fashion,Running Shoes,East,Marketplace,Credit Card,1,2081.37,0.0,2081.37,614.95
ORD100798,2025-12-11,CUST2048,Beauty,Sunscreen,North,Website,UPI,1,703.31,0.0,703.31,231.81
ORD100799,2025-03-06,CUST1308,Fashion,Running Shoes,North,Mobile App,Credit Card,2,2274.78,0.15,3867.13,997.72
ORD100800,2025-08-31,CUST1530,Home & Kitchen,Electric Kettle,Central,Website,Debit Card,1,1599.07,0.0,1599.07,330.57
ORD100801,2025-12-31,CUST1902,Books,Machine Learning Basics,East,Mobile App,UPI,2,935.52,0.05,1777.49,470.9
ORD100802,2025-07-10,CUST1438,Electronics,USB-C Hub,South,Marketplace,Net Banking,2,1285.99,0.2,2057.58,327.22
ORD100803,2025-07-15,CUST1755,Home & Kitchen,Storage Container Set,West,Website,Credit Card,1,809.77,0.05,769.28,108.11
ORD100804,2025-05-11,CUST1608,Electronics,USB-C Hub,South,Website,UPI,3,1251.77,0.0,3755.31,618.94
ORD100805,2025-08-16,CUST1640,Home & Kitchen,Air Fryer,East,Mobile App,UPI,2,4500.68,0.2,7201.09,953.28
ORD100806,2025-08-13,CUST1942,Beauty,Perfume,North,Mobile App,Debit Card,2,1277.23,0.0,2554.46,811.39
ORD100807,2025-04-07,CUST1656,Electronics,Smart Watch,Central,Marketplace,Cash on Delivery,1,3592.6,0.0,3592.6,460.81
ORD100808,2025-06-24,CUST1848,Home & Kitchen,Air Fryer,East,Website,UPI,4,4600.17,0.05,17480.65,4167.46
ORD100809,2025-10-30,CUST1541,Home & Kitchen,Non-Stick Pan,Central,Website,Cash on Delivery,1,1404.95,0.15,1194.21,246.5
ORD100810,2025-03-17,CUST2188,Books,Fiction Novel,West,Mobile App,Cash on Delivery,1,370.01,0.15,314.51,94.46
ORD100811,2025-04-05,CUST1950,Books,Business Management,South,Mobile App,Debit Card,1,482.34,0.1,434.11,110.23
ORD100812,2025-12-07,CUST1563,Beauty,Face Wash,South,Mobile App,Net Banking,2,432.19,0.05,821.16,284.75
ORD100813,2025-06-28,CUST1844,Electronics,USB-C Hub,Central,Mobile App,UPI,1,1417.45,0.2,1133.96,215.2
ORD100814,2025-01-25,CUST1655,Fashion,Cotton T-Shirt,Central,Website,Credit Card,2,683.86,0.1,1230.95,340.15
ORD100815,2025-07-16,CUST1486,Fashion,Denim Jeans,East,Mobile App,UPI,1,1389.95,0.2,1111.96,340.49
ORD100816,2025-12-29,CUST1382,Beauty,Shampoo,North,Website,Credit Card,1,545.84,0.25,409.38,130.17
ORD100817,2025-12-29,CUST2067,Fashion,Denim Jeans,Central,Marketplace,Cash on Delivery,2,1580.56,0.15,2686.95,806.87
ORD100818,2025-09-12,CUST1514,Home & Kitchen,Mixer Grinder,East,Marketplace,UPI,4,3459.8,0.0,13839.2,2882.68
ORD100819,2025-09-13,CUST1561,Home & Kitchen,Non-Stick Pan,North,Mobile App,Net Banking,1,1185.09,0.05,1125.84,236.78
ORD100820,2025-04-12,CUST2069,Beauty,Perfume,East,Website,Cash on Delivery,2,1249.56,0.0,2499.12,817.69
ORD100821,2025-09-23,CUST1328,Electronics,Wireless Headphones,West,Mobile App,Debit Card,2,2576.66,0.05,4895.65,871.26
ORD100822,2025-05-09,CUST1314,Electronics,Wireless Headphones,East,Website,Cash on Delivery,1,2433.85,0.05,2312.16,394.57
ORD100823,2025-09-16,CUST1564,Books,Business Management,West,Mobile App,UPI,2,513.37,0.0,1026.74,263.69
ORD100824,2025-06-15,CUST2152,Books,Business Management,Central,Website,Net Banking,1,473.06,0.2,378.45,105.42
ORD100825,2025-05-12,CUST2037,Beauty,Moisturizer,North,Mobile App,Credit Card,2,645.38,0.05,1226.22,354.39
ORD100826,2025-07-05,CUST2068,Home & Kitchen,Mixer Grinder,South,Website,Credit Card,2,3298.67,0.0,6597.34,1016.39
ORD100827,2025-08-31,CUST1264,Fashion,Denim Jeans,South,Website,UPI,1,1613.05,0.1,1451.74,389.57
ORD100829,2025-11-02,CUST1028,Electronics,USB-C Hub,East,Website,UPI,1,1272.72,0.2,1018.18,156.37
ORD100830,2025-05-10,CUST2019,Electronics,Bluetooth Speaker,West,Mobile App,Debit Card,2,1627.91,0.15,2767.45,507.22
ORD100831,2025-04-12,CUST1953,Books,Machine Learning Basics,North,Website,Credit Card,4,883.84,0.1,3181.82,894.84
ORD100832,2025-09-07,CUST1560,Beauty,Sunscreen,Central,Mobile App,Net Banking,2,741.77,0.05,1409.36,399.15
ORD100833,2025-10-14,CUST1876,Electronics,USB-C Hub,North,Marketplace,Net Banking,2,1398.59,0.1,2517.46,471.7
ORD100834,2025-01-13,CUST1603,Fashion,Cotton T-Shirt,South,Website,Credit Card,1,678.86,0.05,644.92,167.58
ORD100835,2025-10-29,CUST1527,Home & Kitchen,Non-Stick Pan,South,Mobile App,UPI,1,1200.48,0.1,1080.43,194.53
ORD100836,2025-01-02,CUST2196,Fashion,Running Shoes,Central,Website,Debit Card,1,2125.92,0.0,2125.92,568.73
ORD100837,2025-08-10,CUST1158,Books,Data Analytics Guide,West,Website,UPI,1,731.78,0.15,622.01,179.92
ORD100838,2025-02-16,CUST1479,Fashion,Backpack,East,Mobile App,Credit Card,3,1294.69,0.05,3689.87,982.76
ORD100839,2025-08-10,CUST1052,Books,Fiction Novel,West,Website,Debit Card,1,367.96,0.05,349.56,81.58
ORD100840,2025-07-05,CUST1261,Fashion,Backpack,North,Mobile App,Debit Card,1,1310.84,0.0,1310.84,406.83
ORD100841,2025-07-30,CUST1615,Home & Kitchen,Non-Stick Pan,South,Mobile App,Debit Card,1,1204.68,0.1,1084.21,215.02
ORD100842,2025-07-18,CUST1592,Home & Kitchen,Storage Container Set,East,Website,Debit Card,2,837.03,0.1,1506.65,260.85
ORD100843,2025-08-02,CUST1070,Home & Kitchen,Non-Stick Pan,South,Website,Credit Card,2,1261.91,0.1,2271.44,418.04
ORD100844,2025-06-15,CUST1318,Fashion,Cotton T-Shirt,South,Marketplace,UPI,2,637.71,0.1,1147.88,314.46
ORD100845,2025-05-05,CUST1537,Fashion,Backpack,South,Website,Debit Card,3,1478.28,0.05,4213.1,1235.66
ORD100846,2025-06-26,CUST2037,Books,Data Analytics Guide,North,Mobile App,Credit Card,5,771.86,0.0,3859.3,792.45
ORD100847,2025-08-20,CUST2070,Electronics,Power Bank,West,Website,Debit Card,1,1013.84,0.1,912.46,176.77
ORD100848,2025-11-29,CUST1687,Home & Kitchen,Air Fryer,South,Website,Cash on Delivery,1,5190.81,0.1,4671.73,937.2
ORD100849,2025-08-18,CUST1390,Electronics,Smart Watch,West,Website,Credit Card,3,3572.77,0.0,10718.31,1157.03
ORD100850,2025-01-09,CUST1703,Electronics,Bluetooth Speaker,North,Website,Cash on Delivery,1,1924.5,0.05,1828.28,323.25
ORD100851,2025-03-19,CUST1648,Fashion,Running Shoes,West,Mobile App,Cash on Delivery,1,2488.71,0.15,2115.4,623.66
ORD100852,2025-03-02,CUST1480,Beauty,Moisturizer,West,Website,Credit Card,1,638.62,0.0,638.62,227.01
ORD100853,2025-05-14,CUST1985,Fashion,Casual Shirt,West,Website,Credit Card,2,1277.66,0.0,2555.32,819.09
ORD100854,2025-04-14,CUST1546,Beauty,Moisturizer,West,Mobile App,Credit Card,2,549.64,0.2,879.42,317.34
ORD100855,2025-11-14,CUST1861,Books,Fiction Novel,South,Mobile App,UPI,3,421.47,0.2,1011.53,264.54
ORD100856,2025-09-09,CUST1735,Home & Kitchen,Electric Kettle,East,Mobile App,UPI,2,1507.62,0.05,2864.48,463.88
ORD100857,2025-03-09,CUST1783,Fashion,Backpack,North,Website,UPI,3,1407.84,0.0,4223.52,1336.0
ORD100858,2025-06-22,CUST1875,Electronics,USB-C Hub,North,Mobile App,Debit Card,1,1356.27,0.1,1220.64,128.62
ORD100859,2025-06-28,CUST2156,Fashion,Running Shoes,West,Website,Credit Card,2,2242.0,0.2,3587.2,1035.17
ORD100860,2025-03-20,CUST1460,Electronics,Wireless Headphones,Central,Mobile App,Net Banking,1,2530.39,0.0,2530.39,483.52
ORD100861,2025-09-26,CUST1699,Fashion,Cotton T-Shirt,North,Mobile App,UPI,1,651.69,0.0,651.69,215.68
ORD100862,2025-02-11,CUST1731,Beauty,Sunscreen,North,Mobile App,Net Banking,3,696.9,0.05,1986.16,609.09
ORD100863,2025-04-16,CUST1749,Home & Kitchen,Storage Container Set,South,Website,Net Banking,1,859.72,0.05,816.73,155.6
ORD100864,2025-10-01,CUST1172,Beauty,Moisturizer,North,Website,Credit Card,5,555.66,0.1,2500.47,803.14
ORD100865,2025-03-03,CUST2070,Fashion,Running Shoes,East,Marketplace,Net Banking,5,2495.59,0.05,11854.05,3473.43
ORD100866,2025-05-21,CUST1620,Beauty,Shampoo,East,Website,Cash on Delivery,2,466.87,0.15,793.68,250.65
ORD100867,2025-07-26,CUST1855,Beauty,Perfume,Central,Website,Debit Card,1,1340.6,0.15,1139.51,370.11
ORD100868,2025-08-31,CUST1640,Home & Kitchen,Storage Container Set,West,Website,Credit Card,2,962.65,0.15,1636.5,401.09
ORD100869,2025-04-30,CUST1582,Beauty,Perfume,West,Website,UPI,3,1244.17,0.0,3732.51,1178.69
ORD100870,2025-05-01,CUST1621,Electronics,Bluetooth Speaker,West,Marketplace,Credit Card,4,1906.82,0.1,6864.55,1201.92
ORD100871,2025-02-24,CUST1253,Fashion,Casual Shirt,North,Marketplace,Cash on Delivery,1,1228.71,0.1,1105.84,356.6
ORD100872,2025-07-28,CUST2041,Books,Business Management,West,Mobile App,Credit Card,1,509.09,0.15,432.73,95.68
ORD100873,2025-03-01,CUST1202,Home & Kitchen,Non-Stick Pan,South,Mobile App,UPI,2,1340.82,0.05,2547.56,660.29
ORD100874,2025-09-15,CUST1834,Electronics,Smart Watch,North,Website,Debit Card,1,3304.39,0.0,3304.39,497.5
ORD100875,2025-10-20,CUST2186,Beauty,Shampoo,North,Website,Cash on Delivery,1,461.69,0.2,369.35,133.33
ORD100876,2025-04-17,CUST1065,Home & Kitchen,Mixer Grinder,Central,Website,UPI,4,3723.26,0.2,11914.43,2704.19
ORD100877,2025-05-16,CUST1515,Books,Machine Learning Basics,North,Website,UPI,3,920.9,0.1,2486.43,761.52
ORD100878,2025-11-29,CUST1769,Electronics,Bluetooth Speaker,North,Marketplace,Credit Card,1,1975.94,0.05,1877.14,354.2
ORD100879,2025-12-17,CUST1143,Fashion,Denim Jeans,West,Mobile App,Credit Card,3,1600.1,0.0,4800.3,1430.39
ORD100880,2025-08-15,CUST1950,Books,Fiction Novel,Central,Mobile App,Net Banking,1,415.03,0.2,332.02,98.11
ORD100881,2025-11-08,CUST1932,Electronics,Smart Watch,East,Marketplace,Credit Card,1,3186.45,0.1,2867.8,521.43
ORD100882,2025-03-25,CUST1156,Books,Machine Learning Basics,East,Mobile App,UPI,1,830.74,0.0,830.74,258.07
ORD100883,2025-05-26,CUST1159,Electronics,Smart Watch,West,Website,UPI,1,3052.55,0.05,2899.92,381.32
ORD100884,2025-05-04,CUST1431,Fashion,Casual Shirt,East,Mobile App,UPI,1,1231.02,0.05,1169.47,328.7
ORD100885,2025-05-08,CUST1723,Books,Machine Learning Basics,East,Mobile App,Cash on Delivery,1,900.25,0.15,765.21,213.3
ORD100886,2025-11-30,CUST1869,Home & Kitchen,Electric Kettle,North,Marketplace,Debit Card,1,1606.0,0.1,1445.4,306.9
ORD100887,2025-01-10,CUST1233,Home & Kitchen,Non-Stick Pan,West,Mobile App,Debit Card,1,1277.69,0.2,1022.15,192.79
ORD100888,2025-10-04,CUST1847,Fashion,Running Shoes,North,Mobile App,UPI,3,2514.66,0.1,6789.58,1942.66
ORD100889,2025-04-11,CUST1702,Fashion,Running Shoes,South,Mobile App,Cash on Delivery,1,2191.0,0.1,1971.9,553.02
ORD100890,2025-10-25,CUST1920,Home & Kitchen,Non-Stick Pan,Central,Mobile App,Net Banking,1,1259.99,0.15,1070.99,246.61
ORD100891,2025-08-07,CUST2142,Books,Fiction Novel,North,Marketplace,Net Banking,2,375.83,0.2,601.33,132.41
ORD100892,2025-08-09,CUST2141,Electronics,Wireless Headphones,South,Mobile App,UPI,1,2607.19,0.05,2476.83,516.64
ORD100893,2025-05-24,CUST2075,Beauty,Sunscreen,East,Website,Net Banking,3,735.59,0.0,2206.77,726.82
ORD100894,2025-05-30,CUST1776,Electronics,USB-C Hub,South,Mobile App,Credit Card,2,1302.43,0.1,2344.37,427.92
ORD100895,2025-04-16,CUST1096,Books,Fiction Novel,West,Mobile App,UPI,1,381.83,0.1,343.65,97.84
ORD100896,2025-04-20,CUST1749,Electronics,Power Bank,West,Website,UPI,3,997.61,0.1,2693.55,440.56
ORD100897,2025-08-30,CUST1967,Books,Python Programming,Central,Marketplace,Cash on Delivery,2,544.74,0.2,871.58,229.86
ORD100898,2025-01-04,CUST2112,Electronics,Smart Watch,East,Mobile App,UPI,2,3158.04,0.15,5368.67,998.81
ORD100899,2025-12-09,CUST1310,Fashion,Cotton T-Shirt,North,Website,UPI,1,630.86,0.0,630.86,172.51
ORD100900,2025-05-14,CUST1813,Home & Kitchen,Storage Container Set,Central,Website,Debit Card,2,947.57,0.0,1895.14,373.37
ORD100901,2025-07-29,CUST1444,Home & Kitchen,Storage Container Set,East,Mobile App,UPI,4,948.84,0.05,3605.59,700.43
ORD100902,2025-10-31,CUST1112,Home & Kitchen,Storage Container Set,South,Mobile App,UPI,2,934.32,0.0,1868.64,428.31
ORD100903,2025-10-19,CUST1776,Books,Fiction Novel,East,Website,UPI,1,436.55,0.15,371.07,81.81
ORD100904,2025-02-05,CUST1961,Fashion,Backpack,West,Mobile App,Net Banking,1,1536.15,0.0,1536.15,385.89
ORD100905,2025-10-31,CUST1956,Books,Business Management,East,Marketplace,Cash on Delivery,2,477.28,0.15,811.38,226.06
ORD100906,2025-09-23,CUST1329,Books,Python Programming,Central,Mobile App,UPI,1,621.61,0.15,528.37,119.79
ORD100907,2025-01-06,CUST2019,Electronics,USB-C Hub,Central,Mobile App,UPI,1,1263.49,0.1,1137.14,178.43
ORD100908,2025-01-12,CUST1165,Electronics,Power Bank,South,Website,Credit Card,2,918.09,0.25,1377.14,207.51
ORD100909,2025-01-10,CUST2053,Electronics,Smart Watch,South,Mobile App,Credit Card,2,3019.16,0.15,5132.57,670.16
ORD100910,2025-08-06,CUST1860,Home & Kitchen,Non-Stick Pan,Central,Marketplace,UPI,4,1385.32,0.05,5264.22,1114.51
ORD100911,2025-10-16,CUST1371,Books,Python Programming,East,Mobile App,Debit Card,2,654.58,0.0,1309.16,303.76
ORD100912,2025-08-08,CUST1188,Electronics,Smart Watch,Central,Website,UPI,1,3107.91,0.05,2952.51,419.66
ORD100913,2025-04-03,Unknown,Fashion,Casual Shirt,West,Mobile App,Debit Card,1,1306.01,0.15,1110.11,349.42
ORD100914,2025-04-01,CUST1748,Fashion,Running Shoes,South,Mobile App,Cash on Delivery,1,2386.68,0.1,2148.01,672.11
ORD100915,2025-05-30,CUST1146,Fashion,Casual Shirt,North,Website,UPI,1,1288.16,0.0,1288.16,381.52
ORD100916,2025-03-01,CUST1027,Books,Business Management,West,Website,Net Banking,1,462.47,0.2,369.98,83.12
ORD100917,2025-04-17,CUST1653,Fashion,Denim Jeans,West,Website,Debit Card,1,1427.92,0.05,1356.52,306.81
ORD100918,2025-02-20,CUST1564,Electronics,Bluetooth Speaker,South,Website,Net Banking,1,1748.01,0.15,1485.81,236.59
ORD100919,2025-10-09,CUST1633,Fashion,Backpack,West,Website,UPI,3,1288.3,0.25,2898.68,842.16
ORD100920,2025-06-25,CUST1982,Home & Kitchen,Storage Container Set,North,Website,Credit Card,1,910.26,0.15,773.72,170.37
ORD100921,2025-07-24,CUST1979,Electronics,Power Bank,South,Mobile App,UPI,2,958.01,0.2,1532.82,278.15
ORD100922,2025-02-04,CUST1029,Fashion,Denim Jeans,Central,Website,UPI,1,1461.94,0.15,1242.65,328.04
ORD100923,2025-03-14,CUST1842,Electronics,Bluetooth Speaker,West,Website,UPI,2,1950.76,0.05,3706.44,579.46
ORD100924,2025-04-03,CUST1454,Home & Kitchen,Electric Kettle,Central,Mobile App,Debit Card,1,1509.23,0.15,1282.85,265.38
ORD100925,2025-10-06,CUST1337,Home & Kitchen,Non-Stick Pan,West,Website,Net Banking,2,1415.4,0.0,2830.8,419.78
ORD100926,2025-03-31,CUST1241,Fashion,Denim Jeans,East,Website,Credit Card,1,1472.82,0.05,1399.18,394.9
ORD100927,2025-04-26,CUST2076,Books,Fiction Novel,East,Marketplace,Credit Card,1,430.94,0.1,387.85,94.66
ORD100928,2025-01-18,CUST1649,Books,Machine Learning Basics,North,Website,UPI,1,872.47,0.1,785.22,178.15
ORD100929,2025-08-25,CUST1285,Fashion,Backpack,South,Mobile App,Debit Card,1,1464.44,0.0,1464.44,454.78
ORD100930,2025-05-24,CUST2084,Electronics,Bluetooth Speaker,West,Website,Debit Card,1,1818.68,0.1,1636.81,283.92
ORD100931,2025-10-25,CUST1832,Fashion,Backpack,Central,Marketplace,Net Banking,2,1428.27,0.15,2428.06,611.18
ORD100932,2025-07-23,CUST1458,Fashion,Denim Jeans,North,Website,Debit Card,1,1579.49,0.05,1500.52,453.43
ORD100933,2025-07-02,CUST1480,Books,Business Management,Central,Marketplace,UPI,1,545.99,0.2,436.79,106.5
ORD100934,2025-11-23,CUST1210,Beauty,Sunscreen,West,Website,Debit Card,1,654.99,0.15,556.74,182.79
ORD100935,2025-01-27,CUST1968,Home & Kitchen,Non-Stick Pan,North,Website,UPI,1,1281.24,0.0,1281.24,265.02
ORD100936,2025-11-12,CUST1001,Fashion,Denim Jeans,West,Mobile App,Credit Card,1,1495.43,0.15,1271.12,333.75
ORD100937,2025-05-15,CUST2165,Books,Python Programming,West,Website,UPI,1,554.77,0.15,471.55,134.62
ORD100938,2025-08-03,CUST2095,Fashion,Denim Jeans,West,Website,Credit Card,1,1582.14,0.25,1186.6,340.95
ORD100939,2025-01-18,CUST2196,Home & Kitchen,Storage Container Set,North,Mobile App,Debit Card,2,931.1,0.0,1862.2,440.78
ORD100940,2025-08-26,CUST1400,Home & Kitchen,Non-Stick Pan,North,Mobile App,Net Banking,1,1427.74,0.0,1427.74,284.47
ORD100941,2025-12-27,CUST1697,Books,Data Analytics Guide,South,Website,Cash on Delivery,1,797.44,0.15,677.82,179.27
ORD100942,2025-05-10,CUST1456,Fashion,Running Shoes,Central,Website,Credit Card,2,2465.92,0.1,4438.66,1301.94
ORD100943,2025-08-19,CUST1397,Home & Kitchen,Mixer Grinder,East,Website,Credit Card,2,3833.73,0.15,6517.34,1080.13
ORD100944,2025-10-16,CUST1344,Home & Kitchen,Electric Kettle,South,Mobile App,Net Banking,1,1597.82,0.05,1517.93,348.93
ORD100945,2025-02-17,CUST2111,Fashion,Backpack,Central,Website,Cash on Delivery,1,1458.91,0.05,1385.96,359.45
ORD100946,2025-10-09,CUST1077,Beauty,Moisturizer,Central,Website,UPI,2,551.11,0.15,936.89,286.43
ORD100947,2025-11-14,CUST1992,Electronics,Power Bank,North,Website,Debit Card,4,967.74,0.25,2903.22,481.54
ORD100948,2025-01-15,CUST1370,Fashion,Denim Jeans,Central,Marketplace,Debit Card,4,1385.83,0.0,5543.32,1654.28
ORD100949,2025-04-18,CUST2185,Fashion,Denim Jeans,North,Marketplace,Cash on Delivery,1,1522.67,0.1,1370.4,419.81
ORD100950,2025-02-14,CUST1590,Books,Data Analytics Guide,North,Website,UPI,1,775.53,0.2,620.42,166.16
ORD100951,2025-09-06,CUST2135,Books,Fiction Novel,South,Mobile App,UPI,1,379.33,0.05,360.36,90.88
ORD100952,2025-10-24,CUST1493,Beauty,Shampoo,South,Mobile App,Credit Card,1,521.28,0.15,443.09,122.32
ORD100953,2025-03-16,CUST1939,Fashion,Running Shoes,East,Marketplace,UPI,2,2398.09,0.0,4796.18,1273.14
ORD100954,2025-01-19,CUST1792,Home & Kitchen,Non-Stick Pan,West,Mobile App,Credit Card,1,1270.36,0.05,1206.84,253.41
ORD100955,2025-12-16,CUST1042,Books,Business Management,Central,Marketplace,Net Banking,1,478.38,0.0,478.38,117.11
ORD100956,2025-07-02,CUST1864,Electronics,Wireless Headphones,West,Website,Cash on Delivery,4,2447.76,0.0,9791.04,1889.99
ORD100957,2025-03-16,CUST2046,Beauty,Sunscreen,West,Mobile App,Credit Card,3,633.59,0.1,1710.69,580.47
ORD100958,2025-04-20,CUST1394,Electronics,Smart Watch,South,Mobile App,Cash on Delivery,1,3338.73,0.1,3004.86,539.61
ORD100959,2025-08-29,CUST1923,Fashion,Denim Jeans,South,Marketplace,Debit Card,1,1559.66,0.05,1481.68,365.06
ORD100960,2025-10-21,CUST1189,Home & Kitchen,Air Fryer,North,Website,UPI,1,5268.94,0.2,4215.15,880.81
ORD100961,2025-05-13,CUST1276,Fashion,Casual Shirt,West,Mobile App,Credit Card,2,1134.77,0.0,2269.54,625.56
ORD100962,2025-07-02,CUST1072,Beauty,Moisturizer,East,Website,Debit Card,4,603.42,0.15,2051.63,726.29
ORD100963,2025-08-31,CUST1439,Beauty,Perfume,West,Mobile App,Credit Card,2,1402.88,0.15,2384.9,748.12
ORD100964,2025-09-28,CUST2119,Home & Kitchen,Electric Kettle,North,Website,Debit Card,2,1617.21,0.1,2910.98,535.64
ORD100965,2025-09-30,CUST1561,Electronics,USB-C Hub,West,Website,Cash on Delivery,1,1295.57,0.25,971.68,153.44
ORD100966,2025-01-23,CUST2129,Fashion,Backpack,East,Website,UPI,1,1318.22,0.1,1186.4,345.97
ORD100967,2025-09-13,CUST1454,Home & Kitchen,Air Fryer,East,Website,Debit Card,1,4523.34,0.1,4071.01,896.34
ORD100968,2025-08-27,CUST1525,Electronics,Wireless Headphones,South,Marketplace,Debit Card,2,2570.73,0.0,5141.46,670.71
ORD100969,2025-06-08,CUST1986,Beauty,Moisturizer,Central,Mobile App,Cash on Delivery,1,613.85,0.1,552.46,181.3
ORD100970,2025-04-30,CUST1708,Home & Kitchen,Storage Container Set,Central,Marketplace,UPI,1,969.86,0.2,775.89,138.98
ORD100971,2025-07-20,CUST1820,Home & Kitchen,Non-Stick Pan,Central,Mobile App,Credit Card,1,1309.07,0.05,1243.62,218.52
ORD100972,2025-11-18,CUST2032,Home & Kitchen,Air Fryer,North,Mobile App,UPI,1,5173.4,0.05,4914.73,740.39
ORD100973,2025-04-25,CUST2063,Fashion,Casual Shirt,South,Website,UPI,1,1261.98,0.1,1135.78,358.09
ORD100974,2025-12-27,CUST2170,Fashion,Running Shoes,Central,Website,UPI,1,2113.49,0.0,2113.49,633.27
ORD100975,2025-10-26,CUST2123,Books,Fiction Novel,West,Marketplace,Credit Card,4,416.35,0.15,1415.59,331.63
ORD100976,2025-02-18,CUST1072,Books,Business Management,South,Marketplace,Cash on Delivery,2,521.79,0.1,939.22,218.21
ORD100977,2025-06-22,CUST1776,Beauty,Perfume,Central,Mobile App,Debit Card,1,1309.88,0.0,1309.88,457.29
ORD100978,2025-03-13,CUST1795,Beauty,Perfume,East,Mobile App,Cash on Delivery,1,1267.73,0.05,1204.34,413.26
ORD100979,2025-10-27,CUST1107,Electronics,Power Bank,West,Mobile App,Credit Card,1,1065.22,0.05,1011.96,125.01
ORD100980,2025-03-26,CUST1993,Electronics,Bluetooth Speaker,Central,Mobile App,Cash on Delivery,3,1973.2,0.0,5919.6,981.93
ORD100981,2025-05-19,CUST1148,Fashion,Casual Shirt,East,Marketplace,Cash on Delivery,1,1144.1,0.05,1086.89,354.28
ORD100982,2025-05-13,CUST1873,Electronics,USB-C Hub,East,Website,Credit Card,1,1268.91,0.1,1142.02,186.28
ORD100983,2025-03-18,CUST1217,Electronics,Power Bank,Central,Website,Cash on Delivery,1,985.1,0.05,935.84,165.27
ORD100984,2025-02-22,CUST2060,Fashion,Casual Shirt,North,Website,UPI,2,1290.87,0.1,2323.57,639.25
ORD100985,2025-12-04,CUST1351,Books,Business Management,Central,Website,Cash on Delivery,3,461.87,0.25,1039.21,282.64
ORD100986,2025-10-07,CUST2132,Home & Kitchen,Storage Container Set,Central,Mobile App,UPI,1,879.11,0.2,703.29,124.02
ORD100987,2025-09-01,CUST2170,Fashion,Cotton T-Shirt,West,Mobile App,UPI,1,688.16,0.15,584.94,155.18
ORD100988,2025-03-25,CUST1670,Beauty,Shampoo,South,Mobile App,UPI,3,474.06,0.05,1351.07,463.51
ORD100989,2025-03-09,CUST2079,Beauty,Face Wash,West,Website,Net Banking,1,398.05,0.2,318.44,87.82
ORD100990,2025-09-20,CUST1478,Home & Kitchen,Air Fryer,East,Marketplace,Net Banking,2,5151.73,0.15,8757.94,2406.86
ORD100991,2025-04-07,CUST1006,Electronics,Bluetooth Speaker,North,Website,UPI,3,1750.88,0.1,4727.38,564.47
ORD100992,2025-09-15,CUST2024,Fashion,Casual Shirt,South,Website,Net Banking,1,1202.13,0.15,1021.81,318.78
ORD100993,2025-08-19,CUST2173,Books,Business Management,West,Website,Debit Card,3,463.34,0.05,1320.52,279.1
ORD100994,2025-08-29,CUST1930,Fashion,Cotton T-Shirt,East,Website,UPI,4,714.19,0.05,2713.92,788.43
ORD100995,2025-02-14,CUST1898,Fashion,Denim Jeans,West,Website,Credit Card,1,1608.43,0.1,1447.59,372.09
ORD100996,2025-11-05,CUST2062,Fashion,Casual Shirt,Central,Website,Net Banking,1,1194.15,0.15,1015.03,268.64
ORD100997,2025-01-26,CUST1939,Electronics,Power Bank,West,Website,Debit Card,1,1076.81,0.25,807.61,154.35
ORD100998,2025-04-30,CUST1430,Beauty,Moisturizer,North,Website,UPI,1,570.87,0.05,542.33,185.11
ORD100999,2025-04-12,CUST1937,Fashion,Casual Shirt,Central,Mobile App,Credit Card,3,1295.62,0.15,3303.83,789.97
ORD101000,2025-04-21,CUST1744,Fashion,Cotton T-Shirt,North,Website,UPI,1,701.83,0.15,596.56,163.02
ORD101001,2025-10-10,CUST1432,Home & Kitchen,Mixer Grinder,West,Mobile App,Debit Card,1,3648.7,0.1,3283.83,641.23
ORD101002,2025-06-19,CUST1204,Home & Kitchen,Air Fryer,South,Mobile App,UPI,1,5105.5,0.0,5105.5,1010.08
ORD101003,2025-06-22,CUST2174,Electronics,Wireless Headphones,East,Mobile App,UPI,1,2317.94,0.1,2086.15,339.44
ORD101004,2025-08-21,CUST2006,Electronics,Wireless Headphones,Central,Mobile App,UPI,1,2647.09,0.1,2382.38,305.99
ORD101005,2025-01-09,CUST1236,Electronics,Bluetooth Speaker,West,Website,Cash on Delivery,1,1870.41,0.15,1589.85,205.96
ORD101006,2025-04-09,CUST1012,Fashion,Casual Shirt,East,Marketplace,UPI,3,1182.76,0.05,3370.87,845.71
ORD101007,2025-11-12,CUST2190,Beauty,Moisturizer,West,Mobile App,Debit Card,1,610.6,0.1,549.54,167.04
ORD101008,2025-09-03,CUST1339,Beauty,Face Wash,Central,Website,Credit Card,1,411.67,0.1,370.5,116.1
ORD101009,2025-08-15,CUST1415,Fashion,Casual Shirt,Central,Marketplace,Credit Card,2,1096.62,0.05,2083.58,486.33
ORD101010,2025-05-22,CUST1294,Fashion,Backpack,South,Website,Cash on Delivery,4,1424.27,0.1,5127.37,1536.69
ORD101011,2025-02-21,CUST2069,Books,Machine Learning Basics,Central,Website,UPI,3,832.0,0.15,2121.6,535.04
ORD101012,2025-12-23,CUST1698,Books,Machine Learning Basics,North,Mobile App,UPI,3,895.74,0.1,2418.5,603.65
ORD101013,2025-02-01,CUST1043,Home & Kitchen,Non-Stick Pan,Central,Marketplace,UPI,2,1183.83,0.1,2130.89,359.7
ORD101014,2025-02-06,CUST1092,Home & Kitchen,Storage Container Set,West,Website,UPI,3,855.2,0.2,2052.48,350.24
ORD101015,2025-09-28,CUST1512,Books,Data Analytics Guide,West,Mobile App,Credit Card,1,727.67,0.05,691.29,186.82
ORD101016,2025-09-06,CUST1105,Beauty,Perfume,East,Mobile App,Debit Card,1,1346.41,0.15,1144.45,372.82
ORD101017,2025-12-23,CUST2135,Electronics,Bluetooth Speaker,West,Website,Credit Card,3,1790.08,0.2,4296.19,712.51
ORD101018,2025-09-02,CUST1718,Home & Kitchen,Storage Container Set,South,Mobile App,Credit Card,2,893.7,0.0,1787.4,409.54
ORD101019,2025-12-15,CUST2105,Fashion,Denim Jeans,West,Website,Debit Card,1,1560.33,0.0,1560.33,434.37
ORD101020,2025-02-28,CUST1909,Home & Kitchen,Non-Stick Pan,North,Website,UPI,2,1416.1,0.1,2548.98,515.72
ORD101021,2025-09-02,CUST1757,Fashion,Cotton T-Shirt,West,Website,Debit Card,3,672.24,0.25,1512.54,447.88
ORD101022,2025-07-18,CUST1830,Electronics,USB-C Hub,Central,Marketplace,UPI,1,1284.21,0.0,1284.21,187.16
ORD101023,2025-07-12,CUST1618,Beauty,Moisturizer,Central,Marketplace,UPI,2,573.51,0.2,917.62,311.5
ORD101024,2025-03-12,CUST2168,Books,Fiction Novel,Central,Mobile App,UPI,1,395.47,0.0,395.47,87.77
ORD101025,2025-07-09,CUST1987,Beauty,Face Wash,West,Website,Debit Card,1,421.04,0.1,378.94,115.02
ORD101026,2025-05-29,CUST1761,Electronics,Smart Watch,South,Mobile App,Credit Card,1,3517.98,0.0,3517.98,510.59
ORD101027,2025-12-26,CUST1213,Fashion,Cotton T-Shirt,Central,Marketplace,Debit Card,2,633.38,0.05,1203.42,318.47
ORD101028,2025-06-03,CUST1571,Home & Kitchen,Non-Stick Pan,North,Mobile App,Debit Card,2,1321.75,0.05,2511.32,502.15
ORD101029,2025-02-15,CUST1095,Electronics,Smart Watch,South,Mobile App,Cash on Delivery,1,2972.93,0.05,2824.28,506.9
ORD101030,2025-02-28,CUST2045,Beauty,Face Wash,South,Website,Net Banking,2,409.58,0.05,778.2,261.85
ORD101031,2025-11-12,CUST1406,Home & Kitchen,Storage Container Set,South,Website,Credit Card,2,929.87,0.0,1859.74,317.52
ORD101032,2025-11-19,CUST1194,Books,Data Analytics Guide,West,Mobile App,Debit Card,1,698.97,0.05,664.02,179.46
ORD101033,2025-10-03,CUST1618,Electronics,Power Bank,South,Website,Credit Card,2,1014.45,0.2,1623.12,220.97
ORD101034,2025-02-28,CUST1301,Electronics,Wireless Headphones,North,Website,Cash on Delivery,2,2502.11,0.0,5004.22,880.85
ORD101035,2025-05-14,CUST1436,Electronics,Smart Watch,South,Website,Net Banking,4,3331.3,0.15,11326.42,1835.62
ORD101036,2025-11-02,CUST1754,Fashion,Backpack,South,Marketplace,Debit Card,1,1498.42,0.1,1348.58,358.62
ORD101037,2025-02-05,CUST1079,Fashion,Backpack,East,Mobile App,Cash on Delivery,1,1384.81,0.05,1315.57,376.6
ORD101038,2025-07-29,CUST1499,Home & Kitchen,Mixer Grinder,South,Mobile App,Credit Card,2,3451.73,0.15,5867.94,1118.44
ORD101039,2025-03-24,CUST1621,Home & Kitchen,Electric Kettle,West,Website,Cash on Delivery,2,1758.69,0.25,2638.04,584.48
ORD101040,2025-06-21,CUST1531,Electronics,Bluetooth Speaker,West,Website,Debit Card,1,1758.45,0.1,1582.6,288.01
ORD101041,2025-08-29,CUST1330,Home & Kitchen,Storage Container Set,South,Website,UPI,1,959.13,0.05,911.17,157.89
ORD101042,2025-09-17,CUST2029,Fashion,Cotton T-Shirt,North,Mobile App,Credit Card,2,739.85,0.1,1331.73,384.38
ORD101043,2025-04-25,CUST1522,Books,Business Management,West,Mobile App,UPI,1,492.37,0.15,418.51,93.95
ORD101044,2025-02-04,CUST1535,Beauty,Moisturizer,South,Marketplace,UPI,1,596.73,0.05,566.89,169.29
ORD101045,2025-12-07,CUST1752,Home & Kitchen,Non-Stick Pan,South,Mobile App,UPI,1,1223.37,0.15,1039.86,173.45
ORD101046,2025-07-14,CUST1011,Home & Kitchen,Mixer Grinder,South,Website,Cash on Delivery,1,3373.04,0.05,3204.39,617.76
ORD101047,2025-07-13,CUST1530,Books,Machine Learning Basics,Central,Mobile App,Credit Card,1,907.44,0.0,907.44,253.62
ORD101048,2025-09-04,CUST1849,Home & Kitchen,Electric Kettle,East,Website,Debit Card,4,1468.7,0.15,4993.58,957.67
ORD101049,2025-05-17,CUST1789,Beauty,Moisturizer,West,Website,UPI,4,627.35,0.1,2258.46,823.11
ORD101050,2025-11-22,CUST1627,Electronics,USB-C Hub,East,Mobile App,UPI,1,1317.54,0.05,1251.66,220.3
ORD101051,2025-05-07,CUST1191,Fashion,Casual Shirt,East,Marketplace,Debit Card,2,1140.77,0.1,2053.39,517.24
ORD101052,2025-12-08,CUST1178,Books,Business Management,North,Website,Net Banking,5,458.29,0.05,2176.88,549.8
ORD101053,2025-12-07,CUST1053,Books,Machine Learning Basics,South,Marketplace,Credit Card,1,969.49,0.0,969.49,229.2
ORD101054,2025-10-09,CUST1684,Electronics,Smart Watch,West,Mobile App,Cash on Delivery,1,3095.09,0.0,3095.09,511.49
ORD101055,2025-04-30,CUST1105,Fashion,Running Shoes,South,Mobile App,UPI,4,2425.59,0.1,8732.12,2548.2
ORD101056,2025-07-29,CUST1676,Fashion,Cotton T-Shirt,North,Marketplace,UPI,1,647.75,0.1,582.98,166.41
ORD101057,2025-02-22,CUST1149,Beauty,Face Wash,South,Mobile App,UPI,1,416.61,0.0,416.61,120.95
ORD101058,2025-10-17,CUST1420,Books,Business Management,East,Website,UPI,4,493.38,0.15,1677.49,446.38
ORD101059,2025-09-16,CUST1994,Beauty,Shampoo,East,Mobile App,Debit Card,1,493.2,0.1,443.88,130.56
ORD101060,2025-09-28,CUST1307,Books,Python Programming,West,Mobile App,UPI,2,595.48,0.0,1190.96,236.61
ORD101061,2025-07-26,CUST1669,Electronics,USB-C Hub,East,Mobile App,UPI,1,1396.42,0.15,1186.96,229.86
ORD101062,2025-10-27,CUST2037,Books,Business Management,West,Website,Cash on Delivery,1,452.13,0.1,406.92,93.67
ORD101063,2025-03-17,CUST1698,Books,Machine Learning Basics,North,Mobile App,UPI,4,875.32,0.1,3151.15,894.68
ORD101064,2025-12-18,CUST1010,Home & Kitchen,Non-Stick Pan,South,Website,UPI,1,1235.6,0.1,1112.04,259.62
ORD101065,2025-10-26,CUST1172,Electronics,Power Bank,South,Website,Debit Card,2,928.54,0.0,1857.08,277.48
ORD101066,2025-12-09,CUST1783,Electronics,Power Bank,West,Website,Credit Card,1,1090.73,0.0,1090.73,185.18
ORD101067,2025-11-28,CUST2034,Home & Kitchen,Mixer Grinder,South,Mobile App,UPI,1,3489.08,0.0,3489.08,740.31
ORD101068,2025-09-03,CUST2032,Home & Kitchen,Storage Container Set,East,Website,Debit Card,1,867.61,0.0,867.61,190.17
ORD101069,2025-07-17,CUST1047,Home & Kitchen,Mixer Grinder,West,Mobile App,Net Banking,2,3733.0,0.05,7092.7,1448.29
ORD101070,2025-03-27,CUST1850,Home & Kitchen,Electric Kettle,Central,Marketplace,Debit Card,1,1563.7,0.1,1407.33,260.41
ORD101071,2025-05-31,CUST1365,Electronics,USB-C Hub,East,Website,UPI,1,1205.87,0.15,1024.99,155.19
ORD101072,2025-09-19,CUST1156,Home & Kitchen,Air Fryer,South,Mobile App,Cash on Delivery,1,4900.46,0.15,4165.39,845.73
ORD101073,2025-12-23,CUST1214,Home & Kitchen,Electric Kettle,South,Mobile App,UPI,1,1649.4,0.15,1401.99,263.86
ORD101074,2025-09-10,CUST1038,Fashion,Cotton T-Shirt,East,Marketplace,UPI,1,688.64,0.0,688.64,193.83
ORD101075,2025-09-06,CUST1904,Home & Kitchen,Mixer Grinder,Central,Website,Net Banking,5,3837.06,0.1,17266.77,2617.32
ORD101076,2025-06-04,CUST2101,Fashion,Casual Shirt,Central,Marketplace,UPI,1,1253.37,0.2,1002.7,306.2
ORD101077,2025-10-18,CUST1207,Electronics,Bluetooth Speaker,West,Marketplace,Debit Card,2,1858.13,0.05,3530.45,548.46
ORD101078,2025-10-15,CUST1154,Home & Kitchen,Air Fryer,South,Marketplace,UPI,2,5391.52,0.1,9704.74,2200.59
ORD101079,2025-05-15,CUST2089,Home & Kitchen,Air Fryer,South,Website,UPI,2,4816.98,0.1,8670.56,1729.01
ORD101080,2025-02-18,CUST1988,Fashion,Denim Jeans,Central,Marketplace,Debit Card,2,1433.75,0.05,2724.12,744.05
ORD101081,2025-12-13,CUST2105,Home & Kitchen,Electric Kettle,South,Marketplace,UPI,1,1707.19,0.15,1451.11,259.66
ORD101082,2025-09-16,CUST2102,Beauty,Face Wash,East,Website,Debit Card,4,384.14,0.1,1382.9,455.49
ORD101083,2025-06-04,CUST1778,Books,Python Programming,West,Website,Net Banking,1,606.88,0.05,576.54,148.22
ORD101084,2025-11-06,CUST1677,Home & Kitchen,Mixer Grinder,North,Website,Cash on Delivery,1,3455.56,0.15,2937.23,568.8
ORD101085,2025-11-10,CUST1234,Home & Kitchen,Air Fryer,South,Website,UPI,3,4632.46,0.0,13897.38,2826.93
ORD101086,2025-04-27,CUST1241,Beauty,Sunscreen,South,Website,Credit Card,2,687.77,0.25,1031.66,336.05
ORD101087,2025-04-26,CUST1082,Electronics,Power Bank,West,Website,UPI,1,1082.42,0.1,974.18,150.38
ORD101088,2025-09-11,CUST1671,Home & Kitchen,Air Fryer,South,Website,UPI,2,4848.8,0.05,9212.72,2226.41
ORD101089,2025-04-19,CUST1552,Fashion,Backpack,North,Marketplace,Credit Card,1,1436.53,0.0,1436.53,369.41
ORD101090,2025-09-11,CUST1329,Books,Business Management,North,Website,UPI,3,508.01,0.0,1524.03,416.17
ORD101091,2025-09-25,CUST1259,Home & Kitchen,Mixer Grinder,Central,Website,Cash on Delivery,2,3210.59,0.15,5458.0,1336.8
ORD101092,2025-09-08,CUST1324,Fashion,Denim Jeans,Central,Mobile App,UPI,1,1527.35,0.1,1374.62,437.48
ORD101093,2025-02-06,CUST1731,Fashion,Backpack,East,Website,Cash on Delivery,1,1487.84,0.1,1339.06,400.85
ORD101094,2025-10-12,CUST1842,Fashion,Casual Shirt,North,Website,Cash on Delivery,3,1178.53,0.0,3535.59,989.3
ORD101095,2025-07-11,CUST2113,Electronics,USB-C Hub,North,Website,Cash on Delivery,1,1291.16,0.1,1162.04,191.1
ORD101096,2025-04-26,CUST1963,Beauty,Perfume,West,Marketplace,Credit Card,2,1224.27,0.2,1958.83,571.82
ORD101097,2025-10-19,CUST1220,Beauty,Shampoo,Central,Mobile App,UPI,1,547.7,0.15,465.54,137.71
ORD101098,2025-11-05,CUST2181,Home & Kitchen,Non-Stick Pan,North,Website,Net Banking,1,1318.12,0.2,1054.5,215.88
ORD101099,2025-12-29,CUST1655,Fashion,Running Shoes,West,Marketplace,UPI,4,2294.27,0.0,9177.08,2997.91
ORD101100,2025-07-02,CUST2026,Electronics,Wireless Headphones,South,Marketplace,Credit Card,1,2500.39,0.1,2250.35,337.99
ORD101101,2025-10-28,CUST1528,Beauty,Shampoo,South,Mobile App,UPI,1,529.33,0.15,449.93,142.34
ORD101102,2025-06-21,CUST1582,Home & Kitchen,Air Fryer,Central,Website,Credit Card,3,5054.5,0.15,12888.98,2789.62
ORD101103,2025-11-23,CUST1970,Books,Machine Learning Basics,South,Mobile App,Credit Card,2,907.41,0.15,1542.6,362.63
ORD101104,2025-04-30,CUST1423,Home & Kitchen,Storage Container Set,North,Marketplace,Debit Card,4,907.67,0.25,2723.01,408.31
ORD101105,2025-05-27,CUST1221,Fashion,Backpack,South,Website,UPI,3,1489.0,0.0,4467.0,1219.99
ORD101106,2025-03-26,CUST2082,Electronics,Bluetooth Speaker,North,Website,UPI,1,1797.37,0.0,1797.37,337.8
ORD101107,2025-01-30,CUST2114,Beauty,Sunscreen,Central,Mobile App,Debit Card,1,761.62,0.1,685.46,218.58
ORD101108,2025-12-31,CUST1150,Home & Kitchen,Storage Container Set,North,Marketplace,Debit Card,3,931.13,0.1,2514.05,380.69
ORD101109,2025-04-17,CUST1379,Home & Kitchen,Electric Kettle,South,Mobile App,Cash on Delivery,1,1507.88,0.1,1357.09,308.91
ORD101110,2025-07-09,CUST1867,Fashion,Casual Shirt,South,Mobile App,UPI,1,1087.11,0.05,1032.75,279.42
ORD101111,2025-01-16,CUST2042,Beauty,Face Wash,South,Website,UPI,1,363.08,0.0,363.08,96.77
ORD101112,2025-12-03,CUST1897,Beauty,Perfume,East,Marketplace,UPI,3,1349.5,0.15,3441.22,1084.28
ORD101113,2025-03-20,CUST1464,Home & Kitchen,Electric Kettle,South,Mobile App,Credit Card,1,1444.39,0.15,1227.73,277.85
ORD101114,2025-08-24,CUST1671,Electronics,Wireless Headphones,Central,Marketplace,Cash on Delivery,5,2434.96,0.05,11566.06,1317.68
ORD101115,2025-09-14,CUST1185,Electronics,USB-C Hub,North,Website,Credit Card,1,1318.3,0.15,1120.55,154.07
ORD101116,2025-12-17,CUST1009,Electronics,Smart Watch,West,Website,Net Banking,2,3321.5,0.0,6643.0,994.22
ORD101117,2025-11-28,CUST1794,Electronics,USB-C Hub,West,Website,UPI,2,1254.53,0.1,2258.15,391.59
ORD101118,2025-06-12,CUST1113,Fashion,Running Shoes,South,Website,UPI,1,2515.19,0.1,2263.67,539.25
ORD101119,2025-11-27,CUST1717,Fashion,Running Shoes,North,Mobile App,UPI,2,2101.19,0.05,3992.26,1356.22
ORD101120,2025-11-19,CUST1596,Fashion,Backpack,South,Website,Cash on Delivery,1,1292.98,0.2,1034.38,326.96
ORD101121,2025-06-30,CUST1725,Electronics,Smart Watch,Central,Marketplace,Net Banking,2,3052.93,0.0,6105.86,834.5
ORD101122,2025-07-30,CUST1934,Home & Kitchen,Non-Stick Pan,East,Marketplace,UPI,2,1354.61,0.05,2573.76,558.09
ORD101123,2025-09-02,CUST1455,Electronics,Bluetooth Speaker,North,Mobile App,Net Banking,1,1938.18,0.15,1647.45,260.43
ORD101124,2025-08-25,CUST1171,Books,Data Analytics Guide,East,Mobile App,Credit Card,2,778.1,0.0,1556.2,369.49
ORD101125,2025-08-27,CUST1650,Fashion,Denim Jeans,Central,Website,UPI,1,1352.17,0.0,1352.17,352.92
ORD101126,2025-08-17,CUST2132,Home & Kitchen,Storage Container Set,North,Mobile App,Debit Card,2,937.63,0.15,1593.97,290.5
ORD101127,2025-10-27,CUST1928,Electronics,Wireless Headphones,East,Mobile App,UPI,3,2251.92,0.25,5066.82,794.8
ORD101128,2025-04-03,CUST1260,Home & Kitchen,Mixer Grinder,Central,Mobile App,UPI,1,3343.52,0.1,3009.17,501.23
ORD101129,2025-07-02,CUST1834,Electronics,USB-C Hub,Central,Mobile App,UPI,4,1247.09,0.15,4240.11,863.75
ORD101130,2025-04-22,CUST2111,Beauty,Shampoo,Central,Marketplace,UPI,1,492.03,0.1,442.83,119.88
ORD101131,2025-11-23,CUST1519,Home & Kitchen,Electric Kettle,Central,Mobile App,UPI,3,1586.79,0.25,3570.28,758.46
ORD101132,2025-06-25,CUST1575,Electronics,Bluetooth Speaker,East,Marketplace,Net Banking,2,1938.15,0.15,3294.86,585.15
ORD101133,2025-03-11,CUST1376,Home & Kitchen,Storage Container Set,North,Marketplace,UPI,2,910.41,0.0,1820.82,265.78
ORD101134,2025-08-04,CUST1610,Beauty,Perfume,Central,Mobile App,Cash on Delivery,2,1425.96,0.1,2566.73,852.32
ORD101135,2025-07-05,CUST1169,Home & Kitchen,Storage Container Set,West,Website,Credit Card,1,815.08,0.05,774.33,141.7
ORD101136,2025-04-16,CUST1704,Electronics,Wireless Headphones,North,Mobile App,UPI,1,2370.97,0.05,2252.42,336.55
ORD101137,2025-08-17,CUST1781,Home & Kitchen,Air Fryer,Central,Website,Debit Card,1,5059.7,0.15,4300.74,975.48
ORD101138,2025-10-29,CUST1204,Beauty,Shampoo,Central,Mobile App,upi,2,471.81,0.0,943.62,331.73
ORD101139,2025-09-11,CUST1957,Books,Data Analytics Guide,Central,Website,Cash on Delivery,1,691.3,0.0,691.3,146.23
ORD101140,2025-11-07,CUST1035,Home & Kitchen,Electric Kettle,North,Mobile App,UPI,1,1542.56,0.2,1234.05,259.19
ORD101141,2025-11-28,CUST1288,Electronics,Smart Watch,East,Website,Net Banking,1,3491.81,0.05,3317.22,527.86
ORD101142,2025-04-27,CUST1470,Books,Python Programming,South,Mobile App,UPI,1,571.74,0.1,514.57,116.97
ORD101143,2025-03-07,CUST1460,Electronics,Power Bank,East,Website,UPI,3,1068.2,0.15,2723.91,436.85
ORD101144,2025-08-28,CUST1216,Fashion,Casual Shirt,North,Website,UPI,2,1187.73,0.2,1900.37,561.56
ORD101145,2025-06-06,CUST2109,Fashion,Cotton T-Shirt,North,Mobile App,UPI,2,651.21,0.2,1041.94,313.28
ORD101146,2025-09-16,CUST1969,Electronics,Smart Watch,West,Marketplace,UPI,1,3227.56,0.1,2904.8,457.21
ORD101147,2025-01-30,CUST1921,Electronics,Bluetooth Speaker,West,Mobile App,UPI,1,1970.85,0.0,1970.85,296.53
ORD101148,2025-09-01,CUST1607,Home & Kitchen,Electric Kettle,East,Website,Cash on Delivery,2,1735.86,0.1,3124.55,682.72
ORD101149,2025-05-07,CUST1885,Beauty,Moisturizer,Central,Website,Credit Card,3,564.34,0.1,1523.72,542.2
ORD101150,2025-06-08,CUST1161,Fashion,Denim Jeans,North,Marketplace,UPI,2,1483.38,0.05,2818.42,658.12
ORD101151,2025-02-08,CUST1939,Electronics,Smart Watch,East,Website,Debit Card,1,3530.65,0.1,3177.58,549.89
ORD101152,2025-10-23,CUST1835,Beauty,Face Wash,South,Mobile App,Credit Card,5,423.62,0.0,2118.1,612.16
ORD101153,2025-02-20,CUST1210,Home & Kitchen,Non-Stick Pan,North,Marketplace,UPI,1,1201.28,0.1,1081.15,266.18
ORD101154,2025-11-14,CUST1754,Home & Kitchen,Air Fryer,North,Mobile App,UPI,1,5419.39,0.15,4606.48,1035.39
ORD101155,2025-05-29,CUST1117,Fashion,Cotton T-Shirt,South,Website,Debit Card,1,658.6,0.0,658.6,198.72
ORD101156,2025-07-16,CUST1025,Fashion,Casual Shirt,East,Marketplace,Debit Card,1,1282.71,0.1,1154.44,281.7
ORD101157,2025-10-19,CUST1574,Fashion,Backpack,North,Website,Cash on Delivery,1,1267.21,0.0,1267.21,411.87
ORD101158,2025-10-28,CUST2144,Books,Machine Learning Basics,East,Website,Net Banking,1,956.55,0.25,717.41,167.48
ORD101159,2025-11-14,CUST1997,Books,Business Management,East,Mobile App,Credit Card,1,508.48,0.25,381.36,100.64
ORD101160,2025-02-07,CUST2003,Fashion,Running Shoes,East,Mobile App,Debit Card,1,2175.86,0.2,1740.69,477.54
ORD101161,2025-05-11,CUST1069,Electronics,Smart Watch,North,Website,UPI,1,3356.64,0.1,3020.98,431.47
ORD101162,2025-09-03,CUST1283,Electronics,Wireless Headphones,North,Website,Credit Card,1,2710.56,0.0,2710.56,477.63
ORD101163,2025-06-13,CUST1272,Beauty,Moisturizer,Central,Website,UPI,2,587.38,0.2,939.81,318.23
ORD101164,2025-02-24,CUST1567,Electronics,Wireless Headphones,North,Website,UPI,2,2589.53,0.0,5179.06,748.04
ORD101165,2025-04-29,CUST1692,Books,Business Management,North,Website,Credit Card,2,492.75,0.15,837.68,213.83
ORD101166,2025-11-24,CUST1960,Electronics,Wireless Headphones,Central,Website,UPI,1,2731.61,0.2,2185.29,384.71
ORD101167,2025-01-07,CUST1954,Fashion,Cotton T-Shirt,East,Mobile App,Net Banking,1,721.18,0.25,540.88,161.37
ORD101168,2025-02-07,CUST1702,Fashion,Denim Jeans,North,Mobile App,UPI,1,1552.33,0.1,1397.1,423.65
ORD101169,2025-04-25,CUST1100,Home & Kitchen,Mixer Grinder,Central,Website,Credit Card,1,3383.87,0.0,3383.87,532.86
ORD101170,2025-01-16,CUST1793,Books,Fiction Novel,North,Website,UPI,1,438.26,0.0,438.26,113.66
ORD101171,2025-06-07,CUST1801,Electronics,Wireless Headphones,West,Mobile App,Net Banking,1,2636.96,0.1,2373.26,347.33
ORD101172,2025-04-03,CUST1321,Books,Fiction Novel,South,Website,Debit Card,1,393.95,0.15,334.86,73.23
ORD101173,2025-06-10,CUST1071,Electronics,Bluetooth Speaker,North,Mobile App,Credit Card,1,1953.72,0.15,1660.66,223.06
ORD101174,2025-09-17,CUST1158,Fashion,Casual Shirt,East,Marketplace,Credit Card,1,1179.3,0.05,1120.33,268.85
ORD101175,2025-11-28,CUST1453,Fashion,Denim Jeans,East,Mobile App,UPI,1,1643.47,0.15,1396.95,293.07
ORD101176,2025-11-20,CUST1136,Fashion,Running Shoes,South,Marketplace,Net Banking,1,2301.35,0.25,1726.01,476.48
ORD101177,2025-01-02,CUST1278,Home & Kitchen,Storage Container Set,West,Website,Credit Card,1,842.93,0.0,842.93,167.21
ORD101178,2025-07-01,CUST2139,Beauty,Perfume,West,Marketplace,Credit Card,1,1196.02,0.0,1196.02,396.13
ORD101179,2025-02-28,CUST1114,Beauty,Sunscreen,North,Website,Net Banking,1,721.33,0.05,685.26,241.03
ORD101180,2025-02-26,CUST2066,Electronics,Wireless Headphones,South,Mobile App,UPI,4,2703.15,0.05,10271.97,1323.76
ORD101181,2025-05-07,CUST2039,Beauty,Moisturizer,South,Marketplace,UPI,1,594.67,0.15,505.47,176.65
ORD101182,2025-12-02,CUST2017,Home & Kitchen,Air Fryer,South,Website,Debit Card,1,4895.63,0.05,4650.85,762.63
ORD101183,2025-05-09,CUST1540,Fashion,Denim Jeans,West,Marketplace,UPI,2,1499.23,0.1,2698.61,659.49
ORD101184,2025-07-11,CUST1012,Beauty,Sunscreen,North,Website,UPI,1,732.26,0.0,732.26,230.43
ORD101185,2025-02-05,CUST2150,Fashion,Cotton T-Shirt,West,Website,UPI,2,686.59,0.05,1304.52,392.1
ORD101186,2025-04-19,CUST1985,Electronics,Wireless Headphones,Central,Website,Credit Card,3,2432.36,0.25,5472.81,921.53
ORD101187,2025-08-28,CUST1911,Home & Kitchen,Non-Stick Pan,West,Website,UPI,2,1238.56,0.1,2229.41,454.65
ORD101188,2025-01-16,CUST1986,Home & Kitchen,Electric Kettle,West,Mobile App,Cash on Delivery,1,1602.52,0.0,1602.52,359.63
ORD101189,2025-11-11,CUST1020,Beauty,Moisturizer,West,Website,Credit Card,1,633.87,0.1,570.48,202.48
ORD101190,2025-12-08,CUST1455,Home & Kitchen,Air Fryer,South,Website,UPI,5,5425.51,0.15,23058.42,4798.5
ORD101191,2025-09-03,CUST1961,Fashion,Running Shoes,North,Website,UPI,1,2166.65,0.0,2166.65,629.27
ORD101192,2025-10-03,CUST1912,Fashion,Denim Jeans,East,Website,Credit Card,1,1464.1,0.0,1464.1,440.81
ORD101193,2025-02-25,CUST1567,Electronics,Wireless Headphones,West,Marketplace,Debit Card,2,2410.75,0.1,4339.35,632.78
ORD101194,2025-07-23,CUST2136,Fashion,Running Shoes,Central,Mobile App,UPI,2,2399.23,0.05,4558.54,1308.18
ORD101195,2025-05-19,CUST1078,Books,Business Management,Central,Website,Net Banking,4,469.2,0.2,1501.44,377.56
ORD101196,2025-05-13,CUST1612,Fashion,Cotton T-Shirt,Central,Mobile App,UPI,1,746.84,0.1,672.16,167.57
ORD101197,2025-03-26,CUST1685,Electronics,Wireless Headphones,Central,Mobile App,Net Banking,1,2575.61,0.0,2575.61,357.54
ORD101198,2025-10-15,CUST1350,Electronics,Power Bank,South,Website,Debit Card,1,984.25,0.2,787.4,117.11
ORD101199,2025-01-11,CUST1862,Fashion,Running Shoes,East,Mobile App,UPI,2,2261.16,0.1,4070.09,1238.2
ORD101200,2025-07-01,CUST1965,Fashion,Casual Shirt,North,Mobile App,UPI,3,1239.01,0.2,2973.62,727.22
ORD101201,2025-09-26,CUST2179,Books,Python Programming,East,Website,UPI,1,576.35,0.1,518.72,124.38
ORD101202,2025-07-16,CUST1526,Electronics,USB-C Hub,East,Marketplace,Debit Card,3,1404.71,0.0,4214.13,562.85
ORD101203,2025-02-17,CUST1376,Books,Data Analytics Guide,West,Mobile App,Credit Card,1,687.54,0.1,618.79,127.05
ORD101204,2025-05-25,CUST2166,Fashion,Running Shoes,West,Website,UPI,1,2446.45,0.1,2201.8,614.41
ORD101205,2025-09-22,CUST1184,Electronics,Wireless Headphones,East,Website,UPI,2,2742.08,0.1,4935.74,825.3
ORD101206,2025-12-29,CUST1084,Electronics,Wireless Headphones,West,Website,UPI,2,2288.51,0.05,4348.17,829.54
ORD101207,2025-04-06,CUST1526,Electronics,Wireless Headphones,North,Website,Debit Card,3,2454.97,0.15,6260.17,1263.66
ORD101208,2025-11-09,CUST2185,Electronics,Power Bank,West,Website,UPI,2,1082.33,0.05,2056.43,282.71
ORD101209,2025-05-05,CUST1736,Beauty,Perfume,East,Website,UPI,2,1233.36,0.05,2343.38,787.64
ORD101210,2025-06-11,CUST1128,Books,Python Programming,North,Website,UPI,1,597.07,0.0,597.07,154.87
ORD101211,2025-05-14,CUST1239,Beauty,Perfume,North,Marketplace,Debit Card,1,1226.98,0.0,1226.98,422.5
ORD101212,2025-09-09,CUST1249,Electronics,USB-C Hub,North,Mobile App,Debit Card,2,1228.23,0.25,1842.34,287.88
ORD101213,2025-03-15,CUST1254,Electronics,USB-C Hub,South,Mobile App,Debit Card,1,1242.92,0.15,1056.48,176.69
ORD101214,2025-05-22,CUST1903,Fashion,Casual Shirt,South,Website,UPI,1,1157.82,0.0,1157.82,311.17
ORD101215,2025-02-10,CUST1069,Books,Business Management,West,Website,UPI,1,523.33,0.15,444.83,112.23
ORD101216,2025-11-18,CUST1344,Fashion,Backpack,East,Website,Credit Card,3,1490.93,0.1,4025.51,1059.5
ORD101217,2025-08-23,CUST2030,Beauty,Face Wash,Central,Mobile App,UPI,1,396.45,0.05,376.63,127.55
ORD101218,2025-06-29,CUST1675,Fashion,Running Shoes,Central,Mobile App,Net Banking,1,2082.11,0.0,2082.11,591.13
ORD101219,2025-03-10,CUST1821,Home & Kitchen,Electric Kettle,West,Website,Cash on Delivery,2,1603.49,0.05,3046.63,539.01
ORD101220,2025-01-03,CUST1022,Home & Kitchen,Mixer Grinder,East,Website,UPI,1,3725.02,0.1,3352.52,758.96
ORD101221,2025-09-27,CUST1827,Beauty,Perfume,East,Mobile App,Credit Card,1,1200.45,0.1,1080.4,388.01
ORD101222,2025-05-09,CUST1397,Books,Fiction Novel,East,Website,UPI,2,398.3,0.0,796.6,181.16
ORD101223,2025-08-04,CUST1029,Home & Kitchen,Mixer Grinder,East,Mobile App,Credit Card,1,3636.35,0.0,3636.35,767.69
ORD101224,2025-07-14,CUST1292,Home & Kitchen,Electric Kettle,Central,Marketplace,UPI,1,1565.93,0.1,1409.34,297.15
ORD101225,2025-06-21,CUST2006,Electronics,Bluetooth Speaker,South,Website,Net Banking,1,1817.36,0.0,1817.36,320.15
ORD101226,2025-04-05,CUST1556,Fashion,Denim Jeans,West,Mobile App,Cash on Delivery,1,1401.13,0.05,1331.07,378.22
ORD101227,2025-09-02,CUST1897,Home & Kitchen,Air Fryer,Central,Mobile App,Credit Card,1,5021.95,0.05,4770.85,980.23
ORD101228,2025-03-04,CUST1991,Fashion,Casual Shirt,East,Website,Debit Card,1,1289.37,0.1,1160.43,367.34
ORD101229,2025-10-04,CUST1031,Books,Fiction Novel,East,Mobile App,Cash on Delivery,4,400.6,0.05,1522.28,438.39
ORD101230,2025-07-31,CUST2100,Home & Kitchen,Electric Kettle,North,Mobile App,UPI,4,1607.62,0.1,5787.43,1174.37
ORD101231,2025-01-09,CUST1450,Beauty,Moisturizer,East,Website,Credit Card,3,634.31,0.25,1427.2,451.14
ORD101232,2025-06-27,CUST1577,Home & Kitchen,Non-Stick Pan,West,Website,UPI,5,1266.54,0.0,6332.7,1220.95
ORD101233,2025-11-16,CUST1712,Home & Kitchen,Electric Kettle,West,Mobile App,Cash on Delivery,3,1715.36,0.1,4631.47,1075.83
ORD101234,2025-05-27,CUST1619,Books,Data Analytics Guide,Central,Marketplace,UPI,2,710.64,0.15,1208.09,311.29
ORD101235,2025-06-23,CUST2143,Home & Kitchen,Electric Kettle,West,Website,Debit Card,1,1635.21,0.05,1553.45,337.53
ORD101236,2025-08-08,CUST1460,Beauty,Sunscreen,North,Mobile App,UPI,2,638.18,0.1,1148.72,314.15
ORD101237,2025-08-18,CUST1533,Electronics,Smart Watch,West,Website,Credit Card,2,3111.57,0.2,4978.51,782.59
ORD101238,2025-04-22,CUST1693,Beauty,Face Wash,Central,Website,UPI,3,386.43,0.25,869.47,260.04
ORD101239,2025-08-12,CUST1502,Electronics,Smart Watch,North,Mobile App,UPI,5,3551.96,0.2,14207.84,2390.24
ORD101240,2025-09-28,CUST1313,Home & Kitchen,Electric Kettle,West,Website,Cash on Delivery,1,1459.97,0.1,1313.97,232.61
ORD101241,2025-07-27,CUST1754,Fashion,Casual Shirt,East,Marketplace,UPI,4,1303.29,0.0,5213.16,1809.24
ORD101242,2025-06-25,CUST1392,Electronics,Bluetooth Speaker,North,Mobile App,Debit Card,3,1913.96,0.1,5167.69,741.5
ORD101243,2025-01-31,CUST1107,Beauty,Perfume,West,Mobile App,UPI,1,1252.61,0.15,1064.72,351.15
ORD101244,2025-05-09,CUST1256,Electronics,Bluetooth Speaker,North,Website,UPI,1,1710.76,0.05,1625.22,196.55
ORD101245,2025-11-16,CUST1392,Beauty,Perfume,Central,Marketplace,UPI,1,1333.93,0.15,1133.84,416.9
ORD101246,2025-03-08,CUST1950,Books,Data Analytics Guide,South,Website,Debit Card,2,696.65,0.2,1114.64,251.42
ORD101247,2025-08-21,CUST1474,Home & Kitchen,Air Fryer,Central,Mobile App,Debit Card,3,4774.77,0.15,12175.66,2162.85
ORD101248,2025-08-29,CUST1856,Fashion,Running Shoes,South,Mobile App,Cash on Delivery,2,2192.67,0.1,3946.81,1043.96
ORD101249,2025-12-12,CUST1348,Fashion,Denim Jeans,Central,Website,UPI,1,1556.77,0.05,1478.93,372.54
ORD101250,2025-04-01,CUST1956,Books,Python Programming,East,Marketplace,Cash on Delivery,1,569.41,0.25,427.06,101.18
ORD101251,2025-02-01,CUST1129,Electronics,Power Bank,East,Marketplace,Cash on Delivery,1,940.02,0.05,893.02,156.67
ORD101252,2025-05-18,CUST2166,Electronics,Power Bank,West,Mobile App,Debit Card,1,916.64,0.1,824.98,118.11
ORD101253,2025-07-26,CUST2170,Books,Data Analytics Guide,West,Website,Debit Card,2,810.63,0.1,1459.13,325.75
ORD101254,2025-04-17,CUST1621,Electronics,Bluetooth Speaker,Central,Website,Credit Card,1,1854.34,0.25,1390.76,206.91
ORD101255,2025-11-20,CUST1172,Electronics,USB-C Hub,Central,Website,UPI,2,1414.44,0.1,2545.99,468.5
ORD101256,2025-11-20,CUST1441,Electronics,Smart Watch,East,Website,UPI,1,3051.24,0.2,2440.99,438.86
ORD101257,2025-05-21,CUST1115,Electronics,Bluetooth Speaker,Central,Marketplace,UPI,3,1640.15,0.1,4428.41,922.09
ORD101258,2025-07-25,CUST1318,Beauty,Perfume,North,Website,UPI,2,1312.89,0.25,1969.34,666.76
ORD101259,2025-07-22,CUST1841,Fashion,Backpack,West,Marketplace,UPI,1,1377.07,0.05,1308.22,365.09
ORD101260,2025-04-23,CUST1756,Home & Kitchen,Electric Kettle,North,Mobile App,UPI,1,1676.58,0.05,1592.75,328.97
ORD101261,2025-09-25,CUST2162,Fashion,Casual Shirt,South,Mobile App,UPI,1,1284.21,0.15,1091.58,293.86
ORD101262,2025-01-10,CUST1138,Fashion,Denim Jeans,South,Marketplace,Credit Card,2,1557.83,0.05,2959.88,794.81
ORD101263,2025-10-25,CUST1962,Electronics,USB-C Hub,North,Website,Credit Card,2,1234.18,0.05,2344.94,393.79
ORD101264,2025-07-08,CUST1979,Fashion,Cotton T-Shirt,North,Website,UPI,2,765.42,0.25,1148.13,352.38
ORD101265,2025-12-18,CUST1747,Home & Kitchen,Storage Container Set,South,Website,UPI,1,913.52,0.1,822.17,155.6
ORD101266,2025-11-03,CUST1226,Electronics,Bluetooth Speaker,North,Website,UPI,1,1686.17,0.15,1433.24,289.43
ORD101267,2025-10-30,CUST1088,Beauty,Sunscreen,South,Marketplace,Cash on Delivery,2,763.14,0.2,1221.02,375.55
ORD101268,2025-05-01,CUST1346,Fashion,Running Shoes,West,Website,Credit Card,1,2461.78,0.15,2092.51,536.04
ORD101269,2025-08-06,CUST1206,Books,Fiction Novel,South,Mobile App,Cash on Delivery,1,382.36,0.05,363.24,81.66
ORD101270,2025-03-27,CUST1113,Home & Kitchen,Electric Kettle,Central,Website,UPI,1,1604.37,0.0,1604.37,324.28
ORD101271,2025-03-26,CUST2089,Beauty,Moisturizer,South,Website,UPI,1,541.5,0.0,541.5,188.69
ORD101272,2025-03-30,CUST1730,Fashion,Backpack,Central,Website,UPI,2,1450.31,0.05,2755.59,828.24
ORD101273,2025-04-16,CUST2005,Fashion,Casual Shirt,Central,Mobile App,Net Banking,1,1157.32,0.25,867.99,230.82
ORD101274,2025-06-17,CUST1008,Home & Kitchen,Electric Kettle,West,Mobile App,Credit Card,1,1518.32,0.05,1442.4,254.35
ORD101275,2025-11-04,CUST1783,Fashion,Cotton T-Shirt,North,Mobile App,UPI,1,699.24,0.2,559.39,165.11
ORD101276,2025-01-28,CUST1002,Beauty,Sunscreen,West,Website,Debit Card,1,665.09,0.05,631.84,195.96
ORD101277,2025-01-15,CUST1913,Electronics,Bluetooth Speaker,South,Marketplace,Cash on Delivery,3,1790.54,0.2,4297.3,603.68
ORD101278,2025-01-17,CUST1443,Home & Kitchen,Electric Kettle,Central,Mobile App,UPI,1,1673.58,0.1,1506.22,384.52
ORD101279,2025-03-17,CUST1393,Fashion,Backpack,South,Mobile App,UPI,2,1361.5,0.05,2586.85,769.68
ORD101280,2025-11-17,CUST1250,Beauty,Shampoo,West,Website,Debit Card,5,514.85,0.05,2445.54,787.83
ORD101281,2025-11-05,CUST1262,Books,Machine Learning Basics,Central,Mobile App,UPI,1,980.18,0.1,882.16,235.55
ORD101282,2025-11-21,CUST2090,Books,Data Analytics Guide,East,Mobile App,Net Banking,1,720.87,0.05,684.83,187.99
ORD101283,2025-03-18,CUST1917,Beauty,Perfume,Central,Website,Cash on Delivery,1,1222.35,0.15,1039.0,296.35
ORD101284,2025-07-29,CUST1958,Home & Kitchen,Electric Kettle,Central,Marketplace,Credit Card,1,1685.06,0.05,1600.81,331.48
ORD101285,2025-04-13,CUST1672,Beauty,Shampoo,West,Website,Credit Card,3,508.6,0.2,1220.64,381.61
ORD101286,2025-08-14,CUST1652,Electronics,Smart Watch,West,Website,Credit Card,2,3181.48,0.05,6044.81,782.98
ORD101287,2025-06-05,CUST2106,Electronics,Power Bank,South,Marketplace,Debit Card,5,976.78,0.05,4639.7,581.82
ORD101288,2025-09-12,CUST1063,Electronics,Bluetooth Speaker,East,Website,Credit Card,3,1827.65,0.0,5482.95,879.47
ORD101289,2025-05-14,CUST1911,Books,Fiction Novel,East,Website,Debit Card,2,414.05,0.2,662.48,164.14
ORD101290,2025-09-11,CUST1283,Electronics,USB-C Hub,West,Website,Credit Card,2,1313.11,0.1,2363.6,352.44
ORD101291,2025-01-19,CUST1538,Fashion,Casual Shirt,West,Website,Credit Card,1,1117.85,0.0,1117.85,283.16
ORD101292,2025-08-16,CUST1576,Home & Kitchen,Electric Kettle,West,Website,Cash on Delivery,2,1663.35,0.0,3326.7,667.43
ORD101293,2025-04-21,CUST1506,Home & Kitchen,Mixer Grinder,North,Website,UPI,1,3360.97,0.1,3024.87,552.81
ORD101294,2025-03-28,CUST1897,Books,Python Programming,East,Marketplace,UPI,1,620.39,0.1,558.35,120.49
ORD101295,2025-12-31,CUST2180,Electronics,USB-C Hub,South,Website,UPI,3,1225.33,0.15,3124.59,403.0
ORD101296,2025-09-20,CUST1184,Fashion,Denim Jeans,West,Marketplace,Credit Card,1,1593.15,0.25,1194.86,322.6
ORD101297,2025-05-10,CUST1764,Beauty,Sunscreen,West,Website,UPI,1,720.47,0.1,648.42,193.5
ORD101298,2025-10-24,CUST1752,Electronics,Bluetooth Speaker,East,Website,Cash on Delivery,5,1748.24,0.05,8304.14,1370.05
ORD101299,2025-05-12,CUST2117,Beauty,Shampoo,East,Website,Debit Card,4,536.84,0.1,1932.62,681.91
ORD101300,2025-08-25,CUST1287,Fashion,Cotton T-Shirt,Central,Mobile App,UPI,3,656.91,0.15,1675.12,379.92
ORD101301,2025-06-26,CUST1021,Home & Kitchen,Storage Container Set,West,Website,UPI,2,987.13,0.25,1480.7,343.91
ORD101302,2025-11-14,CUST1730,Electronics,Bluetooth Speaker,West,Marketplace,UPI,3,1835.76,0.1,4956.55,809.44
ORD101303,2025-12-29,CUST2157,Electronics,Power Bank,East,Mobile App,Credit Card,4,1079.47,0.1,3886.09,786.91
ORD101304,2025-08-24,CUST1019,Fashion,Casual Shirt,South,Mobile App,Cash on Delivery,1,1123.53,0.05,1067.35,315.96
ORD101305,2025-06-06,CUST1826,Electronics,Power Bank,East,Marketplace,UPI,1,1010.98,0.1,909.88,143.95
ORD101306,2025-11-25,CUST1520,Electronics,USB-C Hub,Central,Website,UPI,2,1291.53,0.2,2066.45,343.26
ORD101307,2025-04-25,CUST1666,Electronics,Wireless Headphones,South,Marketplace,Net Banking,3,2556.73,0.0,7670.19,1121.28
ORD101308,2025-03-29,CUST1925,Books,Data Analytics Guide,South,Marketplace,Credit Card,1,716.79,0.05,680.95,172.83
ORD101309,2025-05-23,CUST1820,Home & Kitchen,Electric Kettle,East,Mobile App,Debit Card,1,1597.7,0.15,1358.04,233.89
ORD101310,2025-04-14,CUST1158,Fashion,Denim Jeans,East,Website,Net Banking,2,1423.13,0.25,2134.7,512.48
ORD101311,2025-12-22,CUST1100,Electronics,Wireless Headphones,Central,Marketplace,Cash on Delivery,1,2407.54,0.0,2407.54,367.92
ORD101312,2025-06-12,CUST1593,Beauty,Face Wash,South,Website,Cash on Delivery,1,384.49,0.25,288.37,99.7
ORD101313,2025-09-20,CUST1166,Beauty,Moisturizer,West,Website,Net Banking,2,633.17,0.1,1139.71,376.91
ORD101314,2025-09-14,CUST1043,Electronics,Smart Watch,South,Website,Cash on Delivery,1,3151.8,0.05,2994.21,492.24
ORD101315,2025-05-25,CUST1345,Electronics,Smart Watch,South,Mobile App,UPI,1,3275.66,0.0,3275.66,467.99
ORD101316,2025-06-27,CUST1746,Fashion,Backpack,East,Marketplace,Net Banking,2,1367.86,0.1,2462.15,687.66
ORD101317,2025-04-13,CUST1497,Books,Python Programming,North,Website,Debit Card,1,622.63,0.0,622.63,142.26
ORD101318,2025-04-22,CUST1527,Beauty,Moisturizer,West,Website,UPI,3,651.48,0.25,1465.83,431.09
ORD101319,2025-05-06,CUST1762,Beauty,Moisturizer,Central,Website,UPI,3,646.28,0.0,1938.84,618.98
ORD101320,2025-10-14,CUST1186,Electronics,Smart Watch,West,Website,UPI,1,3248.96,0.15,2761.62,478.08
ORD101321,2025-07-06,CUST1366,Books,Machine Learning Basics,East,Website,Credit Card,1,984.18,0.05,934.97,200.17
ORD101322,2025-10-25,CUST1473,Home & Kitchen,Mixer Grinder,East,Website,UPI,2,3540.49,0.15,6018.83,1286.54
ORD101323,2025-11-23,CUST1165,Books,Python Programming,East,Marketplace,UPI,1,542.16,0.15,460.84,117.73
ORD101324,2025-10-02,CUST1427,Home & Kitchen,Mixer Grinder,Central,Website,UPI,1,3347.06,0.1,3012.35,583.83
ORD101325,2025-04-14,CUST1143,Books,Fiction Novel,Central,Mobile App,Cash on Delivery,2,360.24,0.2,576.38,142.54
ORD101326,2025-08-02,CUST1956,Home & Kitchen,Storage Container Set,East,Mobile App,Debit Card,1,972.22,0.05,923.61,178.31
ORD101327,2025-12-13,CUST1025,Electronics,Power Bank,West,Mobile App,Debit Card,2,928.6,0.1,1671.48,200.63
ORD101328,2025-07-06,CUST1216,Fashion,Denim Jeans,Central,Mobile App,Credit Card,4,1385.94,0.05,5266.57,1423.63
ORD101329,2025-08-15,CUST2001,Fashion,Cotton T-Shirt,Central,Mobile App,UPI,1,748.79,0.05,711.35,215.97
ORD101330,2025-04-23,CUST1143,Home & Kitchen,Storage Container Set,South,Mobile App,Credit Card,1,840.23,0.0,840.23,172.15
ORD101331,2025-11-18,CUST1806,Books,Fiction Novel,North,Mobile App,UPI,1,418.52,0.0,418.52,92.49
ORD101332,2025-08-17,CUST1274,Fashion,Cotton T-Shirt,Central,Website,Credit Card,1,757.33,0.15,643.73,189.94
ORD101333,2025-07-19,CUST1417,Fashion,Cotton T-Shirt,North,Mobile App,UPI,3,727.37,0.0,2182.11,630.22
ORD101334,2025-01-12,CUST1160,Home & Kitchen,Air Fryer,North,Website,Debit Card,2,5432.42,0.0,10864.84,2002.55
ORD101335,2025-08-21,CUST1922,Beauty,Perfume,South,Mobile App,UPI,2,1222.17,0.1,2199.91,724.05
ORD101336,2025-01-31,CUST1985,Electronics,Bluetooth Speaker,East,Marketplace,UPI,1,1656.38,0.15,1407.92,233.89
ORD101337,2025-07-11,CUST1010,Fashion,Backpack,West,Marketplace,Credit Card,1,1425.09,0.0,1425.09,432.58
ORD101338,2025-09-03,CUST1087,Home & Kitchen,Electric Kettle,Central,Mobile App,Cash on Delivery,1,1691.87,0.2,1353.5,258.48
ORD101339,2025-03-10,CUST1133,Books,Data Analytics Guide,Central,Mobile App,Credit Card,1,789.82,0.05,750.33,193.37
ORD101340,2025-06-10,CUST1746,Fashion,Denim Jeans,East,Mobile App,UPI,2,1353.79,0.0,2707.58,735.18
ORD101341,2025-04-11,CUST2121,Electronics,Wireless Headphones,North,Website,Credit Card,2,2633.13,0.05,5002.95,882.84
ORD101342,2025-01-20,CUST1535,Books,Python Programming,Central,Website,Debit Card,1,579.57,0.0,579.57,108.68
ORD101343,2025-12-11,CUST1017,Home & Kitchen,Storage Container Set,South,Marketplace,UPI,2,844.99,0.0,1689.98,280.45
ORD101344,2025-03-29,CUST1449,Books,Business Management,Central,Website,UPI,1,524.49,0.2,419.59,130.47
ORD101345,2025-01-30,CUST1577,Books,Data Analytics Guide,East,Website,UPI,3,723.57,0.05,2062.17,594.15
ORD101346,2025-04-02,CUST1512,Fashion,Backpack,North,Website,Cash on Delivery,2,1289.65,0.0,2579.3,633.94
ORD101347,2025-08-28,CUST1258,Beauty,Sunscreen,West,Website,UPI,2,727.23,0.25,1090.84,294.59
ORD101348,2025-05-29,CUST1811,Beauty,Perfume,West,Website,UPI,1,1335.75,0.0,1335.75,381.26
ORD101349,2025-04-22,CUST1803,Books,Business Management,Central,Mobile App,UPI,2,456.23,0.1,821.21,199.79
ORD101350,2025-07-28,CUST1278,Books,Data Analytics Guide,North,Website,UPI,1,706.5,0.1,635.85,155.11
ORD101351,2025-05-14,CUST1708,Beauty,Perfume,South,Mobile App,UPI,1,1251.01,0.0,1251.01,420.83
ORD101352,2025-10-14,CUST1211,Fashion,Casual Shirt,North,Website,UPI,1,1312.4,0.1,1181.16,384.04
ORD101353,2025-03-22,CUST1322,Beauty,Moisturizer,East,Marketplace,UPI,3,644.59,0.1,1740.39,541.19
ORD101354,2025-02-07,CUST1243,Home & Kitchen,Storage Container Set,North,Marketplace,Net Banking,1,955.71,0.2,764.57,156.33
ORD101355,2025-10-13,CUST2162,Home & Kitchen,Storage Container Set,West,Mobile App,Cash on Delivery,1,855.47,0.0,855.47,187.31
ORD101356,2025-02-05,CUST2195,Home & Kitchen,Mixer Grinder,East,Website,Debit Card,1,3239.07,0.1,2915.16,555.82
ORD101357,2025-05-31,CUST1511,Fashion,Cotton T-Shirt,South,Website,UPI,2,708.09,0.1,1274.56,365.68
ORD101358,2025-12-29,CUST1940,Home & Kitchen,Air Fryer,East,Website,UPI,4,4522.9,0.0,18091.6,3800.3
ORD101359,2025-02-24,CUST2187,Electronics,Smart Watch,East,Marketplace,Credit Card,2,3535.05,0.1,6363.09,1201.9
ORD101360,2025-10-14,CUST1155,Beauty,Face Wash,Central,Marketplace,Cash on Delivery,1,366.89,0.0,366.89,114.61
ORD101361,2025-06-25,CUST1774,Books,Machine Learning Basics,West,Website,UPI,1,900.76,0.0,900.76,228.87
ORD101362,2025-09-07,CUST1227,Home & Kitchen,Storage Container Set,South,Mobile App,Net Banking,2,885.58,0.25,1328.37,269.95
ORD101363,2025-12-09,CUST1240,Beauty,Shampoo,East,Mobile App,Debit Card,1,543.89,0.0,543.89,172.26
ORD101364,2025-06-03,CUST2145,Electronics,Smart Watch,West,Website,UPI,4,3009.2,0.2,9629.44,1347.21
ORD101365,2025-04-25,CUST1001,Home & Kitchen,Mixer Grinder,North,Mobile App,Credit Card,2,3503.37,0.1,6306.07,1125.56
ORD101366,2025-05-31,CUST1950,Beauty,Face Wash,South,Website,UPI,5,415.27,0.15,1764.9,601.22
ORD101367,2025-12-08,CUST1642,Electronics,Wireless Headphones,Central,Mobile App,UPI,1,2499.62,0.15,2124.68,362.58
ORD101368,2025-03-14,CUST1560,Electronics,Bluetooth Speaker,South,Website,Debit Card,3,1863.21,0.15,4751.19,643.74
ORD101369,2025-06-30,CUST2188,Beauty,Shampoo,East,Marketplace,UPI,4,520.35,0.0,2081.4,727.82
ORD101370,2025-05-01,CUST1451,Books,Data Analytics Guide,North,Website,Credit Card,1,693.92,0.0,693.92,165.36
ORD101371,2025-10-17,CUST1164,Books,Machine Learning Basics,Central,Website,UPI,5,954.32,0.15,4055.86,1100.17
ORD101372,2025-11-02,CUST1204,Fashion,Casual Shirt,Central,Website,UPI,1,1271.18,0.05,1207.62,390.38
ORD101373,2025-08-11,CUST1636,Beauty,Face Wash,Central,Mobile App,Net Banking,2,427.46,0.0,854.92,279.43
ORD101374,2025-03-07,CUST1779,Beauty,Perfume,East,Website,UPI,2,1409.22,0.15,2395.67,765.37
ORD101375,2025-10-24,CUST1003,Books,Fiction Novel,East,Marketplace,Credit Card,1,425.3,0.15,361.5,94.96
ORD101376,2025-02-21,CUST1112,Electronics,USB-C Hub,West,Mobile App,UPI,2,1305.93,0.2,2089.49,391.8
ORD101377,2025-01-28,CUST1238,Books,Data Analytics Guide,West,Website,Debit Card,3,753.43,0.0,2260.29,571.4
ORD101378,2025-05-30,CUST2162,Home & Kitchen,Storage Container Set,North,Website,UPI,2,941.09,0.1,1693.96,319.45
ORD101379,2025-03-18,CUST1624,Fashion,Denim Jeans,South,Marketplace,UPI,1,1579.76,0.15,1342.8,377.88
ORD101380,2025-08-30,CUST1665,Books,Python Programming,West,Website,Credit Card,1,625.3,0.1,562.77,132.84
ORD101381,2025-02-01,CUST1177,Electronics,Bluetooth Speaker,Central,Mobile App,UPI,1,1763.07,0.2,1410.46,335.1
ORD101382,2025-03-23,CUST1982,Books,Machine Learning Basics,South,Website,Net Banking,1,844.17,0.0,844.17,206.05
ORD101383,2025-03-01,CUST1771,Books,Fiction Novel,South,Website,Net Banking,3,409.05,0.2,981.72,236.56
ORD101384,2025-06-29,CUST1867,Electronics,USB-C Hub,Central,Website,UPI,1,1190.02,0.1,1071.02,175.03
ORD101385,2025-06-07,CUST1484,Books,Fiction Novel,South,Marketplace,UPI,1,428.53,0.15,364.25,84.05
ORD101387,2025-09-18,CUST1628,Beauty,Face Wash,Central,Mobile App,Cash on Delivery,1,389.29,0.2,311.43,95.51
ORD101388,2025-01-13,CUST2116,Books,Python Programming,East,Mobile App,Credit Card,1,580.76,0.05,551.72,132.0
ORD101389,2025-10-30,CUST2022,Books,Python Programming,South,Website,Credit Card,2,609.55,0.05,1158.14,250.11
ORD101390,2025-03-04,CUST1460,Fashion,Casual Shirt,South,Mobile App,Credit Card,1,1109.42,0.15,943.01,292.26
ORD101391,2025-08-14,CUST1210,Fashion,Cotton T-Shirt,West,Mobile App,UPI,1,747.74,0.15,635.58,151.45
ORD101392,2025-08-27,CUST1476,Home & Kitchen,Mixer Grinder,North,Website,UPI,1,3807.9,0.1,3427.11,780.38
ORD101393,2025-11-09,CUST2158,Fashion,Casual Shirt,South,Marketplace,Credit Card,2,1316.6,0.2,2106.56,584.82
ORD101394,2025-11-17,CUST1093,Books,Machine Learning Basics,East,Website,Net Banking,2,927.38,0.0,1854.76,437.59
ORD101395,2025-09-05,CUST1368,Electronics,Wireless Headphones,South,Marketplace,Debit Card,2,2675.39,0.15,4548.16,755.53
ORD101396,2025-11-24,CUST1464,Beauty,Shampoo,Central,Marketplace,UPI,1,451.15,0.25,338.36,127.7
ORD101397,2025-10-21,CUST1860,Home & Kitchen,Non-Stick Pan,Central,Website,Credit Card,1,1253.66,0.0,1253.66,209.41
ORD101398,2025-09-02,CUST1703,Home & Kitchen,Electric Kettle,South,Website,Cash on Delivery,1,1517.5,0.15,1289.88,293.03
ORD101399,2025-07-20,CUST2174,Books,Fiction Novel,West,Mobile App,Net Banking,3,408.17,0.15,1040.83,221.75
ORD101400,2025-05-17,CUST1321,Fashion,Running Shoes,East,Website,Credit Card,2,2291.76,0.1,4125.17,1180.1
ORD101401,2025-08-22,CUST1540,Electronics,Bluetooth Speaker,West,Website,Net Banking,1,1692.0,0.2,1353.6,205.36
ORD101402,2025-10-22,CUST1986,Electronics,Power Bank,East,Website,Debit Card,1,1051.96,0.05,999.36,169.75
ORD101403,2025-05-13,CUST1356,Electronics,Smart Watch,South,Marketplace,UPI,1,3414.88,0.15,2902.65,543.58
ORD101404,2025-03-03,CUST1410,Fashion,Cotton T-Shirt,West,Website,Credit Card,2,756.91,0.1,1362.44,369.84
ORD101405,2025-04-08,CUST1773,Electronics,Smart Watch,Central,Website,UPI,2,3381.36,0.25,5072.04,720.24
ORD101406,2025-01-23,CUST1930,Home & Kitchen,Storage Container Set,East,Marketplace,Cash on Delivery,1,934.7,0.0,934.7,184.55
ORD101407,2025-10-01,CUST1878,Electronics,Power Bank,South,Marketplace,Credit Card,2,929.28,0.05,1765.63,287.35
ORD101408,2025-05-06,CUST1808,Beauty,Moisturizer,East,Website,Credit Card,1,641.56,0.2,513.25,182.46
ORD101409,2025-11-29,CUST2199,Books,Business Management,North,Marketplace,UPI,1,526.13,0.1,473.52,136.12
ORD101410,2025-04-05,CUST1877,Home & Kitchen,Storage Container Set,South,Website,Net Banking,5,900.36,0.1,4051.62,884.74
ORD101411,2025-01-17,CUST1315,Books,Data Analytics Guide,West,Marketplace,Cash on Delivery,1,775.91,0.25,581.93,152.53
ORD101412,2025-11-28,CUST1854,Books,Python Programming,Central,Mobile App,UPI,1,555.05,0.05,527.3,145.08
ORD101413,2025-01-21,CUST1299,Books,Business Management,North,Website,Credit Card,1,520.4,0.05,494.38,125.78
ORD101414,2025-05-26,CUST1984,Beauty,Face Wash,Central,Website,Debit Card,1,408.33,0.15,347.08,99.36
ORD101415,2025-02-19,CUST1883,Electronics,USB-C Hub,West,Mobile App,Net Banking,1,1202.16,0.0,1202.16,184.0
ORD101416,2025-11-08,CUST1376,Beauty,Perfume,South,Marketplace,UPI,1,1271.32,0.0,1271.32,424.17
ORD101417,2025-03-16,CUST1351,Books,Data Analytics Guide,South,Mobile App,Credit Card,2,795.5,0.1,1431.9,337.51
ORD101418,2025-08-13,CUST1310,Books,Python Programming,Central,Website,Cash on Delivery,2,568.62,0.05,1080.38,317.7
ORD101419,2025-01-05,CUST1657,Fashion,Casual Shirt,Central,Mobile App,Credit Card,2,1247.71,0.05,2370.65,664.11
ORD101420,2025-01-10,CUST1748,Books,Business Management,South,Mobile App,UPI,1,480.84,0.0,480.84,132.03
ORD101421,2025-01-20,CUST1511,Beauty,Face Wash,South,Mobile App,UPI,1,389.77,0.15,331.3,110.4
ORD101422,2025-10-09,CUST1220,Beauty,Face Wash,West,Marketplace,Cash on Delivery,1,364.98,0.2,291.98,103.33
ORD101423,2025-01-18,CUST2117,Beauty,Perfume,West,Website,UPI,1,1294.26,0.2,1035.41,316.88
ORD101424,2025-07-15,CUST2182,Electronics,Smart Watch,Central,Website,UPI,2,2988.41,0.05,5677.98,762.12
ORD101425,2025-11-13,CUST1185,Fashion,Denim Jeans,Central,Mobile App,Credit Card,2,1466.66,0.0,2933.32,777.38
ORD101426,2025-03-16,CUST1669,Fashion,Running Shoes,North,Marketplace,Credit Card,1,2499.38,0.1,2249.44,699.32
ORD101427,2025-11-07,CUST1576,Books,Business Management,North,Marketplace,Debit Card,4,526.28,0.15,1789.35,505.62
ORD101428,2025-07-24,CUST1164,Books,Python Programming,North,Website,Debit Card,1,591.95,0.1,532.76,124.33
ORD101429,2025-09-28,CUST1988,Home & Kitchen,Storage Container Set,North,Website,Credit Card,1,955.02,0.15,811.77,166.93
ORD101430,2025-04-21,CUST1064,Books,Python Programming,South,Marketplace,Debit Card,1,611.32,0.25,458.49,96.31
ORD101431,2025-03-17,CUST1329,Books,Fiction Novel,East,Mobile App,Debit Card,2,418.24,0.05,794.66,225.12
ORD101432,2025-01-01,CUST1678,Books,Python Programming,Central,Mobile App,UPI,1,604.87,0.0,604.87,141.51
ORD101433,2025-03-28,CUST2102,Electronics,Bluetooth Speaker,East,Website,Debit Card,1,1798.88,0.15,1529.05,213.38
ORD101434,2025-05-23,CUST1740,Books,Python Programming,North,Mobile App,Net Banking,1,559.64,0.25,419.73,106.22
ORD101435,2025-09-19,CUST1436,Fashion,Cotton T-Shirt,North,Website,Debit Card,2,667.18,0.15,1134.21,319.6
ORD101436,2025-08-07,CUST1196,Fashion,Casual Shirt,South,Mobile App,Net Banking,4,1176.47,0.15,4000.0,1109.12
ORD101437,2025-08-05,CUST1375,Home & Kitchen,Mixer Grinder,West,Mobile App,UPI,3,3830.21,0.05,10916.1,2342.69
ORD101438,2025-07-18,CUST1514,Books,Machine Learning Basics,North,Website,UPI,1,814.82,0.1,733.34,165.71
ORD101439,2025-07-15,CUST1796,Home & Kitchen,Storage Container Set,Central,Mobile App,UPI,1,827.08,0.15,703.02,142.07
ORD101440,2025-02-10,CUST1767,Books,Machine Learning Basics,North,Mobile App,Credit Card,1,971.2,0.0,971.2,234.71
ORD101441,2025-01-18,CUST1056,Electronics,USB-C Hub,East,Website,Debit Card,1,1313.21,0.0,1313.21,279.27
ORD101442,2025-09-13,CUST1301,Fashion,Casual Shirt,North,Website,Net Banking,1,1213.16,0.1,1091.84,262.3
ORD101443,2025-07-28,CUST1835,Electronics,Power Bank,West,Website,UPI,1,982.84,0.1,884.56,150.9
ORD101444,2025-08-01,CUST1333,Beauty,Perfume,South,Website,Credit Card,3,1197.59,0.05,3413.13,1044.14
ORD101445,2025-12-19,CUST2160,Fashion,Cotton T-Shirt,South,Website,Debit Card,2,762.04,0.0,1524.08,464.83
ORD101446,2025-09-15,CUST1482,Electronics,Power Bank,Central,Marketplace,Debit Card,1,962.39,0.2,769.91,140.0
ORD101447,2025-02-06,CUST1169,Home & Kitchen,Air Fryer,South,Marketplace,UPI,2,4725.81,0.0,9451.62,1851.76
ORD101448,2025-12-31,CUST1136,Fashion,Cotton T-Shirt,Central,Website,UPI,1,689.37,0.25,517.03,137.42
ORD101449,2025-06-13,CUST1324,Fashion,Casual Shirt,South,Mobile App,UPI,1,1126.1,0.1,1013.49,269.75
ORD101450,2025-05-15,CUST1954,Home & Kitchen,Non-Stick Pan,North,Website,UPI,2,1212.28,0.05,2303.33,488.24
ORD101451,2025-10-05,CUST2135,Electronics,Bluetooth Speaker,Central,Mobile App,Cash on Delivery,1,1817.63,0.25,1363.22,211.61
ORD101452,2025-03-09,CUST1359,Fashion,Backpack,East,Website,Credit Card,1,1411.02,0.1,1269.92,343.61
ORD101453,2025-06-03,CUST1565,Home & Kitchen,Mixer Grinder,South,Website,UPI,5,3273.49,0.1,14730.7,3193.11
ORD101454,2025-03-31,CUST1140,Home & Kitchen,Storage Container Set,West,Website,Cash on Delivery,2,882.08,0.25,1323.12,252.41
ORD101455,2025-10-16,CUST1527,Electronics,Smart Watch,Central,Marketplace,UPI,1,3315.55,0.1,2984.0,580.74
ORD101456,2025-08-13,CUST1605,Beauty,Shampoo,Central,Marketplace,Debit Card,1,500.7,0.0,500.7,155.11
ORD101457,2025-12-02,CUST1063,Home & Kitchen,Electric Kettle,North,Website,UPI,3,1644.33,0.1,4439.69,917.8
ORD101458,2025-08-02,CUST1079,Fashion,Running Shoes,East,Mobile App,UPI,3,2257.33,0.05,6433.39,1996.08
ORD101459,2025-04-17,CUST1395,Fashion,Running Shoes,North,Mobile App,Debit Card,1,2233.14,0.0,2233.14,672.86
ORD101460,2025-01-04,CUST1947,Beauty,Face Wash,South,Website,Net Banking,5,386.91,0.15,1644.37,463.95
ORD101461,2025-08-28,CUST1048,Books,Fiction Novel,South,Website,Cash on Delivery,2,390.39,0.25,585.58,123.65
ORD101462,2025-03-30,CUST1673,Beauty,Sunscreen,East,Mobile App,Net Banking,1,669.5,0.15,569.07,180.38
ORD101463,2025-05-20,CUST1681,Beauty,Face Wash,South,Mobile App,UPI,1,429.71,0.25,322.28,103.42
ORD101464,2025-05-17,CUST1912,Books,Python Programming,North,Website,UPI,4,594.94,0.05,2260.77,543.79
ORD101465,2025-04-13,CUST1042,Home & Kitchen,Electric Kettle,East,Mobile App,Credit Card,1,1526.3,0.0,1526.3,335.42
ORD101466,2025-02-07,CUST2121,Electronics,Power Bank,West,Marketplace,Credit Card,1,1033.2,0.25,774.9,134.07
ORD101467,2025-11-21,CUST1691,Home & Kitchen,Non-Stick Pan,North,Website,Credit Card,1,1344.14,0.1,1209.73,269.32
ORD101468,2025-11-19,CUST1233,Beauty,Perfume,North,Website,UPI,1,1339.56,0.15,1138.63,337.5
ORD101469,2025-02-02,CUST1696,Books,Business Management,Central,Website,Net Banking,3,531.85,0.15,1356.22,335.88
ORD101470,2025-06-04,CUST1289,Books,Fiction Novel,South,Marketplace,UPI,1,390.94,0.15,332.3,80.2
ORD101471,2025-05-15,CUST1202,Books,Python Programming,Central,Mobile App,UPI,1,641.56,0.0,641.56,125.78
ORD101472,2025-02-19,CUST1112,Electronics,Smart Watch,South,Mobile App,Debit Card,1,3233.41,0.1,2910.07,500.64
ORD101473,2025-03-22,CUST1067,Home & Kitchen,Non-Stick Pan,Central,Mobile App,Credit Card,2,1211.63,0.0,2423.26,523.64
ORD101474,2025-11-04,CUST1174,Electronics,Smart Watch,West,Mobile App,Net Banking,1,3431.39,0.0,3431.39,570.99
ORD101475,2025-09-23,CUST1168,Electronics,Bluetooth Speaker,North,Mobile App,UPI,1,1731.15,0.1,1558.04,285.02
ORD101476,2025-01-04,CUST1788,Books,Data Analytics Guide,West,Mobile App,UPI,3,677.37,0.15,1727.29,347.41
ORD101477,2025-06-14,CUST1692,Books,Python Programming,Central,Mobile App,Debit Card,3,615.6,0.2,1477.44,419.84
ORD101478,2025-11-11,CUST1525,Electronics,Wireless Headphones,North,Mobile App,UPI,1,2616.93,0.1,2355.24,420.24
ORD101479,2025-03-13,CUST1755,Home & Kitchen,Mixer Grinder,East,Mobile App,UPI,1,3154.12,0.0,3154.12,666.47
ORD101480,2025-09-12,CUST1685,Fashion,Running Shoes,Central,Website,Cash on Delivery,2,2280.51,0.0,4561.02,1048.4
ORD101481,2025-01-23,CUST1574,Electronics,Smart Watch,East,Website,UPI,2,3553.72,0.05,6752.07,873.4
ORD101482,2025-06-05,CUST2032,Beauty,Face Wash,South,Website,Credit Card,2,361.87,0.15,615.18,207.23
ORD101483,2025-11-05,CUST1412,Fashion,Cotton T-Shirt,South,Mobile App,Credit Card,3,728.08,0.0,2184.24,616.01
ORD101484,2025-10-19,CUST1389,Fashion,Running Shoes,South,Website,UPI,3,2278.93,0.0,6836.79,1933.6
ORD101485,2025-08-20,CUST1186,Electronics,USB-C Hub,Central,Mobile App,Cash on Delivery,2,1265.58,0.2,2024.93,375.33
ORD101486,2025-07-02,CUST1391,Home & Kitchen,Non-Stick Pan,West,Website,UPI,3,1407.78,0.2,3378.67,744.97
ORD101487,2025-03-02,CUST1166,Fashion,Cotton T-Shirt,Central,Website,Debit Card,1,661.71,0.1,595.54,153.49
ORD101488,2025-08-07,CUST1658,Books,Machine Learning Basics,South,Marketplace,Credit Card,1,927.8,0.15,788.63,188.11
ORD101489,2025-02-13,CUST1910,Fashion,Backpack,North,Website,Debit Card,1,1339.92,0.0,1339.92,344.99
ORD101490,2025-01-02,CUST1734,Home & Kitchen,Air Fryer,East,Marketplace,Credit Card,1,5341.9,0.15,4540.62,880.91
ORD101491,2025-02-26,CUST1498,Beauty,Moisturizer,North,Marketplace,Cash on Delivery,1,633.01,0.15,538.06,179.6
ORD101492,2025-07-05,CUST1946,Fashion,Casual Shirt,East,Mobile App,Credit Card,2,1318.88,0.1,2373.98,777.29
ORD101493,2025-02-23,CUST1037,Home & Kitchen,Air Fryer,East,Mobile App,Credit Card,1,5123.78,0.1,4611.4,1022.8
ORD101494,2025-10-11,CUST1496,Electronics,USB-C Hub,West,Marketplace,UPI,2,1212.11,0.05,2303.01,351.0
ORD101495,2025-04-21,CUST1850,Home & Kitchen,Air Fryer,East,Website,Cash on Delivery,3,5319.56,0.0,15958.68,3493.57
ORD101496,2025-02-25,CUST1084,Beauty,Face Wash,South,Mobile App,Credit Card,1,383.13,0.0,383.13,115.65
ORD101497,2025-11-18,CUST1266,Books,Machine Learning Basics,Central,Website,UPI,2,844.66,0.15,1435.92,385.9
ORD101498,2025-11-11,CUST2091,Fashion,Casual Shirt,North,Mobile App,Credit Card,2,1261.7,0.15,2144.89,510.12
ORD101499,2025-01-27,CUST1054,Beauty,Moisturizer,North,Mobile App,Debit Card,2,549.07,0.05,1043.23,364.57
ORD101500,2025-09-19,CUST1531,Electronics,Bluetooth Speaker,East,Mobile App,Cash on Delivery,1,1695.04,0.1,1525.54,246.68
ORD101501,2025-01-20,CUST2118,Electronics,Power Bank,East,Mobile App,UPI,3,1018.16,0.1,2749.03,445.88
ORD101502,2025-10-29,CUST1932,Books,Python Programming,South,Website,UPI,1,629.6,0.1,566.64,137.88
ORD101503,2025-12-17,CUST1062,Home & Kitchen,Electric Kettle,South,Mobile App,Debit Card,2,1555.23,0.05,2954.94,533.75
ORD101504,2025-03-20,CUST1433,Fashion,Backpack,North,Website,Debit Card,1,1493.24,0.1,1343.92,417.05
ORD101505,2025-03-21,CUST1017,Fashion,Casual Shirt,South,Mobile App,UPI,3,1279.79,0.1,3455.43,918.8
ORD101506,2025-02-23,CUST1823,Electronics,Smart Watch,South,Website,UPI,2,3460.45,0.1,6228.81,943.14
ORD101507,2025-08-28,CUST1455,Books,Python Programming,North,Website,Debit Card,1,567.0,0.1,510.3,127.82
ORD101508,2025-09-21,CUST1258,Home & Kitchen,Air Fryer,North,Website,Net Banking,1,4840.58,0.25,3630.44,789.32
ORD101509,2025-05-25,CUST1262,Electronics,Smart Watch,East,Website,UPI,2,3543.36,0.15,6023.71,1073.84
ORD101510,2025-10-28,CUST2135,Electronics,Wireless Headphones,West,Marketplace,Debit Card,1,2540.42,0.15,2159.36,277.85
ORD101511,2025-02-23,CUST1599,Beauty,Face Wash,Central,Marketplace,Net Banking,1,374.44,0.0,374.44,122.71
ORD101512,2025-11-26,CUST1833,Fashion,Backpack,Central,Website,Net Banking,1,1279.51,0.15,1087.58,315.09
ORD101513,2025-05-05,CUST1375,Fashion,Casual Shirt,North,Mobile App,Debit Card,1,1194.98,0.15,1015.73,343.09
ORD101514,2025-07-13,CUST2127,Beauty,Face Wash,North,Marketplace,UPI,2,403.5,0.1,726.3,217.35
ORD101515,2025-12-30,CUST1718,Home & Kitchen,Storage Container Set,North,Mobile App,UPI,1,988.06,0.05,938.66,184.06
ORD101516,2025-05-06,CUST2164,Beauty,Perfume,East,Marketplace,UPI,3,1257.89,0.05,3584.99,1203.95
ORD101517,2025-05-03,CUST1669,Home & Kitchen,Non-Stick Pan,North,Mobile App,Credit Card,1,1188.15,0.05,1128.74,225.84
ORD101518,2025-05-22,CUST1239,Electronics,Wireless Headphones,Central,Mobile App,Debit Card,4,2267.77,0.1,8163.97,1199.11
ORD101519,2025-05-26,CUST1672,Home & Kitchen,Non-Stick Pan,Central,Marketplace,UPI,1,1187.69,0.05,1128.31,203.94
ORD101520,2025-06-13,CUST1535,Electronics,Wireless Headphones,Central,Mobile App,Debit Card,4,2479.89,0.0,9919.56,1370.0
ORD101521,2025-08-07,CUST1173,Electronics,Smart Watch,East,Website,Cash on Delivery,1,3248.76,0.0,3248.76,487.0
ORD101522,2025-04-15,CUST1226,Electronics,Wireless Headphones,East,Mobile App,Debit Card,1,2735.66,0.05,2598.88,471.42
ORD101523,2025-07-24,CUST1878,Home & Kitchen,Air Fryer,Central,Marketplace,UPI,1,4758.44,0.1,4282.6,937.78
ORD101524,2025-10-23,CUST1068,Home & Kitchen,Mixer Grinder,South,Marketplace,Cash on Delivery,1,3811.01,0.0,3811.01,656.24
ORD101525,2025-09-15,CUST1752,Beauty,Moisturizer,East,Website,Credit Card,2,570.88,0.1,1027.58,346.41
ORD101526,2025-06-14,CUST2140,Home & Kitchen,Storage Container Set,North,Mobile App,Net Banking,1,974.43,0.05,925.71,136.23
ORD101527,2025-09-16,CUST2071,Books,Python Programming,Central,Marketplace,Credit Card,2,607.05,0.05,1153.39,309.17
ORD101528,2025-08-16,CUST1323,Books,Business Management,West,Mobile App,UPI,2,537.95,0.15,914.52,207.27
ORD101529,2025-03-24,CUST2070,Books,Fiction Novel,North,Website,Cash on Delivery,1,365.57,0.15,310.73,84.35
ORD101530,2025-08-18,CUST1578,Electronics,Wireless Headphones,South,Mobile App,UPI,5,2644.95,0.25,9918.56,1482.33
ORD101531,2025-08-27,CUST1112,Fashion,Denim Jeans,West,Mobile App,Credit Card,2,1572.68,0.05,2988.09,828.26
ORD101532,2025-12-27,CUST1349,Home & Kitchen,Electric Kettle,West,Marketplace,UPI,2,1564.0,0.0,3128.0,707.91
ORD101533,2025-12-26,CUST2025,Fashion,Casual Shirt,East,Website,UPI,2,1140.37,0.15,1938.63,577.64
ORD101534,2025-08-22,CUST2050,Books,Data Analytics Guide,South,Website,Credit Card,1,728.42,0.0,728.42,176.94
ORD101535,2025-02-17,CUST1770,Fashion,Denim Jeans,East,Marketplace,UPI,1,1376.95,0.0,1376.95,402.83
ORD101536,2025-01-10,CUST2006,Home & Kitchen,Mixer Grinder,Central,Marketplace,Debit Card,3,3197.96,0.1,8634.49,1376.7
ORD101537,2025-06-03,CUST1732,Books,Fiction Novel,East,Marketplace,Credit Card,1,415.72,0.1,374.15,94.68
ORD101538,2025-10-13,CUST1119,Home & Kitchen,Non-Stick Pan,North,Website,Debit Card,2,1323.49,0.1,2382.28,541.02
ORD101539,2025-11-08,CUST2113,Home & Kitchen,Electric Kettle,West,Marketplace,Cash on Delivery,1,1489.8,0.05,1415.31,258.31
ORD101540,2025-03-11,CUST1739,Home & Kitchen,Mixer Grinder,West,Mobile App,Credit Card,1,3730.02,0.15,3170.52,541.71
ORD101541,2025-11-26,CUST1984,Books,Python Programming,North,Website,Credit Card,3,591.98,0.15,1509.55,277.91
ORD101542,2025-03-05,CUST1777,Electronics,Smart Watch,North,Website,Cash on Delivery,4,3284.95,0.0,13139.8,1810.21
ORD101543,2025-09-18,CUST2158,Books,Business Management,Central,Website,UPI,1,541.6,0.15,460.36,111.29
ORD101544,2025-05-19,CUST1779,Fashion,Running Shoes,South,Website,Credit Card,1,2143.31,0.0,2143.31,542.38
ORD101545,2025-08-27,CUST1983,Beauty,Perfume,West,Marketplace,UPI,1,1238.51,0.0,1238.51,405.97
ORD101546,2025-07-20,CUST2076,Electronics,Smart Watch,Central,Website,UPI,3,3265.79,0.05,9307.5,1775.87
ORD101547,2025-05-12,CUST2026,Home & Kitchen,Mixer Grinder,East,Mobile App,Credit Card,2,3540.57,0.0,7081.14,1448.7
ORD101548,2025-11-24,CUST1628,Electronics,Smart Watch,North,Website,Debit Card,2,3543.54,0.05,6732.73,1181.48
ORD101549,2025-04-06,CUST1392,Home & Kitchen,Air Fryer,West,Website,Debit Card,2,4837.14,0.25,7255.71,1450.16
ORD101550,2025-07-28,CUST1217,Electronics,Wireless Headphones,Central,Marketplace,UPI,3,2678.94,0.05,7634.98,1039.76
ORD101551,2025-03-11,CUST1201,Books,Machine Learning Basics,West,Website,Debit Card,4,950.99,0.25,2852.97,598.35
ORD101552,2025-12-19,CUST1005,Fashion,Running Shoes,Central,Mobile App,Credit Card,2,2299.47,0.1,4139.05,1267.57
ORD101553,2025-07-28,CUST1594,Home & Kitchen,Mixer Grinder,North,Mobile App,UPI,3,3371.26,0.1,9102.4,1486.48
ORD101554,2025-06-09,CUST1927,Home & Kitchen,Air Fryer,North,Mobile App,Credit Card,2,4813.59,0.1,8664.46,1374.5
ORD101555,2025-01-13,CUST1230,Home & Kitchen,Storage Container Set,South,Website,Credit Card,1,966.57,0.15,821.58,181.45
ORD101556,2025-03-10,CUST1870,Books,Fiction Novel,South,Mobile App,Net Banking,2,431.53,0.15,733.6,148.23
ORD101557,2025-11-12,CUST1908,Books,Business Management,Central,Marketplace,UPI,1,450.83,0.05,428.29,112.73
ORD101558,2025-05-05,CUST1788,Home & Kitchen,Air Fryer,North,Mobile App,Credit Card,2,4812.36,0.15,8181.01,1531.16
ORD101559,2025-12-07,CUST2050,Home & Kitchen,Electric Kettle,East,Mobile App,UPI,1,1640.15,0.2,1312.12,262.77
ORD101560,2025-07-13,CUST1221,Books,Data Analytics Guide,East,Website,Debit Card,4,817.73,0.15,2780.28,597.76
ORD101561,2025-03-09,CUST2090,Books,Data Analytics Guide,Central,Website,UPI,1,757.69,0.2,606.15,154.85
ORD101562,2025-02-21,CUST1577,Electronics,USB-C Hub,South,Mobile App,Credit Card,1,1425.13,0.1,1282.62,177.64
ORD101563,2025-12-24,CUST1444,Books,Machine Learning Basics,North,Website,UPI,2,985.85,0.0,1971.7,403.92
ORD101564,2025-11-06,CUST2059,Beauty,Sunscreen,West,Website,UPI,1,720.6,0.05,684.57,236.19
ORD101565,2025-05-13,CUST1066,Home & Kitchen,Mixer Grinder,Central,Website,UPI,1,3210.88,0.0,3210.88,637.01
ORD101566,2025-01-12,CUST2092,Fashion,Backpack,East,Website,UPI,2,1503.41,0.0,3006.82,750.75
ORD101567,2025-11-16,CUST2198,Home & Kitchen,Storage Container Set,West,Website,UPI,1,838.29,0.0,838.29,163.87
ORD101568,2025-02-07,CUST1698,Home & Kitchen,Air Fryer,South,Mobile App,UPI,1,4698.3,0.1,4228.47,932.95
ORD101569,2025-05-30,CUST1031,Fashion,Cotton T-Shirt,West,Mobile App,UPI,4,736.02,0.05,2796.88,599.71
ORD101570,2025-04-24,CUST1777,Fashion,Casual Shirt,Central,Website,UPI,3,1176.61,0.15,3000.36,838.74
ORD101571,2025-07-21,CUST1089,Fashion,Denim Jeans,Central,Website,Cash on Delivery,2,1626.52,0.05,3090.39,829.66
ORD101572,2025-05-10,CUST1055,Beauty,Shampoo,West,Mobile App,UPI,3,489.88,0.15,1249.19,393.37
ORD101573,2025-08-19,CUST1869,Books,Machine Learning Basics,West,Mobile App,Net Banking,2,853.3,0.15,1450.61,381.68
ORD101574,2025-07-06,CUST1218,Beauty,Moisturizer,West,Mobile App,UPI,1,636.81,0.0,636.81,189.79
ORD101575,2025-10-06,CUST1341,Home & Kitchen,Electric Kettle,South,Website,UPI,1,1675.04,0.0,1675.04,272.76
ORD101576,2025-09-07,CUST1295,Electronics,Power Bank,South,Mobile App,Net Banking,2,1033.59,0.0,2067.18,332.03
ORD101577,2025-06-16,CUST1300,Fashion,Backpack,North,Mobile App,UPI,1,1362.35,0.1,1226.12,307.26
ORD101578,2025-04-14,CUST1982,Fashion,Casual Shirt,North,Website,UPI,2,1141.36,0.1,2054.45,543.62
ORD101579,2025-01-14,CUST2136,Beauty,Sunscreen,East,Marketplace,UPI,1,685.99,0.25,514.49,199.52
ORD101580,2025-10-27,CUST1530,Fashion,Casual Shirt,East,Website,Credit Card,1,1177.26,0.1,1059.53,326.7
ORD101581,2025-12-11,CUST1599,Home & Kitchen,Electric Kettle,Central,Website,Credit Card,2,1613.76,0.1,2904.77,599.21
ORD101582,2025-02-20,CUST1618,Electronics,Smart Watch,North,Website,Credit Card,1,3604.94,0.2,2883.95,462.05
ORD101583,2025-01-03,CUST1898,Electronics,Power Bank,Central,Website,UPI,2,1048.32,0.1,1886.98,415.06
ORD101584,2025-10-24,CUST1455,Books,Python Programming,North,Mobile App,UPI,1,656.72,0.15,558.21,146.96
ORD101585,2025-07-02,CUST1710,Beauty,Moisturizer,North,Mobile App,Cash on Delivery,1,611.61,0.0,611.61,158.09
ORD101586,2025-04-09,CUST1981,Books,Business Management,South,Website,UPI,1,514.18,0.0,514.18,111.84
ORD101587,2025-07-21,CUST1280,Electronics,Smart Watch,North,Website,Credit Card,1,3110.86,0.1,2799.77,406.6
ORD101588,2025-06-03,CUST1907,Home & Kitchen,Electric Kettle,West,Website,Debit Card,1,1497.28,0.05,1422.42,265.04
ORD101589,2025-12-22,CUST1420,Home & Kitchen,Air Fryer,East,Mobile App,UPI,3,4982.32,0.1,13452.26,3277.14
ORD101590,2025-04-07,CUST1978,Home & Kitchen,Electric Kettle,West,Website,Net Banking,1,1565.62,0.1,1409.06,279.65
ORD101591,2025-09-29,CUST1055,Fashion,Running Shoes,Central,Website,Credit Card,3,2295.92,0.1,6198.98,1589.19
ORD101592,2025-02-12,CUST1227,Books,Data Analytics Guide,East,Mobile App,Net Banking,2,699.61,0.15,1189.34,286.27
ORD101593,2025-07-23,CUST2041,Fashion,Casual Shirt,South,Marketplace,Debit Card,2,1227.38,0.05,2332.02,643.77
ORD101594,2025-11-20,CUST2195,Fashion,Denim Jeans,West,Mobile App,UPI,1,1357.75,0.05,1289.86,407.94
ORD101595,2025-12-28,CUST1796,Home & Kitchen,Storage Container Set,East,Mobile App,Debit Card,1,912.88,0.1,821.59,201.75
ORD101596,2025-01-25,CUST2124,Beauty,Moisturizer,North,Mobile App,UPI,3,573.72,0.05,1635.1,520.29
ORD101597,2025-02-17,CUST2004,Fashion,Denim Jeans,South,Marketplace,Cash on Delivery,4,1640.99,0.1,5907.56,1904.89
ORD101598,2025-05-30,CUST1036,Books,Machine Learning Basics,South,Website,Debit Card,1,862.62,0.1,776.36,191.53
ORD101599,2025-09-09,CUST1684,Books,Fiction Novel,Central,Website,Credit Card,3,361.67,0.0,1085.01,275.78
ORD101600,2025-01-18,CUST1818,Electronics,USB-C Hub,South,Marketplace,UPI,2,1310.81,0.15,2228.38,437.91
ORD101601,2025-08-18,CUST1243,Electronics,Wireless Headphones,East,Mobile App,Credit Card,2,2670.17,0.0,5340.34,780.16
ORD101602,2025-04-21,CUST1934,Electronics,Power Bank,Central,Mobile App,Net Banking,5,929.27,0.15,3949.4,682.97
ORD101603,2025-04-17,CUST1425,Electronics,USB-C Hub,South,Marketplace,Cash on Delivery,3,1345.72,0.1,3633.44,471.54
ORD101604,2025-04-17,CUST1643,Electronics,Smart Watch,North,Website,Credit Card,3,3244.03,0.05,9245.49,1354.98
ORD101605,2025-03-15,CUST1826,Fashion,Backpack,Central,Website,UPI,2,1504.82,0.25,2257.23,602.11
ORD101606,2025-12-03,CUST1316,Electronics,Bluetooth Speaker,North,Marketplace,Credit Card,3,1813.67,0.15,4624.86,751.18
ORD101607,2025-05-17,CUST1305,Books,Business Management,East,Website,UPI,2,543.41,0.1,978.14,257.06
ORD101608,2025-05-06,CUST1610,Fashion,Cotton T-Shirt,West,Website,Credit Card,1,702.84,0.0,702.84,208.41
ORD101609,2025-05-12,CUST1201,Electronics,USB-C Hub,East,Mobile App,Debit Card,1,1404.95,0.05,1334.7,220.43
ORD101610,2025-01-28,CUST1335,Electronics,Bluetooth Speaker,Central,Marketplace,Debit Card,2,1627.99,0.2,2604.78,436.35
ORD101611,2025-01-14,CUST1377,Home & Kitchen,Mixer Grinder,East,Website,Net Banking,3,3161.08,0.15,8060.75,1618.14
ORD101612,2025-08-04,CUST1561,Home & Kitchen,Mixer Grinder,East,Mobile App,UPI,1,3337.03,0.1,3003.33,605.59
ORD101613,2025-02-27,CUST1143,Fashion,Running Shoes,North,Website,Credit Card,1,2461.33,0.1,2215.2,577.84
ORD101614,2025-11-12,CUST1087,Beauty,Shampoo,South,Website,UPI,2,524.61,0.05,996.76,324.63
ORD101615,2025-12-20,CUST1305,Fashion,Running Shoes,Central,Marketplace,UPI,3,2355.64,0.05,6713.57,2095.24
ORD101616,2025-08-15,CUST2151,Electronics,Power Bank,Central,Marketplace,UPI,1,1035.41,0.25,776.56,159.39
ORD101617,2025-10-18,CUST1112,Books,Business Management,East,Website,Debit Card,1,500.52,0.0,500.52,116.4
ORD101618,2025-02-28,CUST1116,Beauty,Moisturizer,East,Website,UPI,2,621.55,0.25,932.32,312.61
ORD101619,2025-06-14,CUST1455,Home & Kitchen,Electric Kettle,West,Website,Cash on Delivery,1,1557.02,0.0,1557.02,393.41
ORD101620,2025-08-21,CUST1597,Electronics,Wireless Headphones,South,Website,Debit Card,1,2684.08,0.2,2147.26,295.84
ORD101621,2025-09-12,CUST2167,Books,Python Programming,East,Mobile App,Net Banking,3,596.67,0.1,1611.01,402.54
ORD101622,2025-01-03,CUST1512,Beauty,Shampoo,South,Marketplace,UPI,1,523.34,0.1,471.01,140.94
ORD101623,2025-05-04,CUST2145,Fashion,Backpack,Central,Website,UPI,1,1356.09,0.05,1288.29,350.74
ORD101624,2025-04-24,CUST1156,Home & Kitchen,Electric Kettle,West,Mobile App,Cash on Delivery,2,1517.78,0.2,2428.45,508.1
ORD101625,2025-01-31,CUST1949,Home & Kitchen,Electric Kettle,South,Marketplace,Debit Card,1,1699.08,0.15,1444.22,284.25
ORD101626,2025-09-11,CUST2190,Books,Business Management,West,Mobile App,Net Banking,1,546.7,0.1,492.03,135.02
ORD101627,2025-06-30,CUST2029,Home & Kitchen,Mixer Grinder,Central,Website,Credit Card,2,3282.15,0.05,6236.08,1283.54
ORD101628,2025-11-06,CUST1274,Books,Python Programming,East,Website,Cash on Delivery,3,633.1,0.0,1899.3,432.48
ORD101629,2025-04-19,CUST1182,Fashion,Denim Jeans,North,Website,Debit Card,1,1404.45,0.15,1193.78,353.84
ORD101630,2025-08-13,CUST2113,Electronics,USB-C Hub,South,Mobile App,UPI,1,1302.45,0.0,1302.45,176.34
ORD101631,2025-10-08,CUST1814,Electronics,Wireless Headphones,West,Website,UPI,1,2261.11,0.2,1808.89,290.76
ORD101632,2025-11-28,CUST1989,Electronics,Wireless Headphones,East,Mobile App,Cash on Delivery,3,2612.3,0.05,7445.06,1156.6
ORD101633,2025-11-20,CUST1881,Fashion,Cotton T-Shirt,West,Marketplace,UPI,4,715.65,0.15,2433.21,752.36
ORD101634,2025-03-28,CUST2064,Books,Business Management,South,Mobile App,Credit Card,4,479.1,0.2,1533.12,430.41
ORD101635,2025-03-01,CUST1862,Fashion,Running Shoes,East,Website,UPI,3,2459.75,0.1,6641.32,1755.81
ORD101636,2025-09-13,CUST1073,Electronics,Bluetooth Speaker,East,Website,UPI,2,1846.02,0.1,3322.84,513.56
ORD101637,2025-05-15,CUST1523,Home & Kitchen,Air Fryer,West,Mobile App,Net Banking,1,5249.78,0.05,4987.29,1082.24
ORD101638,2025-05-30,CUST2018,Home & Kitchen,Mixer Grinder,Central,Website,Net Banking,1,3806.36,0.15,3235.41,724.54
ORD101639,2025-12-24,CUST2022,Books,Machine Learning Basics,East,Mobile App,Cash on Delivery,2,961.8,0.1,1731.24,394.47
ORD101640,2025-08-27,CUST1590,Fashion,Casual Shirt,North,Mobile App,Debit Card,1,1278.5,0.1,1150.65,344.51
ORD101641,2025-11-23,CUST2179,Fashion,Cotton T-Shirt,South,Website,UPI,1,653.21,0.1,587.89,182.65
ORD101642,2025-05-27,CUST2010,Electronics,Power Bank,North,Marketplace,Cash on Delivery,2,1060.83,0.1,1909.49,274.88
ORD101643,2025-06-26,CUST1115,Fashion,Running Shoes,East,Mobile App,UPI,1,2069.68,0.2,1655.74,423.65
ORD101644,2025-03-19,CUST1948,Electronics,USB-C Hub,South,Marketplace,Cash on Delivery,1,1207.71,0.05,1147.32,165.86
ORD101645,2025-10-04,CUST1257,Electronics,Bluetooth Speaker,West,Website,UPI,1,1756.36,0.0,1756.36,358.51
ORD101646,2025-09-16,CUST1178,Home & Kitchen,Mixer Grinder,South,Marketplace,Credit Card,2,3205.31,0.15,5449.03,1485.26
ORD101647,2025-04-16,CUST1359,Electronics,USB-C Hub,East,Mobile App,Cash on Delivery,1,1219.65,0.15,1036.7,171.91
ORD101648,2025-01-13,CUST2067,Home & Kitchen,Storage Container Set,South,Marketplace,UPI,2,945.97,0.15,1608.15,271.7
ORD101649,2025-03-30,CUST1503,Fashion,Cotton T-Shirt,South,Mobile App,Credit Card,1,685.06,0.15,582.3,175.46
ORD101650,2025-04-06,CUST1203,Home & Kitchen,Electric Kettle,South,Mobile App,Net Banking,2,1502.45,0.0,3004.9,521.79
ORD101651,2025-04-26,CUST1859,Fashion,Denim Jeans,East,Marketplace,Credit Card,1,1618.53,0.0,1618.53,471.09
ORD101652,2025-09-22,CUST1361,Home & Kitchen,Air Fryer,North,Website,Net Banking,1,5459.77,0.15,4640.8,720.59
ORD101653,2025-11-02,CUST2170,Home & Kitchen,Air Fryer,South,Marketplace,Credit Card,1,4994.98,0.25,3746.23,830.64
ORD101654,2025-04-23,CUST1721,Fashion,Running Shoes,West,Website,UPI,1,2443.96,0.0,2443.96,591.42
ORD101655,2025-01-07,CUST1519,Beauty,Sunscreen,South,Mobile App,Debit Card,1,740.36,0.0,740.36,248.56
ORD101656,2025-07-08,CUST1235,Fashion,Running Shoes,Central,Website,Credit Card,1,2390.27,0.0,2390.27,571.93
ORD101657,2025-05-24,CUST1869,Beauty,Face Wash,West,Website,Debit Card,1,421.84,0.05,400.75,135.21
ORD101658,2025-04-09,CUST1837,Electronics,Smart Watch,North,Mobile App,Credit Card,1,2978.33,0.15,2531.58,498.18
ORD101659,2025-10-20,CUST2076,Home & Kitchen,Non-Stick Pan,East,Website,Credit Card,2,1333.81,0.0,2667.62,581.27
ORD101660,2025-08-10,CUST2105,Home & Kitchen,Air Fryer,East,Website,UPI,2,5064.46,0.05,9622.47,2143.83
ORD101661,2025-10-17,CUST1189,Electronics,USB-C Hub,South,Website,Debit Card,2,1225.6,0.0,2451.2,321.99
ORD101662,2025-10-03,CUST1364,Beauty,Face Wash,South,Website,Debit Card,2,387.05,0.15,657.98,225.35
ORD101663,2025-05-10,CUST1657,Home & Kitchen,Air Fryer,East,Website,UPI,3,5377.55,0.15,13712.75,2835.78
ORD101664,2025-03-04,CUST2113,Fashion,Denim Jeans,Central,Website,Cash on Delivery,1,1577.97,0.15,1341.27,373.81
ORD101665,2025-05-27,CUST1439,Home & Kitchen,Non-Stick Pan,Central,Website,Debit Card,2,1267.53,0.05,2408.31,414.36
ORD101666,2025-02-07,CUST1386,Electronics,Bluetooth Speaker,North,Mobile App,UPI,3,1882.02,0.05,5363.76,881.37
ORD101667,2025-04-06,CUST1544,Beauty,Moisturizer,East,Marketplace,Credit Card,1,642.44,0.25,481.83,163.43
ORD101668,2025-07-27,CUST1996,Beauty,Moisturizer,North,Website,UPI,1,596.78,0.05,566.94,172.7
ORD101669,2025-04-20,CUST1828,Fashion,Denim Jeans,East,Website,Debit Card,1,1507.25,0.2,1205.8,318.34
ORD101670,2025-08-27,CUST2167,Electronics,USB-C Hub,Central,Website,UPI,2,1267.21,0.25,1900.82,296.53
ORD101671,2025-06-30,CUST1515,Books,Business Management,North,Marketplace,Credit Card,1,451.28,0.05,428.72,110.74
ORD101672,2025-09-22,CUST2064,Home & Kitchen,Mixer Grinder,West,Website,UPI,1,3466.86,0.1,3120.17,676.97
ORD101673,2025-06-07,CUST2024,Electronics,USB-C Hub,North,Website,Cash on Delivery,1,1302.89,0.1,1172.6,173.58
ORD101674,2025-10-24,CUST1302,Electronics,Bluetooth Speaker,Central,Website,Credit Card,2,1868.88,0.0,3737.76,825.95
ORD101675,2025-02-15,CUST1474,Fashion,Denim Jeans,South,Website,Net Banking,1,1481.41,0.0,1481.41,403.63
ORD101676,2025-12-17,CUST1644,Electronics,Bluetooth Speaker,North,Website,Credit Card,1,1882.29,0.25,1411.72,189.85
ORD101677,2025-07-27,CUST2084,Books,Machine Learning Basics,Central,Website,Credit Card,3,833.98,0.2,2001.55,492.95
ORD101678,2025-08-07,CUST1389,Electronics,Bluetooth Speaker,Central,Website,UPI,2,1644.33,0.0,3288.66,565.7
ORD101679,2025-06-28,CUST1148,Home & Kitchen,Storage Container Set,North,Mobile App,Net Banking,4,854.35,0.05,3246.53,687.32
ORD101680,2025-01-03,CUST2161,Books,Business Management,South,Marketplace,Cash on Delivery,2,509.18,0.1,916.52,209.66
ORD101681,2025-07-19,CUST1099,Electronics,Wireless Headphones,South,Website,Debit Card,1,2478.57,0.15,2106.78,343.9
ORD101682,2025-04-22,CUST1785,Home & Kitchen,Storage Container Set,North,Marketplace,Credit Card,3,838.46,0.2,2012.3,390.26
ORD101683,2025-01-25,CUST2096,Fashion,Cotton T-Shirt,North,Website,Net Banking,2,654.63,0.0,1309.26,381.79
ORD101684,2025-06-12,CUST1872,Home & Kitchen,Mixer Grinder,East,Mobile App,UPI,1,3481.61,0.1,3133.45,671.18
ORD101685,2025-03-18,CUST1966,Beauty,Sunscreen,South,Marketplace,UPI,3,662.2,0.05,1887.27,660.19
ORD101686,2025-10-20,CUST2040,Home & Kitchen,Mixer Grinder,Central,Mobile App,Credit Card,2,3537.93,0.1,6368.27,1338.66
ORD101687,2025-10-20,CUST2023,Fashion,Denim Jeans,Central,Website,UPI,1,1376.31,0.0,1376.31,373.26
ORD101688,2025-12-07,CUST1711,Electronics,USB-C Hub,North,Mobile App,Net Banking,2,1259.4,0.25,1889.1,322.38
ORD101689,2025-06-02,CUST1992,Electronics,Bluetooth Speaker,Central,Mobile App,Credit Card,5,1645.53,0.05,7816.27,1198.76
ORD101690,2025-09-02,CUST1496,Fashion,Running Shoes,West,Mobile App,Net Banking,2,2318.74,0.15,3941.86,1132.68
ORD101691,2025-07-29,CUST1308,Electronics,Smart Watch,West,Marketplace,Debit Card,1,3303.62,0.15,2808.08,402.44
ORD101692,2025-07-31,CUST2178,Beauty,Moisturizer,East,Mobile App,Credit Card,1,541.22,0.2,432.98,142.45
ORD101693,2025-04-14,CUST1431,Electronics,Bluetooth Speaker,Central,Marketplace,UPI,1,1756.21,0.15,1492.78,253.87
ORD101694,2025-02-05,CUST1067,Electronics,Wireless Headphones,Central,Website,UPI,3,2484.17,0.1,6707.26,1061.35
ORD101695,2025-04-02,CUST1289,Fashion,Running Shoes,Central,Website,UPI,1,2433.63,0.1,2190.27,592.83
ORD101696,2025-05-04,CUST1694,Home & Kitchen,Mixer Grinder,West,Marketplace,Debit Card,1,3484.73,0.1,3136.26,559.77
ORD101697,2025-08-24,CUST1828,Beauty,Moisturizer,West,Marketplace,UPI,2,640.34,0.05,1216.65,371.26
ORD101698,2025-12-02,CUST1484,Home & Kitchen,Storage Container Set,South,Mobile App,Net Banking,1,939.43,0.1,845.49,161.15
ORD101699,2025-03-02,CUST1303,Books,Machine Learning Basics,West,Marketplace,Debit Card,3,897.63,0.25,2019.67,481.64
ORD101700,2025-05-03,CUST1129,Books,Python Programming,North,Website,UPI,2,579.75,0.1,1043.55,253.58
ORD101701,2025-09-20,CUST1070,Electronics,USB-C Hub,Central,Marketplace,UPI,1,1333.17,0.05,1266.51,219.4
ORD101702,2025-10-31,CUST1682,Electronics,Smart Watch,East,Marketplace,UPI,1,3372.09,0.05,3203.49,488.89
ORD101703,2025-09-25,CUST1126,Electronics,Bluetooth Speaker,North,Website,UPI,2,1827.47,0.0,3654.94,628.12
ORD101704,2025-06-18,CUST1977,Fashion,Backpack,East,Website,Debit Card,1,1434.63,0.15,1219.44,312.88
ORD101705,2025-10-31,CUST1360,Home & Kitchen,Air Fryer,East,Mobile App,UPI,3,4672.43,0.2,11213.83,2204.54
ORD101706,2025-07-24,CUST2100,Books,Business Management,South,Website,Credit Card,1,454.45,0.1,409.0,106.94
ORD101707,2025-07-03,CUST2040,Books,Business Management,North,Website,Credit Card,5,474.31,0.1,2134.4,462.85
ORD101708,2025-12-11,CUST1022,Beauty,Perfume,West,Marketplace,Debit Card,1,1428.01,0.1,1285.21,368.13
ORD101709,2025-02-04,CUST1490,Books,Business Management,Central,Mobile App,Credit Card,1,528.16,0.0,528.16,128.92
ORD101710,2025-09-10,CUST2189,Fashion,Denim Jeans,North,Website,UPI,1,1568.41,0.1,1411.57,377.95
ORD101711,2025-12-01,CUST2185,Home & Kitchen,Non-Stick Pan,South,Marketplace,Credit Card,3,1253.31,0.0,3759.93,618.71
ORD101712,2025-04-30,CUST2099,Fashion,Denim Jeans,South,Website,Credit Card,2,1533.45,0.15,2606.87,774.15
ORD101713,2025-10-06,CUST2173,Books,Data Analytics Guide,West,Website,UPI,2,743.45,0.0,1486.9,373.57
ORD101714,2025-02-04,CUST1793,Beauty,Shampoo,North,Website,UPI,4,460.55,0.0,1842.2,579.48
ORD101715,2025-06-03,CUST1162,Home & Kitchen,Electric Kettle,East,Website,UPI,1,1565.59,0.2,1252.47,253.94
ORD101716,2025-04-16,CUST1523,Fashion,Running Shoes,West,Website,UPI,4,2473.28,0.1,8903.81,2857.02
ORD101717,2025-07-15,CUST1057,Home & Kitchen,Mixer Grinder,North,Mobile App,UPI,5,3243.4,0.25,12162.75,2806.67
ORD101718,2025-10-27,CUST1929,Books,Data Analytics Guide,North,Mobile App,Credit Card,1,678.77,0.05,644.83,167.62
ORD101719,2025-03-22,CUST1615,Electronics,Wireless Headphones,East,Mobile App,UPI,1,2463.94,0.0,2463.94,402.72
ORD101720,2025-08-30,CUST1152,Fashion,Cotton T-Shirt,East,Mobile App,UPI,2,654.42,0.0,1308.84,352.03
ORD101721,2025-10-08,CUST1349,Beauty,Face Wash,Central,Mobile App,Net Banking,1,427.04,0.15,362.98,131.74
ORD101722,2025-02-02,CUST1392,Fashion,Backpack,South,Website,Cash on Delivery,1,1414.46,0.2,1131.57,326.49
ORD101723,2025-09-07,CUST1721,Fashion,Casual Shirt,West,Website,UPI,5,1276.56,0.15,5425.38,1566.48
ORD101724,2025-02-24,CUST1531,Fashion,Denim Jeans,West,Mobile App,Debit Card,1,1430.89,0.25,1073.17,293.21
ORD101725,2025-01-22,CUST1384,Books,Business Management,West,Mobile App,Credit Card,2,515.59,0.05,979.62,285.21
ORD101726,2025-09-07,CUST1360,Electronics,Bluetooth Speaker,East,Marketplace,UPI,1,1963.28,0.25,1472.46,175.49
ORD101727,2025-04-03,CUST1394,Electronics,Power Bank,Central,Website,Cash on Delivery,2,995.08,0.0,1990.16,342.96
ORD101728,2025-04-01,CUST1707,Books,Machine Learning Basics,North,Website,Net Banking,2,845.54,0.1,1521.97,406.48
ORD101729,2025-08-21,CUST2148,Fashion,Backpack,West,Website,Cash on Delivery,4,1394.56,0.05,5299.33,1482.42
ORD101730,2025-09-05,CUST1568,Home & Kitchen,Air Fryer,West,Website,Credit Card,1,4610.12,0.25,3457.59,533.67
ORD101731,2025-11-02,CUST1367,Fashion,Backpack,West,Website,UPI,1,1343.99,0.05,1276.79,311.83
ORD101732,2025-10-12,CUST1315,Fashion,Denim Jeans,South,Website,Credit Card,2,1574.1,0.0,3148.2,878.66
ORD101733,2025-08-24,CUST1023,Home & Kitchen,Non-Stick Pan,West,Mobile App,UPI,3,1263.46,0.2,3032.3,744.88
ORD101734,2025-04-20,CUST1328,Fashion,Backpack,North,Marketplace,Cash on Delivery,2,1397.63,0.1,2515.73,772.16
ORD101735,2025-01-29,CUST1297,Electronics,Smart Watch,West,Mobile App,Debit Card,1,3173.18,0.15,2697.2,412.16
ORD101736,2025-11-05,CUST1888,Beauty,Perfume,North,Mobile App,UPI,3,1248.41,0.0,3745.23,1186.71
ORD101737,2025-03-09,CUST1097,Home & Kitchen,Non-Stick Pan,West,Marketplace,UPI,1,1364.56,0.15,1159.88,234.52
ORD101738,2025-09-05,CUST1766,Fashion,Running Shoes,West,Marketplace,UPI,2,2494.3,0.0,4988.6,1368.27
ORD101739,2025-05-09,CUST2117,Home & Kitchen,Air Fryer,East,Mobile App,Credit Card,1,5376.08,0.0,5376.08,992.79
ORD101740,2025-04-14,CUST1907,Electronics,USB-C Hub,Central,Mobile App,Debit Card,2,1227.66,0.05,2332.55,353.44
ORD101741,2025-10-18,CUST1617,Fashion,Casual Shirt,Central,Mobile App,Credit Card,1,1105.87,0.1,995.28,247.87
ORD101742,2025-11-24,CUST2101,Beauty,Face Wash,North,Website,UPI,2,412.43,0.15,701.13,248.13
ORD101743,2025-01-27,CUST1589,Home & Kitchen,Air Fryer,South,Website,UPI,1,5170.3,0.15,4394.76,849.88
ORD101744,2025-05-31,CUST1225,Home & Kitchen,Storage Container Set,West,Website,UPI,1,915.18,0.15,777.9,161.12
ORD101745,2025-01-02,CUST1929,Electronics,USB-C Hub,South,Mobile App,UPI,1,1250.91,0.1,1125.82,179.09
ORD101746,2025-06-16,CUST1907,Fashion,Casual Shirt,East,Website,Debit Card,1,1186.25,0.25,889.69,248.87
ORD101747,2025-03-30,CUST1221,Books,Data Analytics Guide,Central,Mobile App,Net Banking,1,788.83,0.05,749.39,156.4
ORD101748,2025-12-01,CUST2021,Fashion,Running Shoes,Central,Mobile App,UPI,4,2464.45,0.0,9857.8,2572.24
ORD101749,2025-03-07,CUST1806,Electronics,Smart Watch,North,Mobile App,UPI,1,3197.48,0.0,3197.48,480.18
ORD101750,2025-09-13,CUST1728,Books,Business Management,Central,Marketplace,UPI,1,541.1,0.1,486.99,119.01
ORD101751,2025-04-19,CUST1921,Fashion,Casual Shirt,South,Mobile App,Debit Card,2,1211.36,0.15,2059.31,466.38
ORD101752,2025-05-04,CUST2004,Fashion,Denim Jeans,North,Website,Cash on Delivery,1,1606.65,0.1,1445.98,421.5
ORD101753,2025-02-28,CUST1838,Beauty,Moisturizer,West,Website,UPI,3,579.7,0.05,1652.14,501.47
ORD101754,2025-01-17,CUST1575,Fashion,Running Shoes,East,Mobile App,UPI,2,2411.33,0.05,4581.53,1213.02
ORD101755,2025-04-15,CUST1301,Home & Kitchen,Storage Container Set,North,Mobile App,Debit Card,2,893.28,0.15,1518.58,304.87
ORD101756,2025-11-19,CUST1006,Home & Kitchen,Electric Kettle,West,Website,Credit Card,1,1547.03,0.1,1392.33,333.49
ORD101757,2025-11-09,CUST1909,Electronics,Power Bank,Central,Marketplace,UPI,1,1033.11,0.1,929.8,153.48
ORD101758,2025-10-30,CUST1884,Home & Kitchen,Mixer Grinder,West,Website,Cash on Delivery,1,3554.09,0.1,3198.68,701.26
ORD101759,2025-07-14,CUST1874,Books,Data Analytics Guide,South,Website,Debit Card,2,751.72,0.0,1503.44,340.56
ORD101760,2025-09-14,CUST2173,Fashion,Backpack,West,Mobile App,UPI,1,1398.8,0.05,1328.86,373.41
ORD101761,2025-03-22,CUST1044,Electronics,Wireless Headphones,East,Website,UPI,1,2592.8,0.1,2333.52,460.3
ORD101762,2025-03-09,CUST1828,Books,Business Management,North,Marketplace,Net Banking,1,510.78,0.1,459.7,100.99
ORD101763,2025-02-09,CUST2176,Books,Fiction Novel,West,Website,Credit Card,3,415.67,0.25,935.26,214.69
ORD101764,2025-03-01,CUST1843,Fashion,Denim Jeans,West,Mobile App,Debit Card,1,1566.92,0.05,1488.57,422.03
ORD101765,2025-04-08,CUST1176,Electronics,Wireless Headphones,North,Website,Cash on Delivery,2,2475.38,0.15,4208.15,552.47
ORD101766,2025-12-30,CUST2157,Fashion,Backpack,Central,Website,UPI,1,1385.0,0.0,1385.0,379.24
ORD101767,2025-12-05,CUST2077,Fashion,Casual Shirt,East,Marketplace,Cash on Delivery,1,1245.51,0.2,996.41,288.75
ORD101768,2025-07-27,CUST1260,Home & Kitchen,Electric Kettle,South,Website,Cash on Delivery,1,1604.59,0.15,1363.9,269.35
ORD101769,2025-09-15,CUST1797,Home & Kitchen,Air Fryer,South,Website,UPI,2,5074.9,0.05,9642.31,1987.46
ORD101770,2025-10-06,CUST2086,Electronics,USB-C Hub,South,Marketplace,Cash on Delivery,3,1207.53,0.1,3260.33,654.96
ORD101771,2025-04-29,CUST1529,Electronics,Bluetooth Speaker,North,Mobile App,Credit Card,4,1772.25,0.0,7089.0,1236.09
ORD101772,2025-02-12,CUST2092,Electronics,Power Bank,West,Website,Cash on Delivery,1,999.03,0.15,849.18,151.73
ORD101773,2025-10-16,CUST1491,Home & Kitchen,Non-Stick Pan,East,Website,UPI,1,1362.03,0.15,1157.73,298.67
ORD101774,2025-11-28,CUST1947,Fashion,Cotton T-Shirt,East,Website,Debit Card,5,649.37,0.05,3084.51,788.15
ORD101775,2025-03-11,CUST1598,Beauty,Face Wash,Central,Website,Cash on Delivery,1,408.24,0.05,387.83,120.18
ORD101776,2025-01-19,CUST1098,Books,Business Management,North,Mobile App,Cash on Delivery,1,484.09,0.2,387.27,115.89
ORD101777,2025-04-06,CUST1621,Beauty,Sunscreen,South,Mobile App,UPI,1,681.35,0.0,681.35,223.72
ORD101778,2025-02-10,CUST1771,Home & Kitchen,Non-Stick Pan,North,Mobile App,Debit Card,2,1177.15,0.05,2236.58,475.82
ORD101779,2025-02-21,CUST1488,Fashion,Casual Shirt,East,Website,UPI,2,1106.38,0.15,1880.85,494.05
ORD101780,2025-11-19,CUST1217,Fashion,Casual Shirt,Central,Website,Debit Card,1,1166.84,0.15,991.81,292.0
ORD101781,2025-02-18,CUST1823,Home & Kitchen,Storage Container Set,North,Mobile App,Cash on Delivery,1,914.11,0.15,776.99,154.62
ORD101782,2025-06-25,CUST1228,Electronics,Power Bank,East,Marketplace,Credit Card,1,1053.79,0.1,948.41,93.86
ORD101783,2025-10-13,CUST1074,Home & Kitchen,Non-Stick Pan,East,Website,Debit Card,2,1283.18,0.1,2309.72,449.66
ORD101784,2025-10-23,CUST1713,Beauty,Moisturizer,East,Website,Net Banking,1,628.63,0.15,534.34,167.15
ORD101785,2025-03-18,CUST1477,Fashion,Backpack,East,Mobile App,Net Banking,1,1321.71,0.15,1123.45,303.24
ORD101786,2025-06-16,CUST1579,Fashion,Running Shoes,South,Website,Credit Card,1,2255.13,0.0,2255.13,658.22
ORD101787,2025-02-03,CUST2003,Electronics,Wireless Headphones,North,Mobile App,UPI,2,2747.75,0.25,4121.62,650.6
ORD101788,2025-12-16,CUST1019,Beauty,Sunscreen,East,Website,Cash on Delivery,2,740.63,0.0,1481.26,483.8
ORD101789,2025-07-10,CUST1995,Beauty,Perfume,West,Website,Net Banking,2,1205.92,0.1,2170.66,734.08
ORD101790,2025-01-17,CUST1186,Beauty,Perfume,West,Mobile App,UPI,1,1313.21,0.05,1247.55,334.98
ORD101791,2025-01-21,CUST1805,Home & Kitchen,Non-Stick Pan,North,Mobile App,Credit Card,3,1420.34,0.1,3834.92,819.26
ORD101792,2025-11-24,CUST1103,Electronics,Bluetooth Speaker,Central,Marketplace,UPI,1,1892.4,0.1,1703.16,310.27
ORD101793,2025-02-18,CUST1612,Home & Kitchen,Storage Container Set,West,Marketplace,UPI,1,944.07,0.05,896.87,158.38
ORD101794,2025-03-22,CUST1732,Fashion,Backpack,Central,Mobile App,Cash on Delivery,1,1399.95,0.05,1329.95,441.89
ORD101795,2025-06-29,CUST1207,Home & Kitchen,Electric Kettle,North,Website,UPI,1,1681.3,0.0,1681.3,260.9
ORD101796,2025-08-13,CUST1626,Home & Kitchen,Air Fryer,East,Marketplace,Net Banking,3,5089.52,0.15,12978.28,2747.38
ORD101797,2025-10-31,CUST1068,Fashion,Backpack,East,Website,Debit Card,1,1314.41,0.05,1248.69,368.75
ORD101798,2025-11-09,CUST2129,Electronics,Power Bank,East,Mobile App,Cash on Delivery,3,1063.36,0.1,2871.07,504.01
ORD101799,2025-03-25,CUST1648,Fashion,Cotton T-Shirt,South,Mobile App,Cash on Delivery,1,650.31,0.05,617.79,159.58
ORD101800,2025-10-30,CUST2054,Books,Data Analytics Guide,South,Mobile App,Debit Card,2,798.55,0.1,1437.39,362.6
ORD101801,2025-02-12,CUST1694,Home & Kitchen,Air Fryer,North,Website,UPI,3,5119.21,0.25,11518.22,2255.6
ORD101802,2025-04-26,CUST2139,Home & Kitchen,Mixer Grinder,West,Mobile App,Debit Card,1,3816.64,0.05,3625.81,716.43
ORD101803,2025-08-09,CUST1513,Beauty,Moisturizer,North,Mobile App,UPI,1,547.07,0.1,492.36,171.5
ORD101804,2025-08-21,CUST1721,Electronics,Smart Watch,South,Mobile App,Credit Card,4,3551.14,0.1,12784.1,1719.5
ORD101805,2025-12-16,CUST1037,Books,Machine Learning Basics,East,Marketplace,UPI,2,984.49,0.0,1968.98,484.86
ORD101806,2025-12-27,CUST1304,Home & Kitchen,Non-Stick Pan,South,Website,Net Banking,1,1273.91,0.25,955.43,164.44
ORD101807,2025-03-18,CUST1930,Electronics,Smart Watch,South,Website,UPI,2,3234.84,0.0,6469.68,1025.0
ORD101808,2025-09-18,CUST1342,Electronics,Power Bank,South,Website,UPI,1,1066.28,0.15,906.34,180.25
ORD101809,2025-08-19,CUST1318,Books,Data Analytics Guide,West,Mobile App,Net Banking,2,719.13,0.1,1294.43,355.85
ORD101810,2025-05-12,CUST1042,Fashion,Cotton T-Shirt,Central,Website,Debit Card,1,690.45,0.15,586.88,191.58
ORD101811,2025-05-16,CUST1750,Electronics,Smart Watch,East,Website,Cash on Delivery,2,3427.18,0.1,6168.92,1157.32
ORD101812,2025-08-13,CUST1690,Fashion,Cotton T-Shirt,East,Mobile App,Credit Card,1,664.12,0.05,630.91,168.56
ORD101813,2025-02-20,CUST1771,Books,Machine Learning Basics,North,Mobile App,UPI,1,947.77,0.2,758.22,200.83
ORD101814,2025-03-28,CUST1578,Fashion,Casual Shirt,South,Mobile App,UPI,1,1232.52,0.1,1109.27,323.09
ORD101815,2025-03-20,CUST1059,Fashion,Running Shoes,East,Mobile App,Debit Card,1,2483.69,0.1,2235.32,602.15
ORD101816,2025-03-25,CUST1929,Home & Kitchen,Storage Container Set,East,Mobile App,UPI,1,847.2,0.1,762.48,175.38
ORD101817,2025-04-02,CUST1412,Fashion,Casual Shirt,East,Marketplace,UPI,1,1290.4,0.1,1161.36,295.99
ORD101818,2025-03-28,CUST1013,Home & Kitchen,Non-Stick Pan,North,Website,UPI,1,1340.58,0.05,1273.55,285.34
ORD101819,2025-11-30,CUST2130,Books,Fiction Novel,South,Website,UPI,2,428.14,0.15,727.84,199.74
ORD101820,2025-10-22,CUST1347,Beauty,Shampoo,Central,Website,Debit Card,3,480.17,0.05,1368.48,452.09
ORD101821,2025-05-03,CUST1640,Fashion,Backpack,Central,Marketplace,UPI,5,1277.05,0.1,5746.72,1374.29
ORD101822,2025-11-20,CUST1702,Electronics,USB-C Hub,South,Marketplace,Credit Card,1,1301.14,0.1,1171.03,183.52
ORD101823,2025-08-31,CUST1416,Beauty,Perfume,West,Mobile App,UPI,1,1352.53,0.1,1217.28,359.22
ORD101824,2025-01-05,CUST1575,Electronics,Power Bank,Central,Marketplace,Cash on Delivery,5,1089.26,0.0,5446.3,1037.82
ORD101825,2025-03-13,CUST1582,Fashion,Running Shoes,West,Website,UPI,2,2407.03,0.05,4573.36,1311.2
ORD101826,2025-07-10,CUST1347,Electronics,USB-C Hub,North,Mobile App,Credit Card,1,1212.42,0.1,1091.18,155.64
ORD101827,2025-04-24,CUST1126,Books,Python Programming,South,Marketplace,Credit Card,1,641.27,0.1,577.14,133.77
ORD101828,2025-11-01,CUST1498,Beauty,Shampoo,North,Website,Credit Card,1,466.01,0.0,466.01,157.07
ORD101829,2025-09-25,CUST1921,Home & Kitchen,Non-Stick Pan,West,Mobile App,UPI,2,1416.98,0.05,2692.26,633.56
ORD101830,2025-10-22,CUST1845,Books,Fiction Novel,East,Mobile App,Credit Card,1,437.43,0.1,393.69,93.69
ORD101831,2025-07-28,CUST1690,Home & Kitchen,Electric Kettle,South,Mobile App,Cash on Delivery,2,1677.64,0.1,3019.75,646.47
ORD101832,2025-09-21,CUST1733,Electronics,Smart Watch,South,Mobile App,UPI,1,3165.5,0.15,2690.68,464.33
ORD101833,2025-02-28,CUST1161,Fashion,Casual Shirt,West,Website,UPI,2,1143.45,0.05,2172.55,645.07
ORD101834,2025-04-04,CUST1911,Home & Kitchen,Storage Container Set,North,Mobile App,Net Banking,1,975.03,0.1,877.53,177.29
ORD101835,2025-12-03,CUST1203,Electronics,Smart Watch,East,Website,Net Banking,1,3054.26,0.05,2901.55,416.5
ORD101836,2025-03-19,CUST1854,Fashion,Cotton T-Shirt,Central,Mobile App,Credit Card,3,732.17,0.2,1757.21,584.22
ORD101837,2025-10-17,CUST1084,Beauty,Perfume,Central,Mobile App,Debit Card,2,1310.25,0.15,2227.42,739.49
ORD101838,2025-12-05,CUST1526,Electronics,Power Bank,South,Marketplace,Debit Card,1,1034.37,0.15,879.21,134.71
ORD101839,2025-06-24,CUST1262,Fashion,Denim Jeans,West,Mobile App,Cash on Delivery,1,1446.83,0.1,1302.15,392.67
ORD101840,2025-10-12,CUST1518,Books,Machine Learning Basics,South,Mobile App,UPI,4,815.47,0.15,2772.6,666.48
ORD101841,2025-03-24,CUST1929,Books,Python Programming,West,Marketplace,Credit Card,1,563.8,0.25,422.85,96.83
ORD101842,2025-05-31,CUST1871,Beauty,Face Wash,West,Website,Cash on Delivery,1,385.59,0.1,347.03,106.62
ORD101843,2025-11-05,CUST2013,Books,Business Management,Central,Mobile App,Net Banking,1,513.83,0.0,513.83,130.58
ORD101844,2025-01-09,CUST1525,Home & Kitchen,Mixer Grinder,North,Website,UPI,1,3650.25,0.1,3285.22,830.6
ORD101845,2025-08-16,CUST1019,Home & Kitchen,Mixer Grinder,West,Website,UPI,2,3515.62,0.15,5976.55,1176.42
ORD101846,2025-10-14,CUST1565,Books,Business Management,North,Website,Credit Card,1,488.68,0.1,439.81,105.14
ORD101847,2025-07-26,CUST1283,Home & Kitchen,Air Fryer,Central,Marketplace,UPI,2,5134.62,0.15,8728.85,1884.42
ORD101848,2025-03-16,CUST1522,Electronics,Smart Watch,North,Marketplace,Debit Card,4,3068.82,0.1,11047.75,2118.53
ORD101849,2025-06-20,CUST1424,Beauty,Moisturizer,Central,Website,Debit Card,1,627.21,0.1,564.49,168.16
ORD101850,2025-04-16,CUST1171,Books,Data Analytics Guide,South,Marketplace,Credit Card,2,678.05,0.15,1152.68,274.13
ORD101851,2025-02-14,CUST1815,Electronics,Smart Watch,Central,Website,UPI,1,3117.12,0.2,2493.7,400.79
ORD101852,2025-07-28,CUST1360,Fashion,Running Shoes,South,Mobile App,Credit Card,3,2385.6,0.25,5367.6,1462.0
ORD101853,2025-11-08,CUST1283,Books,Fiction Novel,South,Website,Credit Card,1,407.57,0.25,305.68,67.58
ORD101854,2025-07-20,Unknown,Books,Fiction Novel,Central,Website,UPI,1,420.22,0.05,399.21,96.67
ORD101855,2025-03-08,CUST1828,Books,Fiction Novel,East,Website,Debit Card,3,368.58,0.05,1050.45,278.09
ORD101856,2025-12-31,CUST1768,Beauty,Shampoo,West,Mobile App,UPI,1,470.15,0.15,399.63,133.3
ORD101857,2025-06-02,CUST1647,Books,Data Analytics Guide,South,Marketplace,Credit Card,2,736.38,0.1,1325.48,337.18
ORD101858,2025-05-15,CUST1954,Electronics,USB-C Hub,South,Mobile App,Debit Card,2,1260.11,0.05,2394.21,397.47
ORD101859,2025-10-29,CUST1203,Beauty,Face Wash,Central,Website,UPI,3,401.06,0.2,962.54,290.09
ORD101860,2025-03-23,CUST1579,Books,Fiction Novel,Central,Website,Debit Card,4,435.7,0.1,1568.52,370.96
ORD101861,2025-06-10,CUST1703,Books,Business Management,East,Website,UPI,1,493.34,0.05,468.67,122.6
ORD101862,2025-11-09,CUST2096,Books,Fiction Novel,South,Website,UPI,2,429.71,0.1,773.48,196.84
ORD101863,2025-11-17,CUST2022,Home & Kitchen,Non-Stick Pan,South,Mobile App,UPI,2,1219.01,0.05,2316.12,551.0
ORD101864,2025-02-09,CUST1250,Electronics,Power Bank,South,Mobile App,Debit Card,3,911.04,0.15,2323.15,288.86
ORD101865,2025-05-09,CUST1319,Books,Python Programming,East,Website,Credit Card,2,645.67,0.05,1226.77,343.98
ORD101866,2025-05-03,CUST1459,Fashion,Cotton T-Shirt,North,Website,Debit Card,1,635.37,0.05,603.6,146.16
ORD101867,2025-07-27,CUST2106,Books,Business Management,North,Mobile App,Cash on Delivery,1,464.62,0.1,418.16,108.5
ORD101868,2025-09-16,CUST1356,Fashion,Denim Jeans,East,Website,Debit Card,1,1616.15,0.2,1292.92,333.42
ORD101869,2025-10-23,CUST1694,Home & Kitchen,Electric Kettle,North,Marketplace,Credit Card,3,1590.16,0.05,4531.96,792.49
ORD101870,2025-12-21,CUST1489,Beauty,Shampoo,West,Mobile App,UPI,2,467.86,0.2,748.58,260.89
ORD101871,2025-02-01,CUST1530,Electronics,USB-C Hub,Central,Mobile App,Debit Card,2,1244.82,0.2,1991.71,389.86
ORD101872,2025-06-29,CUST1072,Electronics,Wireless Headphones,East,Website,UPI,2,2389.99,0.0,4779.98,795.31
ORD101873,2025-03-03,CUST1583,Home & Kitchen,Electric Kettle,Central,Marketplace,Debit Card,2,1573.46,0.2,2517.54,538.29
ORD101874,2025-04-21,CUST1527,Electronics,USB-C Hub,North,Website,UPI,2,1187.1,0.15,2018.07,396.27
ORD101875,2025-09-17,CUST1641,Electronics,Wireless Headphones,South,Mobile App,Debit Card,1,2317.62,0.1,2085.86,316.58
ORD101876,2025-07-21,CUST1344,Electronics,Bluetooth Speaker,Central,Website,UPI,1,1656.5,0.0,1656.5,281.71
ORD101877,2025-11-24,CUST1275,Books,Business Management,Central,Website,UPI,1,520.51,0.05,494.48,138.52
ORD101878,2025-12-09,CUST1799,Fashion,Cotton T-Shirt,West,Mobile App,Debit Card,1,730.63,0.15,621.04,160.84
ORD101879,2025-09-19,CUST1927,Books,Python Programming,North,Mobile App,Cash on Delivery,3,584.86,0.15,1491.39,351.19
ORD101880,2025-11-08,CUST1566,Home & Kitchen,Non-Stick Pan,East,Mobile App,Debit Card,3,1370.55,0.1,3700.48,751.91
ORD101881,2025-08-15,CUST1027,Fashion,Backpack,West,Website,Credit Card,2,1451.11,0.1,2612.0,673.96
ORD101882,2025-01-13,CUST2048,Electronics,Bluetooth Speaker,Central,Marketplace,UPI,1,1700.85,0.05,1615.81,251.03
ORD101883,2025-07-26,CUST2059,Fashion,Casual Shirt,South,Website,Credit Card,1,1278.98,0.1,1151.08,309.38
ORD101884,2025-07-23,CUST1989,Beauty,Sunscreen,Central,Website,Credit Card,3,750.65,0.1,2026.76,608.89
ORD101885,2025-06-14,CUST1550,Fashion,Cotton T-Shirt,North,Website,UPI,2,662.74,0.1,1192.93,351.95
ORD101886,2025-06-16,CUST1016,Home & Kitchen,Non-Stick Pan,North,Mobile App,Cash on Delivery,4,1388.58,0.05,5276.6,905.06
ORD101887,2025-11-30,CUST1761,Electronics,USB-C Hub,West,Website,Debit Card,1,1386.19,0.05,1316.88,207.31
ORD101888,2025-12-14,CUST1678,Home & Kitchen,Electric Kettle,Central,Website,UPI,2,1588.32,0.05,3017.81,564.4
ORD101889,2025-05-04,CUST2015,Fashion,Running Shoes,Central,Marketplace,Cash on Delivery,2,2349.82,0.1,4229.68,1094.32
ORD101890,2025-11-05,CUST1874,Electronics,Bluetooth Speaker,North,Website,UPI,2,1737.54,0.05,3301.33,343.7
ORD101891,2025-10-20,CUST1668,Fashion,Casual Shirt,North,Mobile App,UPI,2,1120.94,0.05,2129.79,505.33
ORD101892,2025-03-28,CUST1101,Home & Kitchen,Non-Stick Pan,North,Website,Cash on Delivery,1,1400.22,0.15,1190.19,256.73
ORD101893,2025-11-14,CUST1675,Home & Kitchen,Electric Kettle,Central,Website,UPI,1,1624.3,0.25,1218.22,201.72
ORD101894,2025-01-26,CUST1066,Fashion,Casual Shirt,South,Website,Cash on Delivery,1,1183.52,0.0,1183.52,319.73
ORD101895,2025-02-01,CUST1015,Beauty,Moisturizer,East,Mobile App,Credit Card,1,609.67,0.15,518.22,168.63
ORD101896,2025-10-16,CUST1186,Home & Kitchen,Non-Stick Pan,West,Mobile App,UPI,3,1286.06,0.15,3279.45,722.48
ORD101897,2025-10-08,CUST2086,Fashion,Casual Shirt,North,Mobile App,UPI,2,1149.82,0.1,2069.68,550.54
ORD101898,2025-04-29,CUST1069,Beauty,Shampoo,Central,Marketplace,UPI,3,501.81,0.0,1505.43,458.35
ORD101899,2025-09-14,CUST2087,Fashion,Casual Shirt,West,Marketplace,Debit Card,1,1284.91,0.05,1220.66,383.1
ORD101900,2025-09-20,CUST2161,Home & Kitchen,Air Fryer,West,Marketplace,Cash on Delivery,4,4686.87,0.1,16872.73,2778.06
ORD101901,2025-10-28,CUST1485,Electronics,Smart Watch,West,Website,UPI,1,3232.45,0.1,2909.2,423.77
ORD101902,2025-06-27,CUST1250,Fashion,Cotton T-Shirt,Central,Website,Credit Card,1,630.48,0.05,598.96,184.73
ORD101903,2025-11-27,CUST1138,Home & Kitchen,Mixer Grinder,West,Website,Cash on Delivery,1,3554.28,0.1,3198.85,563.0
ORD101904,2025-04-17,CUST1560,Beauty,Moisturizer,South,Mobile App,UPI,2,552.87,0.0,1105.74,359.93
ORD101905,2025-11-27,CUST1768,Home & Kitchen,Air Fryer,North,Website,UPI,1,4671.69,0.0,4671.69,921.19
ORD101906,2025-12-29,CUST2015,Fashion,Denim Jeans,East,Website,UPI,1,1596.61,0.05,1516.78,337.72
ORD101907,2025-11-05,CUST1412,Beauty,Perfume,East,Website,UPI,3,1401.19,0.0,4203.57,1346.2
ORD101908,2025-01-12,CUST1083,Electronics,Wireless Headphones,East,Marketplace,UPI,3,2730.43,0.05,7781.73,1036.9
ORD101909,2025-07-15,CUST1756,Home & Kitchen,Air Fryer,North,Website,UPI,1,5341.4,0.05,5074.33,1068.33
ORD101910,2025-04-21,CUST1894,Books,Fiction Novel,Central,Website,Debit Card,2,435.14,0.05,826.77,200.09
ORD101911,2025-04-12,CUST1426,Electronics,Bluetooth Speaker,South,Website,Cash on Delivery,1,1909.89,0.2,1527.91,218.83
ORD101912,2025-05-12,CUST1935,Home & Kitchen,Air Fryer,Central,Mobile App,Credit Card,1,4877.53,0.15,4145.9,861.59
ORD101913,2025-06-22,CUST1523,Books,Python Programming,Central,Website,Debit Card,1,610.72,0.15,519.11,133.75
ORD101914,2025-02-06,CUST1392,Electronics,USB-C Hub,Central,Marketplace,UPI,1,1191.53,0.15,1012.8,226.59
ORD101915,2025-03-17,CUST1617,Home & Kitchen,Air Fryer,West,Mobile App,UPI,2,5367.93,0.15,9125.48,1754.49
ORD101916,2025-05-04,CUST2112,Beauty,Perfume,North,Marketplace,UPI,3,1279.73,0.15,3263.31,1028.46
ORD101917,2025-12-08,CUST1258,Books,Python Programming,West,Marketplace,UPI,3,644.17,0.0,1932.51,457.77
ORD101918,2025-07-27,CUST2160,Electronics,Wireless Headphones,Central,Website,Debit Card,2,2729.51,0.0,5459.02,625.37
ORD101919,2025-11-16,CUST2111,Home & Kitchen,Air Fryer,South,Website,Debit Card,1,4841.02,0.2,3872.82,635.47
ORD101920,2025-06-17,CUST2174,Fashion,Running Shoes,South,Mobile App,UPI,1,2138.03,0.05,2031.13,596.7
ORD101921,2025-06-10,CUST1306,Beauty,Shampoo,North,Website,UPI,2,472.63,0.2,756.21,257.69
ORD101922,2025-12-13,CUST1955,Fashion,Running Shoes,North,Mobile App,Cash on Delivery,2,2409.5,0.15,4096.15,1249.34
ORD101923,2025-06-24,CUST1824,Electronics,Wireless Headphones,West,Marketplace,Credit Card,5,2637.18,0.0,13185.9,1972.74
ORD101924,2025-11-18,CUST1544,Home & Kitchen,Storage Container Set,East,Website,Debit Card,1,916.01,0.05,870.21,178.51
ORD101925,2025-10-06,CUST1847,Electronics,USB-C Hub,South,Website,UPI,3,1276.36,0.15,3254.72,388.77
ORD101926,2025-12-14,CUST2030,Fashion,Running Shoes,East,Website,Credit Card,4,2504.92,0.0,10019.68,2816.84
ORD101927,2025-11-18,CUST1126,Books,Fiction Novel,North,Marketplace,Debit Card,1,421.51,0.1,379.36,118.68
ORD101928,2025-01-30,CUST1606,Fashion,Casual Shirt,West,Mobile App,UPI,1,1107.5,0.15,941.38,260.92
ORD101929,2025-07-26,CUST1475,Fashion,Casual Shirt,North,Website,Debit Card,1,1177.3,0.2,941.84,290.61
ORD101930,2025-11-09,CUST1952,Home & Kitchen,Mixer Grinder,West,Website,Debit Card,3,3366.27,0.0,10098.81,1496.19
ORD101931,2025-08-22,CUST1417,Home & Kitchen,Non-Stick Pan,East,Marketplace,UPI,5,1389.86,0.1,6254.37,1058.19
ORD101932,2025-09-09,CUST1395,Electronics,Power Bank,Central,Mobile App,Debit Card,5,1071.36,0.0,5356.8,935.58
ORD101933,2025-02-26,CUST1813,Books,Business Management,South,Marketplace,UPI,2,488.39,0.1,879.1,172.95
ORD101934,2025-03-13,CUST1671,Electronics,Bluetooth Speaker,East,Mobile App,Credit Card,1,1666.25,0.2,1333.0,250.74
ORD101935,2025-09-06,CUST1357,Home & Kitchen,Non-Stick Pan,North,Website,Credit Card,5,1298.25,0.05,6166.69,1142.9
ORD101936,2025-05-03,CUST1027,Electronics,Smart Watch,East,Mobile App,Credit Card,3,3476.88,0.05,9909.11,1424.83
ORD101937,2025-04-26,CUST1674,Books,Business Management,East,Website,Net Banking,2,472.56,0.2,756.1,233.79
ORD101938,2025-05-16,CUST1869,Home & Kitchen,Electric Kettle,East,Mobile App,Net Banking,1,1690.1,0.25,1267.57,276.29
ORD101939,2025-08-11,CUST1593,Fashion,Running Shoes,South,Mobile App,UPI,2,2154.45,0.15,3662.56,987.39
ORD101940,2025-07-23,CUST1345,Electronics,Smart Watch,South,Website,Debit Card,3,3380.83,0.2,8113.99,1060.21
ORD101941,2025-03-30,CUST1540,Home & Kitchen,Storage Container Set,West,Website,Debit Card,1,903.63,0.05,858.45,162.09
ORD101942,2025-04-11,CUST1658,Books,Python Programming,South,Mobile App,Cash on Delivery,1,642.32,0.1,578.09,162.13
ORD101943,2025-01-07,CUST1896,Fashion,Denim Jeans,Central,Marketplace,Net Banking,2,1447.94,0.1,2606.29,721.86
ORD101944,2025-09-27,CUST1605,Home & Kitchen,Storage Container Set,Central,Website,Net Banking,1,926.73,0.1,834.06,162.94
ORD101945,2025-04-02,CUST1085,Beauty,Sunscreen,East,Mobile App,Cash on Delivery,3,754.05,0.05,2149.04,751.65
ORD101946,2025-04-05,CUST2003,Home & Kitchen,Storage Container Set,Central,Marketplace,Net Banking,4,887.67,0.05,3373.15,650.78
ORD101947,2025-05-26,CUST2021,Books,Business Management,West,Marketplace,UPI,2,485.9,0.0,971.8,273.47
ORD101948,2025-03-28,CUST1905,Electronics,Wireless Headphones,West,Mobile App,Debit Card,2,2313.36,0.25,3470.04,567.51
ORD101949,2025-02-28,CUST1183,Fashion,Backpack,East,Mobile App,UPI,1,1293.35,0.15,1099.35,353.82
ORD101950,2025-10-16,CUST2161,Beauty,Face Wash,South,Marketplace,Cash on Delivery,1,423.99,0.05,402.79,143.66
ORD101951,2025-09-01,CUST1053,Electronics,Bluetooth Speaker,North,Mobile App,Cash on Delivery,1,1659.67,0.2,1327.74,152.72
ORD101952,2025-07-15,CUST1859,Books,Fiction Novel,Central,Website,Cash on Delivery,1,407.1,0.05,386.74,99.11
ORD101953,2025-03-06,CUST1892,Electronics,Bluetooth Speaker,South,Website,Credit Card,4,1803.24,0.0,7212.96,999.29
ORD101954,2025-02-13,CUST1300,Fashion,Running Shoes,East,Website,UPI,1,2285.09,0.05,2170.84,592.85
ORD101955,2025-10-05,CUST1516,Fashion,Denim Jeans,West,Website,Cash on Delivery,1,1543.91,0.15,1312.32,391.33
ORD101956,2025-09-18,CUST1810,Beauty,Shampoo,South,Marketplace,Debit Card,1,525.86,0.1,473.27,130.69
ORD101957,2025-06-05,CUST1484,Home & Kitchen,Electric Kettle,West,Website,Net Banking,2,1475.27,0.05,2803.01,471.38
ORD101958,2025-04-18,CUST1104,Electronics,Power Bank,East,Mobile App,Credit Card,1,987.97,0.25,740.98,140.72
ORD101959,2025-09-06,CUST1448,Electronics,Bluetooth Speaker,South,Mobile App,Credit Card,1,1947.69,0.05,1850.31,351.78
ORD101960,2025-02-27,CUST1548,Home & Kitchen,Air Fryer,North,Website,UPI,1,4690.67,0.05,4456.14,879.01
ORD101961,2025-07-20,CUST1179,Books,Data Analytics Guide,West,Website,Cash on Delivery,4,802.86,0.25,2408.58,682.45
ORD101962,2025-03-13,CUST2073,Fashion,Denim Jeans,South,Mobile App,UPI,1,1613.37,0.2,1290.7,398.23
ORD101963,2025-02-04,CUST1394,Home & Kitchen,Mixer Grinder,East,Website,Net Banking,1,3185.51,0.1,2866.96,599.38
ORD101964,2025-11-12,CUST1590,Electronics,USB-C Hub,West,Marketplace,Cash on Delivery,1,1268.22,0.05,1204.81,231.73
ORD101965,2025-12-03,CUST1521,Books,Data Analytics Guide,West,Mobile App,Cash on Delivery,1,763.31,0.15,648.81,160.59
ORD101966,2025-04-24,CUST1407,Electronics,Bluetooth Speaker,South,Marketplace,UPI,1,1772.49,0.15,1506.62,259.23
ORD101967,2025-05-10,CUST1316,Electronics,Wireless Headphones,North,Marketplace,Debit Card,2,2746.12,0.1,4943.02,610.8
ORD101968,2025-02-24,CUST1153,Electronics,Wireless Headphones,West,Mobile App,UPI,2,2658.41,0.0,5316.82,1080.11
ORD101969,2025-06-27,CUST2061,Fashion,Denim Jeans,East,Website,Credit Card,2,1402.65,0.0,2805.3,728.0
ORD101970,2025-05-23,CUST2121,Home & Kitchen,Electric Kettle,South,Mobile App,Cash on Delivery,3,1450.75,0.0,4352.25,626.57
ORD101971,2025-05-27,CUST1364,Home & Kitchen,Storage Container Set,Central,Mobile App,UPI,3,881.72,0.15,2248.39,530.06
ORD101972,2025-11-19,CUST2164,Home & Kitchen,Non-Stick Pan,Central,Marketplace,Debit Card,2,1183.68,0.1,2130.62,436.83
ORD101973,2025-04-28,CUST1864,Beauty,Face Wash,East,Marketplace,UPI,1,437.3,0.0,437.3,130.72
ORD101974,2025-03-24,CUST1276,Home & Kitchen,Mixer Grinder,South,Mobile App,UPI,1,3668.4,0.0,3668.4,883.85
ORD101975,2025-01-21,CUST1986,Electronics,Smart Watch,North,Mobile App,UPI,4,3238.58,0.05,12306.6,1953.59
ORD101976,2025-10-20,CUST1774,Electronics,Power Bank,South,Marketplace,Net Banking,1,1064.87,0.1,958.38,154.65
ORD101977,2025-08-30,CUST2083,Books,Machine Learning Basics,South,Mobile App,Debit Card,1,861.92,0.25,646.44,142.94
ORD101978,2025-01-09,CUST1719,Home & Kitchen,Storage Container Set,Central,Website,Credit Card,1,877.28,0.2,701.82,95.27
ORD101979,2025-09-01,CUST1845,Fashion,Denim Jeans,East,Website,Net Banking,1,1466.39,0.25,1099.79,332.45
ORD101980,2025-09-12,CUST2078,Electronics,Bluetooth Speaker,East,Mobile App,Credit Card,2,1648.43,0.0,3296.86,497.77
ORD101981,2025-06-26,CUST1521,Beauty,Face Wash,East,Marketplace,UPI,1,416.58,0.15,354.09,112.94
ORD101982,2025-03-06,CUST1662,Electronics,Wireless Headphones,Central,Website,UPI,4,2673.27,0.2,8554.46,1125.42
ORD101983,2025-01-27,CUST2066,Home & Kitchen,Mixer Grinder,Central,Website,UPI,1,3590.47,0.1,3231.42,637.65
ORD101984,2025-11-11,CUST1117,Home & Kitchen,Non-Stick Pan,West,Website,Net Banking,2,1417.57,0.1,2551.63,497.59
ORD101985,2025-01-04,CUST1653,Fashion,Cotton T-Shirt,Central,Website,UPI,4,747.25,0.25,2241.75,574.47
ORD101986,2025-09-10,CUST1624,Home & Kitchen,Air Fryer,East,Website,Credit Card,1,5405.19,0.15,4594.41,1091.06
ORD101987,2025-12-25,CUST2175,Fashion,Backpack,West,Mobile App,Net Banking,1,1403.57,0.0,1403.57,375.91
ORD101988,2025-08-02,CUST1738,Home & Kitchen,Air Fryer,Central,Marketplace,Credit Card,2,4503.72,0.1,8106.7,1682.93
ORD101989,2025-03-18,CUST1543,Books,Data Analytics Guide,South,Website,Net Banking,1,814.52,0.0,814.52,188.09
ORD101990,2025-08-09,CUST1663,Fashion,Casual Shirt,South,Marketplace,Net Banking,2,1314.73,0.05,2497.99,790.09
ORD101991,2025-09-14,CUST1751,Electronics,Power Bank,West,Website,UPI,1,1047.48,0.1,942.73,157.17
ORD101992,2025-02-23,CUST1353,Books,Data Analytics Guide,East,Mobile App,Debit Card,1,786.76,0.05,747.42,164.79
ORD101993,2025-04-15,CUST1420,Home & Kitchen,Electric Kettle,South,Website,UPI,2,1476.06,0.15,2509.3,613.94
ORD101994,2025-04-09,CUST1706,Beauty,Face Wash,Central,Website,UPI,3,360.65,0.1,973.75,302.08
ORD101995,2025-08-17,CUST1343,Fashion,Casual Shirt,East,Mobile App,Net Banking,2,1266.71,0.2,2026.74,640.63
ORD101996,2025-12-24,CUST1171,Electronics,Wireless Headphones,North,Mobile App,UPI,3,2572.77,0.1,6946.48,933.23
ORD101997,2025-03-15,CUST1100,Home & Kitchen,Electric Kettle,North,Website,Net Banking,2,1592.29,0.05,3025.35,494.86
ORD101998,2025-09-30,CUST1339,Fashion,Denim Jeans,East,Website,UPI,3,1435.18,0.15,3659.71,1009.95
ORD101999,2025-06-24,CUST2158,Beauty,Moisturizer,South,Marketplace,Cash on Delivery,1,580.31,0.15,493.26,151.76
ORD102000,2025-02-21,CUST1303,Beauty,Moisturizer,East,Marketplace,Cash on Delivery,2,565.97,0.05,1075.34,346.53
ORD102001,2025-07-15,CUST1413,Home & Kitchen,Mixer Grinder,Central,Marketplace,Cash on Delivery,1,3798.61,0.05,3608.68,844.6
ORD102002,2025-08-01,CUST1915,Books,Business Management,East,Mobile App,UPI,2,471.35,0.05,895.56,248.96
ORD102003,2025-02-27,CUST1096,Home & Kitchen,Storage Container Set,Central,Website,Cash on Delivery,1,865.66,0.1,779.09,155.98
ORD102004,2025-03-12,CUST1593,Home & Kitchen,Non-Stick Pan,North,Website,Net Banking,1,1187.42,0.0,1187.42,285.26
ORD102005,2025-07-25,CUST1345,Electronics,Smart Watch,West,Website,Debit Card,3,3331.41,0.2,7995.38,1469.2
ORD102006,2025-09-21,CUST1113,Books,Fiction Novel,Central,Website,Cash on Delivery,1,398.7,0.1,358.83,83.61
ORD102007,2025-08-12,CUST1726,Home & Kitchen,Non-Stick Pan,Central,Marketplace,Debit Card,2,1230.63,0.05,2338.2,439.81
ORD102008,2025-05-31,CUST1055,Fashion,Cotton T-Shirt,Central,Marketplace,Credit Card,1,643.79,0.05,611.6,169.75
ORD102009,2025-06-23,CUST2163,Books,Business Management,North,Marketplace,UPI,2,487.96,0.1,878.33,224.38
ORD102010,2025-10-16,CUST1972,Electronics,Smart Watch,West,Website,Cash on Delivery,2,3609.52,0.15,6136.18,982.86
ORD102011,2025-03-17,CUST1831,Home & Kitchen,Mixer Grinder,East,Mobile App,UPI,4,3384.79,0.15,11508.29,2967.38
ORD102012,2025-07-16,CUST1773,Books,Machine Learning Basics,Central,Website,UPI,1,939.14,0.1,845.23,204.7
ORD102013,2025-10-25,CUST1270,Home & Kitchen,Mixer Grinder,South,Website,Debit Card,4,3204.04,0.15,10893.74,2715.09
ORD102014,2025-12-23,CUST1964,Electronics,Power Bank,South,Mobile App,Net Banking,1,1063.65,0.05,1010.47,175.62
ORD102015,2025-06-04,CUST2129,Electronics,Power Bank,South,Mobile App,UPI,1,1079.26,0.0,1079.26,201.19
ORD102016,2025-09-10,CUST1774,Fashion,Casual Shirt,West,Mobile App,Credit Card,2,1243.4,0.0,2486.8,594.66
ORD102017,2025-05-12,CUST1647,Electronics,USB-C Hub,East,Mobile App,UPI,3,1196.93,0.05,3411.25,621.96
ORD102018,2025-10-24,CUST1938,Fashion,Cotton T-Shirt,East,Marketplace,Cash on Delivery,1,735.79,0.05,699.0,175.67
ORD102019,2025-03-01,CUST1812,Books,Data Analytics Guide,East,Mobile App,Net Banking,1,802.66,0.2,642.13,183.98
ORD102020,2025-11-16,CUST2177,Home & Kitchen,Mixer Grinder,Central,Website,Cash on Delivery,1,3344.15,0.05,3176.94,752.63
ORD102021,2025-06-18,CUST1333,Home & Kitchen,Air Fryer,North,Mobile App,Net Banking,2,4631.94,0.05,8800.69,1924.71
ORD102022,2025-09-30,CUST1967,Books,Python Programming,West,Mobile App,Debit Card,1,639.33,0.0,639.33,140.19
ORD102023,2025-11-19,CUST1503,Fashion,Denim Jeans,West,Mobile App,Credit Card,1,1358.51,0.0,1358.51,405.12
ORD102024,2025-04-17,CUST1617,Fashion,Denim Jeans,South,Mobile App,Cash on Delivery,2,1368.9,0.0,2737.8,820.23
ORD102025,2025-05-29,CUST1060,Electronics,USB-C Hub,North,Mobile App,Net Banking,1,1428.63,0.1,1285.77,187.31
ORD102026,2025-07-07,CUST1811,Books,Data Analytics Guide,Central,Marketplace,UPI,1,733.69,0.05,697.01,159.54
ORD102027,2025-06-28,CUST2042,Home & Kitchen,Non-Stick Pan,East,Mobile App,Debit Card,1,1388.24,0.05,1318.83,257.16
ORD102028,2025-09-04,CUST1071,Beauty,Face Wash,Central,Website,UPI,2,363.17,0.1,653.71,211.79
ORD102029,2025-09-02,CUST1066,Home & Kitchen,Air Fryer,West,Website,Net Banking,2,5061.51,0.15,8604.57,1590.03
ORD102030,2025-06-06,CUST1958,Fashion,Cotton T-Shirt,West,Mobile App,UPI,1,650.44,0.05,617.92,179.3
ORD102031,2025-04-05,CUST1524,Beauty,Perfume,East,Marketplace,Net Banking,3,1351.47,0.15,3446.25,1209.31
ORD102032,2025-03-12,CUST1308,Beauty,Perfume,East,Mobile App,UPI,1,1315.03,0.15,1117.78,359.6
ORD102033,2025-05-03,CUST1800,Electronics,Smart Watch,South,Mobile App,Debit Card,1,3239.29,0.1,2915.36,573.98
ORD102034,2025-04-04,CUST2083,Beauty,Moisturizer,West,Marketplace,UPI,1,582.87,0.0,582.87,179.4
ORD102035,2025-07-25,CUST1521,Beauty,Moisturizer,North,Website,UPI,3,542.51,0.15,1383.4,405.67
ORD102036,2025-07-22,CUST1002,Electronics,USB-C Hub,West,Website,Net Banking,2,1221.65,0.15,2076.81,347.02
ORD102037,2025-10-05,CUST1377,Home & Kitchen,Mixer Grinder,North,Website,UPI,1,3498.25,0.2,2798.6,530.57
ORD102038,2025-05-05,CUST1523,Home & Kitchen,Electric Kettle,South,Mobile App,Debit Card,2,1692.18,0.0,3384.36,643.89
ORD102039,2025-09-11,CUST1904,Fashion,Casual Shirt,East,Mobile App,Debit Card,1,1249.97,0.25,937.48,259.46
ORD102040,2025-08-25,CUST1994,Electronics,Power Bank,East,Mobile App,Debit Card,3,899.55,0.05,2563.72,616.31
ORD102041,2025-05-21,CUST1955,Books,Fiction Novel,North,Website,Net Banking,3,421.31,0.05,1200.73,267.31
ORD102042,2025-07-29,CUST2136,Home & Kitchen,Air Fryer,North,Mobile App,UPI,1,4932.74,0.05,4686.1,789.21
ORD102043,2025-12-21,CUST1533,Beauty,Perfume,South,Website,UPI,3,1180.53,0.1,3187.43,1017.76
ORD102044,2025-08-17,CUST1640,Beauty,Face Wash,West,Mobile App,Net Banking,4,386.51,0.25,1159.53,396.4
ORD102045,2025-04-03,CUST1161,Home & Kitchen,Mixer Grinder,Central,Website,UPI,2,3818.23,0.1,6872.81,1272.88
ORD102046,2025-11-05,CUST1737,Fashion,Casual Shirt,West,Mobile App,UPI,2,1211.51,0.1,2180.72,570.67
ORD102047,2025-02-17,CUST1573,Electronics,Bluetooth Speaker,South,Website,Net Banking,2,1688.7,0.15,2870.79,412.67
ORD102048,2025-10-24,CUST1518,Fashion,Backpack,South,Mobile App,UPI,2,1403.92,0.05,2667.45,716.75
ORD102049,2025-12-19,CUST1344,Fashion,Casual Shirt,West,Marketplace,UPI,1,1285.95,0.05,1221.65,339.74
ORD102050,2025-06-08,CUST1739,Beauty,Shampoo,Central,Mobile App,UPI,2,504.18,0.05,957.94,326.88
ORD102051,2025-03-28,CUST1222,Home & Kitchen,Storage Container Set,Central,Mobile App,UPI,4,903.15,0.2,2890.08,581.08
ORD102052,2025-12-31,CUST1270,Fashion,Backpack,Central,Marketplace,UPI,4,1416.45,0.25,4249.35,1174.18
ORD102053,2025-09-13,CUST1925,Beauty,Face Wash,North,Website,UPI,1,387.91,0.0,387.91,138.13
ORD102054,2025-03-20,CUST2055,Electronics,USB-C Hub,West,Marketplace,Credit Card,1,1223.92,0.1,1101.53,182.1
ORD102055,2025-09-07,CUST1453,Home & Kitchen,Air Fryer,North,Mobile App,UPI,4,5084.43,0.15,17287.06,3805.1
ORD102056,2025-11-18,CUST2139,Books,Fiction Novel,East,Website,UPI,2,377.67,0.05,717.57,176.47
ORD102057,2025-12-16,CUST1273,Beauty,Sunscreen,Central,Website,Cash on Delivery,1,700.02,0.0,700.02,220.25
ORD102058,2025-12-26,CUST1307,Electronics,Smart Watch,Central,Mobile App,Credit Card,1,3461.44,0.05,3288.37,562.52
ORD102059,2025-11-21,CUST1960,Home & Kitchen,Electric Kettle,West,Website,Credit Card,1,1526.39,0.1,1373.75,294.13
ORD102060,2025-08-10,CUST1548,Books,Machine Learning Basics,East,Marketplace,UPI,2,944.83,0.05,1795.18,462.77
ORD102061,2025-05-03,CUST1685,Home & Kitchen,Mixer Grinder,East,Marketplace,UPI,1,3240.19,0.15,2754.16,587.96
ORD102062,2025-12-09,CUST1332,Home & Kitchen,Mixer Grinder,Central,Website,Cash on Delivery,3,3225.46,0.0,9676.38,1854.69
ORD102063,2025-07-27,CUST1186,Electronics,Bluetooth Speaker,Central,Marketplace,UPI,2,1647.88,0.1,2966.18,441.46
ORD102064,2025-04-17,CUST1562,Books,Data Analytics Guide,East,Mobile App,Net Banking,2,761.75,0.25,1142.62,321.92
ORD102065,2025-01-25,CUST2141,Books,Fiction Novel,South,Marketplace,Cash on Delivery,3,385.81,0.1,1041.69,241.64
ORD102066,2025-08-12,CUST1298,Home & Kitchen,Storage Container Set,West,Marketplace,UPI,1,962.29,0.05,914.18,202.4
ORD102067,2025-12-04,CUST1863,Fashion,Casual Shirt,South,Website,Cash on Delivery,1,1160.47,0.1,1044.42,270.89
ORD102068,2025-05-24,CUST1673,Fashion,Running Shoes,North,Mobile App,UPI,2,2427.29,0.15,4126.39,1048.01
ORD102069,2025-04-25,CUST1268,Fashion,Running Shoes,West,Website,Debit Card,1,2469.54,0.05,2346.06,623.25
ORD102070,2025-06-18,CUST1486,Fashion,Running Shoes,West,Mobile App,Debit Card,3,2460.09,0.25,5535.2,1623.41
ORD102071,2025-11-09,CUST1407,Beauty,Moisturizer,Central,Marketplace,UPI,1,544.98,0.15,463.23,163.98
ORD102072,2025-02-16,CUST1956,Beauty,Face Wash,East,Mobile App,UPI,3,384.28,0.05,1095.2,349.24
ORD102073,2025-01-15,CUST2130,Beauty,Face Wash,South,Marketplace,Credit Card,2,409.66,0.0,819.32,265.71
ORD102074,2025-06-03,CUST2177,Home & Kitchen,Storage Container Set,East,Mobile App,UPI,1,857.8,0.0,857.8,174.86
ORD102075,2025-04-11,CUST1804,Electronics,Bluetooth Speaker,Central,Mobile App,UPI,4,1676.32,0.25,5028.96,684.15
ORD102076,2025-08-10,CUST1616,Fashion,Running Shoes,South,Website,Net Banking,2,2241.19,0.2,3585.9,861.28
ORD102077,2025-12-16,CUST1144,Electronics,Smart Watch,North,Mobile App,Debit Card,1,3075.04,0.15,2613.78,428.92
ORD102078,2025-05-21,CUST1318,Electronics,USB-C Hub,West,Mobile App,Net Banking,1,1400.56,0.0,1400.56,238.46
ORD102079,2025-04-19,CUST1975,Home & Kitchen,Non-Stick Pan,Central,Website,Cash on Delivery,1,1244.07,0.1,1119.66,236.36
ORD102080,2025-07-08,CUST1772,Beauty,Shampoo,East,Mobile App,UPI,1,491.64,0.05,467.06,137.13
ORD102081,2025-12-14,CUST1429,Electronics,Smart Watch,Central,Mobile App,Credit Card,2,3002.64,0.2,4804.22,678.67
ORD102082,2025-03-28,CUST1515,Electronics,Wireless Headphones,West,Mobile App,Cash on Delivery,1,2639.97,0.0,2639.97,467.94
ORD102083,2025-01-04,CUST1316,Electronics,Power Bank,East,Marketplace,Credit Card,1,1052.64,0.05,1000.01,215.62
ORD102084,2025-08-18,CUST1728,Books,Business Management,West,Website,UPI,1,520.8,0.1,468.72,118.23
ORD102085,2025-01-07,CUST1852,Home & Kitchen,Storage Container Set,North,Website,Credit Card,3,882.64,0.0,2647.92,618.15
ORD102086,2025-05-23,CUST1657,Beauty,Face Wash,Central,Website,Cash on Delivery,2,373.47,0.0,746.94,253.14
ORD102087,2025-12-30,CUST1986,Home & Kitchen,Mixer Grinder,West,Website,Cash on Delivery,1,3634.08,0.1,3270.67,812.36
ORD102088,2025-04-15,CUST1466,Beauty,Shampoo,West,Website,UPI,2,451.92,0.05,858.65,269.47
ORD102089,2025-04-04,CUST1324,Home & Kitchen,Storage Container Set,East,Website,Net Banking,1,850.17,0.15,722.64,150.8
ORD102090,2025-08-01,CUST1818,Electronics,USB-C Hub,South,Mobile App,Debit Card,1,1386.29,0.2,1109.03,171.64
ORD102091,2025-07-23,CUST1940,Home & Kitchen,Storage Container Set,West,Website,Debit Card,1,892.77,0.2,714.22,135.65
ORD102092,2025-05-20,CUST1400,Fashion,Running Shoes,West,Website,Debit Card,2,2113.72,0.1,3804.7,1017.09
ORD102093,2025-06-29,CUST1100,Books,Machine Learning Basics,West,Website,UPI,1,862.32,0.05,819.2,247.75
ORD102094,2025-03-25,CUST1851,Home & Kitchen,Air Fryer,North,Website,UPI,2,4569.11,0.1,8224.4,1707.1
ORD102095,2025-06-30,CUST1576,Beauty,Perfume,West,Website,UPI,3,1372.25,0.0,4116.75,1218.6
ORD102096,2025-10-17,CUST1446,Fashion,Cotton T-Shirt,Central,Website,UPI,3,683.42,0.1,1845.23,475.81
ORD102097,2025-09-14,CUST1268,Fashion,Cotton T-Shirt,East,Mobile App,Debit Card,4,701.95,0.25,2105.85,535.63
ORD102098,2025-09-30,CUST1625,Fashion,Backpack,West,Mobile App,Debit Card,1,1473.04,0.1,1325.74,372.02
ORD102099,2025-08-19,CUST1925,Electronics,Smart Watch,Central,Marketplace,UPI,2,3065.11,0.1,5517.2,1062.86
ORD102100,2025-07-23,CUST2170,Books,Python Programming,West,Website,UPI,1,630.46,0.0,630.46,173.52
ORD102101,2025-12-22,CUST1241,Fashion,Backpack,Central,Mobile App,UPI,1,1325.88,0.1,1193.29,317.66
ORD102102,2025-01-20,CUST2061,Home & Kitchen,Mixer Grinder,Central,Marketplace,UPI,1,3660.86,0.2,2928.69,535.49
ORD102103,2025-01-11,CUST2073,Books,Python Programming,East,Marketplace,Credit Card,1,544.96,0.2,435.97,89.28
ORD102104,2025-07-07,CUST2174,Books,Fiction Novel,Central,Website,UPI,1,366.23,0.15,311.3,76.74
ORD102105,2025-10-16,CUST1205,Fashion,Running Shoes,East,Mobile App,Cash on Delivery,1,2132.62,0.05,2025.99,557.48
ORD102106,2025-02-18,CUST1206,Fashion,Cotton T-Shirt,South,Mobile App,Cash on Delivery,2,717.26,0.0,1434.52,426.02
ORD102107,2025-04-07,CUST1955,Home & Kitchen,Storage Container Set,Central,Marketplace,Cash on Delivery,4,890.84,0.15,3028.86,624.36
ORD102108,2025-06-16,CUST2184,Fashion,Cotton T-Shirt,West,Website,Credit Card,1,762.31,0.0,762.31,224.09
ORD102109,2025-06-16,CUST2172,Beauty,Perfume,West,Website,Credit Card,1,1320.31,0.2,1056.25,345.19
ORD102110,2025-01-31,CUST1453,Beauty,Moisturizer,North,Mobile App,Debit Card,1,595.16,0.1,535.64,176.66
ORD102111,2025-06-02,CUST1917,Fashion,Casual Shirt,South,Website,Net Banking,3,1214.92,0.15,3098.05,828.29
ORD102112,2025-10-21,CUST1871,Fashion,Casual Shirt,East,Website,Credit Card,1,1257.65,0.05,1194.77,336.93
ORD102113,2025-11-01,CUST2094,Fashion,Cotton T-Shirt,South,Mobile App,UPI,1,746.43,0.1,671.79,186.6
ORD102114,2025-09-02,CUST1057,Home & Kitchen,Electric Kettle,West,Website,UPI,2,1751.56,0.25,2627.34,604.24
ORD102115,2025-01-22,CUST1157,Electronics,Bluetooth Speaker,North,Website,Debit Card,1,1701.1,0.15,1445.94,201.19
ORD102116,2025-06-04,CUST1661,Electronics,USB-C Hub,Central,Website,Debit Card,1,1227.11,0.15,1043.04,134.53
ORD102117,2025-05-11,CUST2045,Books,Machine Learning Basics,East,Mobile App,Cash on Delivery,3,844.8,0.0,2534.4,609.59
ORD102118,2025-12-13,CUST1993,Electronics,Smart Watch,East,Marketplace,UPI,2,3183.94,0.05,6049.49,1090.39
ORD102119,2025-03-21,CUST1013,Fashion,Denim Jeans,East,Mobile App,UPI,1,1629.58,0.05,1548.1,471.53
ORD102120,2025-06-07,CUST1798,Electronics,Power Bank,East,Marketplace,Debit Card,1,990.95,0.0,990.95,152.98
ORD102121,2025-04-12,CUST1689,Fashion,Denim Jeans,South,Mobile App,Credit Card,1,1627.99,0.1,1465.19,415.26
ORD102122,2025-12-22,CUST1885,Electronics,Wireless Headphones,South,Website,Credit Card,2,2329.59,0.0,4659.18,739.18
ORD102123,2025-09-13,CUST1274,Home & Kitchen,Air Fryer,East,Marketplace,Cash on Delivery,1,5365.26,0.05,5097.0,1142.4
ORD102124,2025-12-10,CUST1717,Home & Kitchen,Mixer Grinder,Central,Marketplace,UPI,1,3538.4,0.05,3361.48,756.23
ORD102125,2025-04-27,CUST1822,Books,Business Management,Central,Website,UPI,1,453.69,0.05,431.01,95.71
ORD102126,2025-08-09,CUST1467,Fashion,Backpack,North,Website,Credit Card,1,1409.02,0.05,1338.57,389.02
ORD102127,2025-09-08,CUST1922,Beauty,Moisturizer,Central,Marketplace,UPI,1,544.79,0.2,435.83,116.48
ORD102128,2025-06-01,CUST1013,Books,Fiction Novel,East,Website,UPI,4,414.37,0.05,1574.61,382.51
ORD102129,2025-01-24,CUST1538,Fashion,Casual Shirt,South,Website,Credit Card,1,1177.45,0.1,1059.71,304.54
ORD102130,2025-01-05,CUST1157,Fashion,Backpack,West,Mobile App,Net Banking,2,1405.38,0.1,2529.68,770.16
ORD102131,2025-10-15,CUST1477,Books,Python Programming,North,Website,Debit Card,1,562.68,0.15,478.28,101.13
ORD102132,2025-02-20,CUST1439,Books,Machine Learning Basics,Central,Website,Debit Card,2,830.21,0.05,1577.4,413.34
ORD102133,2025-02-27,CUST2150,Books,Python Programming,North,Mobile App,UPI,3,571.69,0.15,1457.81,420.98
ORD102134,2025-06-30,CUST1133,Fashion,Casual Shirt,North,Mobile App,UPI,2,1164.98,0.1,2096.96,599.48
ORD102135,2025-07-17,CUST1781,Fashion,Denim Jeans,East,Mobile App,Net Banking,1,1381.21,0.15,1174.03,336.9
ORD102136,2025-04-17,CUST1600,Electronics,Wireless Headphones,South,Marketplace,Cash on Delivery,1,2311.33,0.2,1849.06,347.27
ORD102137,2025-12-21,CUST2185,Fashion,Cotton T-Shirt,South,Marketplace,Credit Card,5,724.28,0.05,3440.33,787.22
ORD102138,2025-02-05,CUST2043,Beauty,Shampoo,East,Mobile App,Debit Card,2,534.42,0.05,1015.4,361.87
ORD102139,2025-07-22,CUST1639,Electronics,Power Bank,East,Website,Cash on Delivery,4,969.83,0.05,3685.35,520.84
ORD102140,2025-08-13,CUST1103,Fashion,Backpack,East,Website,Debit Card,2,1323.77,0.25,1985.66,544.1
ORD102141,2025-02-05,CUST1134,Home & Kitchen,Storage Container Set,Central,Mobile App,Credit Card,1,868.65,0.0,868.65,195.24
ORD102142,2025-06-10,CUST2013,Electronics,Smart Watch,South,Website,Credit Card,1,3186.18,0.1,2867.56,387.96
ORD102143,2025-08-02,CUST1534,Fashion,Denim Jeans,South,Mobile App,UPI,1,1542.94,0.05,1465.79,346.33
ORD102144,2025-06-23,CUST1406,Books,Python Programming,South,Mobile App,Credit Card,3,627.71,0.0,1883.13,523.72
ORD102145,2025-08-11,CUST1509,Fashion,Cotton T-Shirt,North,Website,Cash on Delivery,3,757.8,0.15,1932.39,522.27
ORD102146,2025-07-30,CUST2121,Fashion,Running Shoes,Central,Website,Cash on Delivery,1,2382.17,0.15,2024.84,668.0
ORD102147,2025-01-03,CUST1796,Electronics,Smart Watch,North,Website,Net Banking,4,3109.73,0.0,12438.92,1617.28
ORD102148,2025-11-17,CUST1138,Electronics,USB-C Hub,East,Website,UPI,3,1219.35,0.05,3475.15,621.15
ORD102149,2025-09-02,CUST1596,Home & Kitchen,Mixer Grinder,West,Marketplace,UPI,2,3313.48,0.05,6295.61,1374.89
ORD102150,2025-11-06,CUST1723,Beauty,Moisturizer,North,Website,UPI,3,608.38,0.25,1368.86,395.31
ORD102151,2025-01-22,CUST2123,Home & Kitchen,Air Fryer,South,Mobile App,Credit Card,4,5142.97,0.0,20571.88,4910.98
ORD102152,2025-11-24,CUST1306,Electronics,USB-C Hub,West,Website,Credit Card,1,1402.96,0.15,1192.52,235.11
ORD102153,2025-12-23,CUST1573,Beauty,Perfume,South,Mobile App,UPI,1,1360.93,0.2,1088.74,330.64
ORD102154,2025-09-23,CUST1107,Home & Kitchen,Electric Kettle,East,Marketplace,Debit Card,3,1554.99,0.05,4431.72,827.41
ORD102155,2025-09-16,CUST1046,Books,Machine Learning Basics,South,Mobile App,Credit Card,1,859.02,0.1,773.12,197.25
ORD102156,2025-11-20,CUST1451,Beauty,Perfume,East,Mobile App,UPI,2,1422.18,0.15,2417.71,806.29
ORD102157,2025-10-29,CUST1246,Fashion,Backpack,East,Marketplace,Debit Card,3,1269.41,0.1,3427.41,1002.93
ORD102158,2025-06-06,CUST1107,Fashion,Running Shoes,West,Website,Debit Card,2,2264.26,0.15,3849.24,1094.3
ORD102159,2025-06-05,CUST1908,Electronics,Wireless Headphones,South,Website,Credit Card,1,2690.13,0.05,2555.62,506.49
ORD102160,2025-05-16,CUST1158,Home & Kitchen,Storage Container Set,South,Mobile App,UPI,1,920.91,0.05,874.86,199.24
ORD102161,2025-12-19,CUST2029,Beauty,Moisturizer,West,Mobile App,Net Banking,2,613.99,0.15,1043.78,324.47
ORD102162,2025-12-10,CUST1388,Home & Kitchen,Air Fryer,North,Marketplace,Credit Card,2,5110.31,0.15,8687.53,1648.85
ORD102163,2025-08-24,CUST1373,Fashion,Cotton T-Shirt,East,Marketplace,Credit Card,1,743.58,0.1,669.22,202.16
ORD102164,2025-09-11,CUST1020,Fashion,Cotton T-Shirt,West,Mobile App,Net Banking,3,733.28,0.0,2199.84,580.03
ORD102165,2025-09-24,CUST2112,Fashion,Backpack,West,Mobile App,Debit Card,2,1413.78,0.15,2403.43,665.59
ORD102166,2025-03-08,CUST1640,Home & Kitchen,Storage Container Set,Unknown,Website,Debit Card,4,979.29,0.15,3329.59,597.78
ORD102167,2025-11-05,CUST1412,Home & Kitchen,Storage Container Set,South,Website,Credit Card,2,929.4,0.05,1765.86,290.19
ORD102168,2025-06-06,CUST1584,Beauty,Face Wash,West,Mobile App,UPI,3,424.42,0.15,1082.27,333.31
ORD102169,2025-12-28,CUST1222,Books,Python Programming,Central,Mobile App,Credit Card,1,584.95,0.1,526.46,136.41
ORD102170,2025-05-14,CUST1464,Books,Machine Learning Basics,East,Mobile App,UPI,2,880.74,0.0,1761.48,368.42
ORD102171,2025-12-16,CUST1379,Electronics,Wireless Headphones,Central,Marketplace,UPI,1,2677.6,0.15,2275.96,297.36
ORD102172,2025-08-13,CUST1480,Beauty,Sunscreen,Central,Mobile App,Credit Card,1,632.82,0.15,537.9,149.59
ORD102173,2025-11-26,CUST1511,Electronics,Bluetooth Speaker,East,Mobile App,Debit Card,3,1710.9,0.05,4876.07,732.63
ORD102174,2025-12-13,CUST1721,Books,Data Analytics Guide,Central,Website,Credit Card,1,811.13,0.15,689.46,154.87
ORD102175,2025-01-05,CUST1119,Home & Kitchen,Storage Container Set,North,Website,Credit Card,2,872.74,0.1,1570.93,254.14
ORD102176,2025-01-01,CUST2191,Beauty,Perfume,South,Marketplace,Debit Card,1,1291.98,0.15,1098.18,326.72
ORD102177,2025-09-24,CUST1997,Books,Data Analytics Guide,East,Mobile App,Credit Card,4,733.48,0.2,2347.14,598.63
ORD102178,2025-07-01,CUST1984,Electronics,USB-C Hub,North,Website,UPI,1,1226.78,0.1,1104.1,165.68
ORD102179,2025-06-09,CUST1910,Electronics,USB-C Hub,South,Website,UPI,1,1401.6,0.25,1051.2,156.37
ORD102180,2025-07-15,CUST1845,Home & Kitchen,Air Fryer,Central,Website,Credit Card,2,5223.94,0.15,8880.7,1603.18
ORD102181,2025-12-12,CUST1261,Electronics,Power Bank,North,Website,Credit Card,3,1098.39,0.25,2471.38,369.56
ORD102182,2025-08-24,CUST2056,Home & Kitchen,Air Fryer,South,Mobile App,Cash on Delivery,4,4692.42,0.2,15015.74,3535.69
ORD102183,2025-10-05,CUST1175,Electronics,Smart Watch,South,Mobile App,Cash on Delivery,4,3552.26,0.15,12077.68,1949.26
ORD102184,2025-09-10,CUST1271,Books,Fiction Novel,Central,Website,Debit Card,1,398.92,0.15,339.08,90.41
ORD102185,2025-12-02,CUST1528,Beauty,Perfume,North,Mobile App,UPI,4,1291.79,0.05,4908.8,1450.89
ORD102186,2025-05-11,CUST1561,Electronics,Wireless Headphones,Central,Website,Net Banking,1,2411.43,0.15,2049.72,232.57
ORD102187,2025-04-14,CUST1707,Home & Kitchen,Air Fryer,West,Website,UPI,3,4950.78,0.2,11881.87,2943.18
ORD102188,2025-08-01,CUST1766,Electronics,Smart Watch,Central,Mobile App,Cash on Delivery,1,3275.88,0.1,2948.29,560.25
ORD102189,2025-12-19,CUST2161,Electronics,Power Bank,East,Website,Debit Card,3,958.13,0.1,2586.95,428.69
ORD102190,2025-06-30,CUST1836,Home & Kitchen,Storage Container Set,South,Website,UPI,1,957.18,0.0,957.18,191.83
ORD102191,2025-04-16,CUST2129,Fashion,Cotton T-Shirt,Central,Website,UPI,2,743.6,0.2,1189.76,353.0
ORD102192,2025-01-24,CUST1343,Home & Kitchen,Storage Container Set,East,Mobile App,UPI,1,828.82,0.1,745.94,140.61
ORD102193,2025-12-21,CUST1561,Home & Kitchen,Mixer Grinder,Central,Mobile App,Debit Card,1,3605.05,0.25,2703.79,445.85
ORD102194,2025-10-19,CUST1311,Electronics,Bluetooth Speaker,Unknown,Marketplace,UPI,2,1653.0,0.15,2810.1,544.79
ORD102195,2025-04-29,CUST1821,Electronics,Power Bank,South,Website,Cash on Delivery,5,1054.75,0.1,4746.38,783.17
ORD102196,2025-04-28,CUST1979,Fashion,Casual Shirt,North,Mobile App,Cash on Delivery,2,1149.84,0.0,2299.68,622.54
ORD102197,2025-03-26,CUST1322,Books,Machine Learning Basics,Central,Website,Net Banking,2,915.53,0.1,1647.95,484.23
ORD102198,2025-08-17,CUST1998,Home & Kitchen,Storage Container Set,South,Marketplace,Cash on Delivery,1,858.09,0.05,815.19,157.6
ORD102199,2025-07-08,CUST1394,Electronics,USB-C Hub,West,Mobile App,Net Banking,1,1308.39,0.1,1177.55,211.33
ORD102200,2025-08-25,CUST1280,Home & Kitchen,Electric Kettle,West,Website,Cash on Delivery,2,1540.38,0.15,2618.65,488.12
ORD102201,2025-06-20,CUST1850,Home & Kitchen,Non-Stick Pan,South,Website,Credit Card,1,1233.03,0.05,1171.38,220.94
ORD102202,2025-05-05,CUST1528,Fashion,Cotton T-Shirt,East,Website,UPI,4,755.05,0.05,2869.19,863.18
ORD102203,2025-08-10,CUST1876,Books,Business Management,South,Mobile App,UPI,3,453.63,0.0,1360.89,355.79
ORD102204,2025-11-21,CUST1842,Fashion,Running Shoes,West,Marketplace,Credit Card,2,2518.73,0.15,4281.84,1323.64
ORD102205,2025-01-13,CUST1162,Electronics,Bluetooth Speaker,West,Mobile App,UPI,1,1905.64,0.05,1810.36,283.4
ORD102206,2025-08-13,CUST1431,Electronics,USB-C Hub,South,Website,Credit Card,1,1224.88,0.2,979.9,141.66
ORD102207,2025-12-17,CUST2185,Books,Machine Learning Basics,East,Marketplace,Net Banking,1,975.71,0.1,878.14,179.36
ORD102208,2025-10-21,CUST1127,Electronics,Wireless Headphones,East,Website,UPI,1,2574.53,0.15,2188.35,362.73
ORD102209,2025-04-09,CUST1182,Home & Kitchen,Mixer Grinder,North,Website,Debit Card,2,3153.5,0.0,6307.0,1145.75
ORD102210,2025-03-26,CUST1319,Beauty,Perfume,North,Mobile App,Net Banking,1,1373.59,0.15,1167.55,347.64
ORD102211,2025-03-13,CUST1888,Fashion,Backpack,South,Mobile App,UPI,1,1402.43,0.05,1332.31,376.59
ORD102212,2025-05-28,CUST1443,Home & Kitchen,Air Fryer,North,Website,Debit Card,2,4716.05,0.0,9432.1,1930.69
ORD102213,2025-01-24,CUST1731,Electronics,Power Bank,North,Mobile App,Credit Card,3,923.48,0.25,2077.83,285.69
ORD102214,2025-05-11,CUST1824,Beauty,Perfume,North,Website,Debit Card,1,1287.18,0.0,1287.18,400.36
ORD102215,2025-09-01,CUST1164,Books,Machine Learning Basics,West,Website,Credit Card,2,940.55,0.0,1881.1,513.81
ORD102216,2025-08-27,CUST1727,Fashion,Denim Jeans,East,Website,Debit Card,1,1600.32,0.2,1280.26,355.85
ORD102217,2025-10-14,CUST1917,Beauty,Perfume,West,Mobile App,Credit Card,1,1291.05,0.15,1097.39,333.55
ORD102218,2025-12-20,CUST1271,Fashion,Backpack,East,Website,UPI,3,1359.68,0.0,4079.04,1135.93
ORD102219,2025-08-14,CUST2031,Fashion,Running Shoes,West,Website,Net Banking,1,2091.34,0.1,1882.21,545.39
ORD102220,2025-03-25,CUST1779,Home & Kitchen,Air Fryer,South,website,UPI,1,5204.25,0.0,5204.25,1065.59
ORD102221,2025-02-11,CUST1285,Home & Kitchen,Storage Container Set,West,Mobile App,Credit Card,1,816.05,0.05,775.25,144.05
ORD102222,2025-06-30,CUST1883,Home & Kitchen,Mixer Grinder,South,Mobile App,Cash on Delivery,4,3424.45,0.15,11643.13,2674.16
ORD102223,2025-01-29,CUST1509,Fashion,Denim Jeans,East,Marketplace,UPI,4,1550.86,0.0,6203.44,1687.17
ORD102224,2025-10-19,CUST1029,Beauty,Perfume,East,Website,Cash on Delivery,2,1289.38,0.1,2320.88,678.55
ORD102225,2025-12-29,CUST1200,Fashion,Cotton T-Shirt,South,Website,Credit Card,2,696.15,0.1,1253.07,327.2
ORD102226,2025-07-21,CUST1433,Electronics,Bluetooth Speaker,East,Website,UPI,2,1838.94,0.0,3677.88,560.52
ORD102227,2025-02-19,CUST1331,Electronics,Smart Watch,East,Website,Debit Card,2,3115.25,0.2,4984.4,1049.72
ORD102228,2025-05-11,CUST1724,Electronics,Bluetooth Speaker,South,Website,UPI,1,1906.28,0.0,1906.28,300.25
ORD102229,2025-01-18,CUST1934,Electronics,Wireless Headphones,North,Mobile App,UPI,1,2649.44,0.1,2384.5,328.64
ORD102230,2025-04-14,CUST1289,Books,Machine Learning Basics,West,Website,UPI,1,938.79,0.1,844.91,222.7
ORD102231,2025-03-10,CUST1301,Books,Python Programming,East,Mobile App,Cash on Delivery,1,596.99,0.2,477.59,110.18
ORD102232,2025-05-27,CUST1886,Electronics,Unknown,North,Mobile App,Credit Card,1,1289.11,0.2,1031.29,162.45
ORD102233,2025-02-26,CUST1650,Books,Fiction Novel,North,Website,UPI,1,404.06,0.15,343.45,90.95
ORD102234,2025-04-26,CUST1361,Books,Business Management,East,Mobile App,UPI,1,505.06,0.1,454.55,105.09
ORD102235,2025-04-20,CUST1052,Beauty,Perfume,East,Website,Debit Card,3,1408.29,0.1,3802.38,1135.38
ORD102236,2025-09-16,CUST1065,Beauty,Perfume,East,Mobile App,UPI,1,1425.8,0.0,1425.8,422.23
ORD102237,2025-06-13,CUST2137,Electronics,Power Bank,South,Website,Debit Card,4,1035.61,0.1,3728.2,430.86
ORD102238,2025-04-18,CUST1961,Electronics,Wireless Headphones,West,Mobile App,Debit Card,3,2579.03,0.1,6963.38,1197.01
ORD102239,2025-03-23,CUST1221,Fashion,Running Shoes,East,Mobile App,Debit Card,3,2275.41,0.0,6826.23,1491.7
ORD102240,2025-09-10,CUST1934,Beauty,Sunscreen,West,Website,Credit Card,1,679.21,0.05,645.25,212.56
ORD102241,2025-10-16,CUST1105,Home & Kitchen,Mixer Grinder,West,Mobile App,UPI,1,3276.75,0.1,2949.08,506.93
ORD102242,2025-02-06,CUST2043,Electronics,USB-C Hub,East,Website,Debit Card,3,1319.24,0.05,3759.83,546.19
ORD102243,2025-06-19,CUST1294,Electronics,Wireless Headphones,South,Website,Net Banking,1,2490.73,0.05,2366.19,438.24
ORD102244,2025-09-23,CUST1908,Home & Kitchen,Storage Container Set,North,Marketplace,Debit Card,4,973.91,0.2,3116.51,625.79
ORD102245,2025-12-16,CUST1388,Home & Kitchen,Non-Stick Pan,North,Mobile App,Debit Card,2,1237.76,0.15,2104.19,444.84
ORD102246,2025-06-06,CUST1449,Books,Data Analytics Guide,South,Website,Debit Card,1,750.62,0.1,675.56,178.03
ORD102247,2025-06-09,CUST1178,Beauty,Sunscreen,East,Mobile App,Net Banking,1,721.04,0.25,540.78,171.11
ORD102248,2025-11-11,CUST2162,Books,Business Management,East,Marketplace,UPI,5,495.99,0.15,2107.96,531.24
ORD102249,2025-11-29,CUST2080,Home & Kitchen,Storage Container Set,North,Mobile App,Cash on Delivery,1,970.96,0.1,873.86,213.24
ORD102250,2025-11-29,CUST1882,Beauty,Face Wash,Central,Website,Cash on Delivery,1,389.74,0.0,389.74,116.53
ORD102251,2025-12-24,Unknown,Electronics,USB-C Hub,West,Marketplace,UPI,1,1259.93,0.1,1133.94,174.28
ORD102252,2025-09-04,CUST1264,Home & Kitchen,Storage Container Set,East,Mobile App,Credit Card,1,939.64,0.05,892.66,197.75
ORD102253,2025-07-02,CUST2130,Books,Fiction Novel,West,Mobile App,Cash on Delivery,1,428.29,0.05,406.88,100.65
ORD102254,2025-12-03,CUST1119,Books,Machine Learning Basics,Central,Marketplace,Cash on Delivery,2,971.63,0.0,1943.26,446.74
ORD102255,2025-08-05,CUST1990,Home & Kitchen,Non-Stick Pan,West,Mobile App,Debit Card,1,1271.38,0.25,953.54,212.11
ORD102256,2025-01-02,CUST1217,Electronics,Bluetooth Speaker,North,Mobile App,upi,2,1821.11,0.05,3460.11,505.1
ORD102257,2025-03-23,CUST2028,Electronics,Power Bank,East,Marketplace,UPI,1,965.33,0.25,724.0,100.69
ORD102258,2025-06-26,CUST1543,Electronics,Bluetooth Speaker,Central,Marketplace,UPI,2,1772.33,0.05,3367.43,662.43
ORD102259,2025-03-13,CUST1822,Books,Business Management,North,Marketplace,Credit Card,1,472.86,0.05,449.22,122.5
ORD102260,2025-03-14,CUST1896,Fashion,Casual Shirt,South,Website,UPI,2,1311.11,0.25,1966.66,567.52
ORD102261,2025-06-20,CUST2003,Electronics,Bluetooth Speaker,South,Website,Credit Card,2,1702.26,0.05,3234.29,490.79
ORD102262,2025-05-02,CUST1489,Home & Kitchen,Storage Container Set,East,Marketplace,UPI,1,912.33,0.25,684.25,154.67
ORD102263,2025-12-18,CUST1754,Home & Kitchen,Mixer Grinder,Central,Mobile App,Debit Card,2,3216.25,0.25,4824.38,918.2
ORD102264,2025-09-16,CUST1988,Books,Fiction Novel,West,Website,UPI,2,392.16,0.0,784.32,226.85
ORD102265,2025-11-11,CUST1542,Electronics,Wireless Headphones,Central,Mobile App,Debit Card,1,2678.9,0.2,2143.12,347.66
ORD102266,2025-08-20,CUST1613,Home & Kitchen,Air Fryer,North,Website,UPI,1,4820.35,0.1,4338.32,852.37
ORD102267,2025-09-25,CUST1137,Books,Python Programming,South,Mobile App,Credit Card,3,592.66,0.2,1422.38,312.34
ORD102268,2025-08-02,CUST1247,Electronics,Power Bank,South,Marketplace,Credit Card,1,991.25,0.1,892.12,135.0
ORD102269,2025-08-17,CUST1688,Home & Kitchen,Storage Container Set,West,Marketplace,UPI,2,964.41,0.15,1639.5,384.25
ORD102270,2025-03-08,CUST1627,Beauty,Moisturizer,North,Marketplace,UPI,3,560.82,0.1,1514.21,500.96
ORD102271,2025-02-13,CUST1304,Home & Kitchen,Mixer Grinder,Central,Mobile App,Cash on Delivery,2,3222.63,0.2,5156.21,1134.28
ORD102272,2025-08-13,CUST2167,Beauty,Moisturizer,South,Website,Credit Card,2,598.17,0.15,1016.89,322.29
ORD102273,2025-09-26,CUST1681,Beauty,Shampoo,East,Mobile App,Credit Card,3,453.34,0.25,1020.02,297.72
ORD102274,2025-02-06,CUST1978,Home & Kitchen,Storage Container Set,East,Marketplace,UPI,1,844.95,0.1,760.46,139.08
ORD102275,2025-03-04,CUST1957,Fashion,Cotton T-Shirt,North,Website,UPI,1,749.17,0.05,711.71,197.31
ORD102276,2025-01-11,CUST1960,Electronics,Power Bank,West,Marketplace,Credit Card,1,1097.62,0.1,987.86,163.55
ORD102277,2025-07-06,CUST1485,Electronics,Smart Watch,North,Website,UPI,1,3033.52,0.1,2730.17,398.03
ORD102278,2025-07-03,CUST2140,Home & Kitchen,Non-Stick Pan,West,Mobile App,Credit Card,1,1275.12,0.2,1020.1,184.94
ORD102279,2025-04-19,CUST1263,Home & Kitchen,Storage Container Set,East,Website,UPI,2,975.94,0.25,1463.91,259.56
ORD102280,2025-07-15,CUST1426,Electronics,USB-C Hub,East,Website,UPI,1,1307.02,0.25,980.26,199.2
ORD102281,2025-10-30,CUST1358,Electronics,Power Bank,Central,Website,Debit Card,2,1013.44,0.1,1824.19,414.79
ORD102282,2025-01-30,CUST1936,Books,Data Analytics Guide,Central,Mobile App,UPI,1,708.9,0.05,673.46,157.51
ORD102283,2025-01-19,CUST1605,Beauty,Moisturizer,North,Mobile App,Debit Card,2,551.5,0.1,992.7,306.2
ORD102284,2025-08-20,CUST1701,Beauty,Perfume,South,Mobile App,Cash on Delivery,1,1280.68,0.05,1216.65,422.46
ORD102285,2025-03-09,CUST1446,Books,Business Management,North,Marketplace,UPI,3,511.51,0.05,1457.8,308.27
ORD102286,2025-04-29,CUST1787,Home & Kitchen,Non-Stick Pan,West,Website,UPI,2,1257.29,0.1,2263.12,401.52
ORD102287,2025-10-21,CUST1602,Beauty,Face Wash,East,Mobile App,Debit Card,1,369.79,0.0,369.79,123.18
ORD102288,2025-07-24,CUST1285,Books,Machine Learning Basics,West,Website,Debit Card,1,964.52,0.1,868.07,247.62
ORD102289,2025-11-03,CUST1568,Home & Kitchen,Air Fryer,East,Website,Credit Card,3,4578.92,0.15,11676.25,2185.19
ORD102290,2025-12-28,CUST1753,Fashion,Denim Jeans,South,Mobile App,Debit Card,2,1390.75,0.1,2503.35,760.32
ORD102291,2025-08-19,CUST1449,Electronics,Wireless Headphones,West,Website,UPI,1,2257.53,0.15,1918.9,255.29
ORD102292,2025-12-22,CUST1091,Home & Kitchen,Storage Container Set,West,Mobile App,UPI,2,821.31,0.05,1560.49,330.93
ORD102293,2025-03-10,CUST1114,Beauty,Moisturizer,West,Website,Debit Card,2,592.85,0.0,1185.7,340.47
ORD102294,2025-05-03,CUST1516,Fashion,Cotton T-Shirt,West,Mobile App,Credit Card,3,658.02,0.25,1480.54,385.91
ORD102295,2025-06-07,CUST1667,Books,Business Management,North,Mobile App,Cash on Delivery,1,455.23,0.05,432.47,108.98
ORD102296,2025-08-27,CUST2132,Books,Machine Learning Basics,North,Mobile App,Credit Card,1,855.1,0.0,855.1,189.78
ORD102297,2025-11-27,CUST1801,Electronics,Power Bank,South,Marketplace,UPI,1,1076.95,0.1,969.26,124.63
ORD102298,2025-02-06,CUST2038,Electronics,Power Bank,Central,Website,UPI,1,1055.22,0.0,1055.22,148.33
ORD102299,2025-12-17,CUST1311,Home & Kitchen,Mixer Grinder,North,Website,UPI,1,3180.16,0.15,2703.14,558.6
ORD102300,2025-06-24,CUST1298,Beauty,Sunscreen,Central,Mobile App,Credit Card,1,680.18,0.1,612.16,208.03
ORD102301,2025-11-10,CUST1532,Fashion,Running Shoes,West,Website,Cash on Delivery,4,2396.03,0.1,8625.71,2696.91
ORD102302,2025-07-17,CUST1344,Fashion,Cotton T-Shirt,East,Website,Cash on Delivery,2,667.58,0.15,1134.89,311.54
ORD102303,2025-09-24,CUST1320,Books,Python Programming,Central,Website,UPI,1,540.7,0.1,486.63,122.99
ORD102304,2025-03-12,CUST2024,Books,Business Management,South,Mobile App,UPI,1,530.28,0.15,450.74,107.51
ORD102305,2025-01-01,CUST1908,Books,Fiction Novel,East,Mobile App,Net Banking,5,393.5,0.1,1770.75,357.64
ORD102306,2025-02-02,CUST1899,Electronics,Power Bank,West,Website,Credit Card,1,943.9,0.15,802.32,117.62
ORD102307,2025-05-04,CUST1009,Home & Kitchen,Storage Container Set,Central,Website,UPI,2,867.62,0.1,1561.72,336.98
ORD102308,2025-01-04,CUST1774,Beauty,Moisturizer,North,Website,Net Banking,1,617.56,0.0,617.56,180.96
ORD102309,2025-10-28,CUST1816,Electronics,Smart Watch,West,Mobile App,Net Banking,2,3216.68,0.05,6111.69,986.46
ORD102310,2025-06-10,CUST2043,Fashion,Running Shoes,East,Marketplace,UPI,1,2504.83,0.1,2254.35,552.11
ORD102311,2025-07-28,CUST1267,Fashion,Backpack,Central,Marketplace,UPI,2,1283.71,0.15,2182.31,589.89
ORD102312,2025-09-15,CUST2049,Fashion,Running Shoes,West,Mobile App,UPI,2,2336.48,0.2,3738.37,964.71
ORD102313,2025-07-01,CUST1757,Fashion,Casual Shirt,East,Marketplace,Debit Card,1,1173.83,0.25,880.37,228.5
ORD102314,2025-08-30,CUST1715,Fashion,Backpack,North,Website,Debit Card,2,1472.31,0.1,2650.16,814.51
ORD102315,2025-09-25,CUST1051,Fashion,Casual Shirt,East,Marketplace,UPI,1,1243.51,0.05,1181.33,280.29
ORD102316,2025-03-09,CUST1517,Fashion,Casual Shirt,East,Marketplace,UPI,1,1132.61,0.0,1132.61,330.09
ORD102317,2025-08-25,CUST1998,Electronics,Power Bank,Central,Marketplace,UPI,2,1018.37,0.0,2036.74,274.64
ORD102318,2025-11-04,CUST1239,Books,Business Management,South,Mobile App,Debit Card,1,461.66,0.0,461.66,137.8
ORD102319,2025-03-11,CUST2173,Fashion,Denim Jeans,Central,Website,UPI,1,1397.6,0.05,1327.72,322.43
ORD102320,2025-05-01,CUST1126,Electronics,Bluetooth Speaker,Central,Website,Cash on Delivery,1,1955.58,0.05,1857.8,320.13
ORD102321,2025-05-01,CUST1626,Books,Business Management,East,Marketplace,Credit Card,1,538.43,0.15,457.67,115.32
ORD102322,2025-07-11,CUST2143,Books,Data Analytics Guide,North,Website,UPI,1,818.58,0.15,695.79,179.94
ORD102323,2025-10-15,CUST1911,Books,Business Management,South,Marketplace,Credit Card,2,533.05,0.1,959.49,281.2
ORD102324,2025-05-29,CUST2116,Fashion,Casual Shirt,West,Marketplace,Cash on Delivery,2,1199.87,0.0,2399.74,706.66
ORD102325,2025-04-22,CUST1890,Books,Business Management,North,Website,UPI,1,503.48,0.1,453.13,117.57
ORD102326,2025-10-15,CUST2015,Books,Data Analytics Guide,East,Marketplace,Credit Card,1,761.7,0.0,761.7,202.42
ORD102327,2025-03-04,CUST1780,Books,Machine Learning Basics,North,Mobile App,Debit Card,1,845.03,0.05,802.78,192.04
ORD102328,2025-10-23,CUST1241,Home & Kitchen,Air Fryer,North,Marketplace,UPI,2,5027.02,0.15,8545.93,1609.1
ORD102329,2025-12-13,CUST1384,Books,Machine Learning Basics,North,Mobile App,UPI,1,844.79,0.1,760.31,203.38
ORD102330,2025-09-23,CUST1023,Home & Kitchen,Mixer Grinder,North,Website,UPI,1,3169.42,0.15,2694.01,558.84
ORD102331,2025-05-19,CUST1672,Beauty,Moisturizer,East,Marketplace,Credit Card,1,542.03,0.0,542.03,175.02
ORD102332,2025-09-06,CUST1770,Electronics,USB-C Hub,North,Mobile App,UPI,2,1185.25,0.05,2251.98,397.17
ORD102333,2025-05-21,CUST1079,Home & Kitchen,Electric Kettle,Central,Website,UPI,1,1686.96,0.2,1349.57,275.59
ORD102334,2025-10-28,CUST2073,Fashion,Backpack,North,Website,Net Banking,1,1407.46,0.0,1407.46,374.83
ORD102335,2025-12-09,CUST1906,Home & Kitchen,Mixer Grinder,East,Website,Debit Card,1,3454.97,0.05,3282.22,529.48
ORD102336,2025-11-07,CUST1914,Fashion,Cotton T-Shirt,West,Website,UPI,1,686.56,0.15,583.58,145.76
ORD102337,2025-04-26,CUST1917,Electronics,USB-C Hub,East,Mobile App,UPI,2,1328.05,0.1,2390.49,363.11
ORD102338,2025-08-01,CUST1560,Beauty,Moisturizer,East,Website,UPI,3,550.58,0.15,1403.98,395.18
ORD102339,2025-08-04,CUST1221,Beauty,Sunscreen,Central,Website,Debit Card,1,659.9,0.1,593.91,195.23
ORD102340,2025-11-11,CUST1038,Beauty,Face Wash,Central,Mobile App,UPI,2,362.31,0.0,724.62,240.39
ORD102341,2025-11-29,CUST1036,Books,Python Programming,East,Website,Credit Card,1,624.62,0.2,499.7,132.39
ORD102342,2025-08-16,CUST1338,Beauty,Moisturizer,North,Website,UPI,2,629.42,0.15,1070.01,386.63
ORD102343,2025-02-16,CUST1010,Beauty,Moisturizer,East,Website,Credit Card,2,551.53,0.05,1047.91,305.57
ORD102344,2025-09-16,CUST1454,Fashion,Casual Shirt,East,Mobile App,UPI,1,1139.13,0.15,968.26,266.38
ORD102345,2025-01-07,CUST1092,Electronics,Bluetooth Speaker,North,Website,UPI,3,1882.08,0.15,4799.3,597.26
ORD102346,2025-05-09,CUST2122,Home & Kitchen,Non-Stick Pan,East,Marketplace,UPI,1,1210.32,0.1,1089.29,233.81
ORD102347,2025-12-27,CUST1168,Beauty,Sunscreen,South,Website,Net Banking,2,755.42,0.2,1208.67,379.37
ORD102348,2025-01-04,CUST1688,Beauty,Face Wash,West,Website,Debit Card,1,403.41,0.0,403.41,121.65
ORD102349,2025-06-17,CUST1377,Beauty,Moisturizer,West,Mobile App,Debit Card,2,651.78,0.05,1238.38,425.58
ORD102350,2025-09-23,CUST1070,Home & Kitchen,Non-Stick Pan,Central,Marketplace,Credit Card,2,1267.48,0.2,2027.97,435.81
ORD102351,2025-01-22,CUST1064,Home & Kitchen,Electric Kettle,West,Marketplace,Cash on Delivery,3,1559.26,0.25,3508.34,728.84
ORD102352,2025-07-20,CUST1579,Fashion,Denim Jeans,North,Mobile App,Debit Card,2,1371.95,0.1,2469.51,733.39
ORD102353,2025-09-12,CUST1896,Electronics,Bluetooth Speaker,West,Website,Debit Card,4,1887.27,0.1,6794.17,908.88
ORD102354,2025-02-24,CUST1340,Home & Kitchen,Non-Stick Pan,West,Marketplace,UPI,4,1335.33,0.05,5074.25,1052.24
ORD102355,2025-10-06,CUST1558,Beauty,Perfume,South,Mobile App,UPI,4,1346.59,0.0,5386.36,1717.93
ORD102356,2025-09-20,CUST1121,Home & Kitchen,Non-Stick Pan,Central,Mobile App,Debit Card,2,1261.41,0.0,2522.82,537.37
ORD102357,2025-03-16,CUST1947,Beauty,Sunscreen,North,Website,Credit Card,3,685.32,0.1,1850.36,529.87
ORD102358,2025-06-20,CUST1421,Books,Machine Learning Basics,West,Website,UPI,1,834.61,0.15,709.42,194.23
ORD102359,2025-10-01,CUST1094,Books,Data Analytics Guide,Central,Mobile App,UPI,1,684.05,0.05,649.85,142.96
ORD102360,2025-02-27,CUST1140,Home & Kitchen,Storage Container Set,Central,Website,UPI,2,819.83,0.05,1557.68,230.48
ORD102361,2025-04-05,CUST1233,Fashion,Casual Shirt,Central,Website,UPI,2,1294.93,0.15,2201.38,650.51
ORD102362,2025-09-08,CUST1738,Home & Kitchen,Mixer Grinder,North,Mobile App,UPI,1,3386.43,0.0,3386.43,608.43
ORD102363,2025-04-16,CUST1784,Fashion,Cotton T-Shirt,North,Website,Cash on Delivery,1,745.57,0.1,671.01,188.67
ORD102364,2025-03-16,CUST1357,Electronics,Smart Watch,Central,Marketplace,Credit Card,2,3436.6,0.2,5498.56,1039.17
ORD102365,2025-09-27,CUST2166,Electronics,Smart Watch,Central,Mobile App,Cash on Delivery,1,3091.26,0.1,2782.13,490.98
ORD102366,2025-12-08,CUST1221,Electronics,Wireless Headphones,South,Website,Debit Card,1,2376.57,0.0,2376.57,287.5
ORD102367,2025-04-28,CUST1217,Home & Kitchen,Air Fryer,Central,Website,Credit Card,1,4619.64,0.1,4157.68,837.03
ORD102368,2025-12-28,CUST1629,Beauty,Face Wash,South,Mobile App,Debit Card,1,426.33,0.15,362.38,119.15
ORD102369,2025-12-11,CUST1346,Beauty,Moisturizer,West,Mobile App,Debit Card,1,592.34,0.25,444.26,147.0
ORD102370,2025-12-17,CUST1297,Fashion,Cotton T-Shirt,South,Website,Credit Card,2,668.7,0.0,1337.4,370.34
ORD102371,2025-10-16,CUST1244,Beauty,Moisturizer,North,Marketplace,Credit Card,1,632.96,0.25,474.72,157.2
ORD102372,2025-05-29,CUST1528,Beauty,Face Wash,North,Marketplace,Net Banking,1,368.78,0.1,331.9,111.36
ORD102373,2025-10-18,CUST1422,Electronics,Bluetooth Speaker,Central,Website,Credit Card,2,1622.63,0.1,2920.73,452.75
ORD102374,2025-05-20,CUST1454,Beauty,Sunscreen,South,Marketplace,UPI,4,653.93,0.1,2354.15,644.25
ORD102375,2025-09-12,CUST1812,Fashion,Casual Shirt,South,Mobile App,UPI,5,1236.16,0.05,5871.76,1568.59
ORD102376,2025-03-15,CUST2104,Beauty,Shampoo,South,Marketplace,UPI,1,541.14,0.15,459.97,143.07
ORD102377,2025-06-16,CUST1389,Home & Kitchen,Air Fryer,Central,Website,Credit Card,1,4576.09,0.2,3660.87,668.17
ORD102378,2025-12-10,CUST1862,Books,Machine Learning Basics,South,Mobile App,UPI,2,872.49,0.25,1308.74,287.99
ORD102379,2025-04-05,CUST2102,Electronics,USB-C Hub,North,Website,UPI,2,1288.79,0.15,2190.94,470.68
ORD102380,2025-10-26,CUST1752,Home & Kitchen,Non-Stick Pan,East,Website,Debit Card,3,1290.11,0.05,3676.81,794.76
ORD102381,2025-02-11,CUST1522,Fashion,Denim Jeans,North,Marketplace,Debit Card,1,1618.97,0.0,1618.97,468.4
ORD102382,2025-07-07,CUST1736,Beauty,Sunscreen,East,Mobile App,UPI,1,723.39,0.0,723.39,213.84
ORD102383,2025-01-08,CUST1959,Home & Kitchen,Mixer Grinder,North,Marketplace,Cash on Delivery,3,3568.17,0.05,10169.28,1400.75
ORD102384,2025-05-08,CUST1261,Electronics,Wireless Headphones,East,Website,Credit Card,1,2464.6,0.0,2464.6,353.27
ORD102385,2025-09-13,CUST1586,Books,Fiction Novel,North,Website,Net Banking,1,413.67,0.0,413.67,89.43
ORD102386,2025-11-12,CUST1240,Fashion,Cotton T-Shirt,South,Marketplace,Cash on Delivery,2,676.04,0.05,1284.48,334.15
ORD102387,2025-07-13,CUST1681,Fashion,Denim Jeans,West,Mobile App,Credit Card,4,1351.4,0.0,5405.6,1377.95
ORD102388,2025-12-10,CUST1296,Beauty,Shampoo,Central,Mobile App,UPI,2,547.22,0.0,1094.44,393.82
ORD102389,2025-05-01,CUST1119,Electronics,Bluetooth Speaker,North,Website,UPI,1,1972.17,0.0,1972.17,309.13
ORD102390,2025-06-13,CUST1003,Beauty,Shampoo,South,Website,UPI,1,531.13,0.1,478.02,153.16
ORD102391,2025-12-06,CUST1432,Books,Business Management,North,Mobile App,UPI,2,504.88,0.0,1009.76,242.44
ORD102392,2025-06-30,CUST1184,Books,Data Analytics Guide,East,Website,Net Banking,2,691.39,0.0,1382.78,353.09
ORD102393,2025-02-25,CUST1807,Home & Kitchen,Non-Stick Pan,North,Mobile App,UPI,1,1242.21,0.2,993.77,201.32
ORD102394,2025-07-25,CUST1974,Fashion,Backpack,South,Mobile App,Net Banking,2,1495.4,0.1,2691.72,828.45
ORD102395,2025-04-05,CUST1775,Electronics,Bluetooth Speaker,West,Website,Credit Card,1,1677.03,0.1,1509.33,238.73
ORD102396,2025-04-28,CUST1122,Books,Machine Learning Basics,South,Mobile App,Debit Card,1,863.53,0.1,777.18,198.99
ORD102397,2025-10-06,CUST1604,Electronics,USB-C Hub,South,Website,UPI,1,1399.23,0.05,1329.27,176.37
ORD102398,2025-03-28,CUST2174,Books,Fiction Novel,North,Mobile App,Credit Card,1,429.91,0.0,429.91,115.23
ORD102399,2025-05-17,CUST1684,Fashion,Cotton T-Shirt,South,Mobile App,Debit Card,2,699.34,0.05,1328.75,390.2
ORD102400,2025-08-14,CUST1595,Fashion,Running Shoes,South,Website,Credit Card,2,2493.62,0.1,4488.52,1344.68
ORD102401,2025-12-20,CUST1032,Books,Machine Learning Basics,North,Website,UPI,2,818.36,0.05,1554.88,359.15
ORD102402,2025-07-01,CUST1771,Fashion,Running Shoes,Central,Marketplace,UPI,1,2338.76,0.2,1871.01,467.88
ORD102403,2025-04-02,CUST1213,Beauty,Perfume,South,Mobile App,Debit Card,2,1284.32,0.05,2440.21,693.89
ORD102404,2025-04-05,CUST1782,Fashion,Running Shoes,North,Mobile App,Credit Card,3,2191.31,0.0,6573.93,1492.78
ORD102405,2025-02-04,CUST1039,Electronics,USB-C Hub,West,Marketplace,UPI,1,1273.24,0.05,1209.58,210.59
ORD102406,2025-08-10,CUST1248,Books,Fiction Novel,North,Website,Cash on Delivery,3,375.04,0.15,956.35,291.03
ORD102407,2025-09-26,CUST2143,Books,Data Analytics Guide,East,Mobile App,Cash on Delivery,1,725.53,0.2,580.42,123.04
ORD102408,2025-08-13,CUST1779,Electronics,USB-C Hub,East,Mobile App,Credit Card,2,1315.47,0.15,2236.3,367.73
ORD102409,2025-02-24,CUST1314,Fashion,Backpack,West,Mobile App,Debit Card,5,1517.08,0.15,6447.59,2060.95
ORD102410,2025-11-21,CUST1602,Books,Data Analytics Guide,South,Website,Debit Card,1,690.55,0.1,621.5,155.08
ORD102411,2025-09-10,CUST1025,Electronics,Wireless Headphones,Central,Marketplace,Credit Card,1,2335.97,0.05,2219.17,345.69
ORD102412,2025-06-29,CUST1415,Books,Data Analytics Guide,West,Website,Debit Card,1,716.56,0.0,716.56,197.52
ORD102413,2025-04-12,CUST2177,Fashion,Casual Shirt,Central,Website,Cash on Delivery,1,1307.21,0.05,1241.85,391.61
ORD102414,2025-12-09,CUST1124,Electronics,Power Bank,West,Marketplace,Debit Card,2,1004.54,0.2,1607.26,323.23
ORD102415,2025-03-24,CUST1027,Home & Kitchen,Air Fryer,Central,Website,Debit Card,1,5175.2,0.05,4916.44,1018.5
ORD102416,2025-09-17,CUST1658,Books,Business Management,West,Mobile App,Cash on Delivery,1,479.8,0.05,455.81,119.01
ORD102417,2025-11-07,CUST1518,Beauty,Sunscreen,North,Website,Cash on Delivery,1,699.82,0.0,699.82,193.14
ORD102418,2025-01-17,CUST1389,Electronics,Wireless Headphones,South,Website,UPI,3,2647.65,0.1,7148.66,1133.46
ORD102419,2025-12-09,CUST2062,Home & Kitchen,Mixer Grinder,West,Mobile App,UPI,4,3289.51,0.15,11184.33,2071.78
ORD102420,2025-06-04,CUST1105,Books,Python Programming,West,Website,UPI,1,597.76,0.2,478.21,120.79
ORD102421,2025-12-29,CUST1931,Home & Kitchen,Electric Kettle,North,Marketplace,Debit Card,3,1684.75,0.1,4548.82,834.91
ORD102422,2025-05-05,CUST1038,Home & Kitchen,Non-Stick Pan,Central,Website,UPI,1,1376.46,0.15,1169.99,257.82
ORD102423,2025-06-14,CUST1583,Home & Kitchen,Mixer Grinder,North,Marketplace,Debit Card,1,3209.4,0.05,3048.93,686.27
ORD102424,2025-05-17,CUST1871,Beauty,Shampoo,West,Mobile App,UPI,2,501.76,0.05,953.34,309.52
ORD102425,2025-03-23,CUST1816,Fashion,Backpack,West,Website,Net Banking,3,1528.99,0.15,3898.92,1024.91
ORD102426,2025-06-01,CUST1576,Electronics,Smart Watch,North,Mobile App,Debit Card,4,3434.45,0.05,13050.91,1787.13
ORD102427,2025-12-28,CUST1328,Home & Kitchen,Non-Stick Pan,West,Mobile App,Debit Card,1,1171.44,0.25,878.58,167.49
ORD102428,2025-02-04,CUST1119,Electronics,Wireless Headphones,East,Mobile App,Net Banking,3,2258.87,0.0,6776.61,1280.94
ORD102429,2025-10-06,CUST1955,Fashion,Running Shoes,North,Marketplace,Net Banking,3,2131.64,0.15,5435.68,1541.35
ORD102430,2025-05-29,CUST1056,Books,Python Programming,West,Website,UPI,1,591.8,0.1,532.62,143.58
ORD102431,2025-08-17,CUST1764,Electronics,Power Bank,East,Website,Debit Card,1,1006.48,0.1,905.83,160.09
ORD102432,2025-08-04,CUST1230,Fashion,Casual Shirt,East,Website,Debit Card,2,1120.69,0.05,2129.31,591.43
ORD102433,2025-02-23,CUST1457,Books,Machine Learning Basics,Central,Website,Net Banking,2,957.94,0.1,1724.29,348.11
ORD102434,2025-03-01,CUST1230,Beauty,Sunscreen,East,Marketplace,UPI,2,740.59,0.15,1259.0,422.01
ORD102435,2025-09-11,CUST2166,Beauty,Face Wash,Central,Website,Cash on Delivery,5,422.94,0.2,1691.76,501.75
ORD102436,2025-08-15,CUST1642,Electronics,Bluetooth Speaker,West,Website,UPI,1,1853.57,0.1,1668.21,291.09
ORD102437,2025-08-26,CUST1511,Home & Kitchen,Electric Kettle,North,Website,Debit Card,1,1622.15,0.25,1216.61,280.77
ORD102438,2025-06-06,CUST1327,Home & Kitchen,Electric Kettle,South,Website,UPI,1,1731.74,0.1,1558.57,257.47
ORD102439,2025-08-25,CUST2184,Beauty,Face Wash,East,Marketplace,Cash on Delivery,2,375.85,0.05,714.12,230.6
ORD102440,2025-02-11,CUST1458,Electronics,Wireless Headphones,South,Mobile App,Credit Card,1,2276.78,0.05,2162.94,386.68
ORD102441,2025-03-11,CUST1203,Beauty,Perfume,West,Website,Net Banking,4,1407.04,0.05,5346.75,1602.35
ORD102442,2025-02-13,CUST1555,Beauty,Sunscreen,Central,Website,Net Banking,5,734.85,0.15,3123.11,974.99
ORD102443,2025-09-02,CUST2177,Books,Business Management,North,Marketplace,UPI,2,548.2,0.2,877.12,149.5
ORD102444,2025-08-14,CUST1361,Fashion,Cotton T-Shirt,East,Website,Cash on Delivery,2,672.49,0.1,1210.48,280.64
ORD102445,2025-06-04,CUST1193,Electronics,USB-C Hub,East,Website,Credit Card,1,1169.48,0.05,1111.01,149.7
ORD102446,2025-01-25,CUST1913,Home & Kitchen,Storage Container Set,West,Website,UPI,3,886.13,0.0,2658.39,576.95
ORD102447,2025-03-04,CUST1184,Home & Kitchen,Non-Stick Pan,East,Website,Net Banking,1,1419.01,0.05,1348.06,210.85
ORD102448,2025-01-17,CUST1602,Home & Kitchen,Electric Kettle,East,Mobile App,UPI,2,1503.44,0.0,3006.88,654.72
ORD102449,2025-11-09,CUST2131,Home & Kitchen,Storage Container Set,East,Website,Debit Card,1,846.27,0.05,803.96,166.77
ORD102450,2025-06-12,CUST1653,Beauty,Perfume,North,Website,Credit Card,1,1320.43,0.15,1122.37,353.18
ORD102451,2025-05-17,CUST1602,Home & Kitchen,Non-Stick Pan,North,Mobile App,Credit Card,2,1339.24,0.1,2410.63,456.86
ORD102452,2025-02-26,CUST1175,Home & Kitchen,Electric Kettle,East,Website,Debit Card,3,1724.57,0.0,5173.71,970.24
ORD102453,2025-03-11,CUST2049,Fashion,Casual Shirt,West,Marketplace,Debit Card,3,1270.7,0.25,2859.08,823.71
ORD102454,2025-01-04,CUST1759,Home & Kitchen,Electric Kettle,Central,Mobile App,Cash on Delivery,1,1445.87,0.0,1445.87,278.23
ORD102455,2025-01-07,CUST1928,Electronics,Bluetooth Speaker,Central,Mobile App,UPI,1,1860.14,0.1,1674.13,242.81
ORD102456,2025-06-21,CUST2119,Fashion,Running Shoes,East,Website,Cash on Delivery,1,2137.93,0.15,1817.24,496.56
ORD102457,2025-08-03,CUST2026,Books,Python Programming,East,Website,UPI,2,631.78,0.2,1010.85,288.17
ORD102458,2025-12-28,CUST1495,Books,Fiction Novel,Central,Mobile App,Credit Card,2,381.38,0.15,648.35,169.0
ORD102459,2025-11-22,CUST1716,Home & Kitchen,Storage Container Set,Central,Website,Cash on Delivery,1,951.48,0.1,856.33,185.68
ORD102460,2025-03-02,CUST1872,Fashion,Casual Shirt,West,Website,Debit Card,1,1160.34,0.1,1044.31,317.42
ORD102461,2025-01-03,CUST1234,Fashion,Running Shoes,East,Mobile App,Credit Card,1,2276.01,0.1,2048.41,635.82
ORD102462,2025-08-11,CUST1541,Home & Kitchen,Electric Kettle,East,Marketplace,UPI,5,1604.76,0.0,8023.8,1448.34
ORD102463,2025-12-23,CUST1839,Books,Fiction Novel,East,Website,Debit Card,1,399.31,0.1,359.38,94.43
ORD102464,2025-10-15,CUST2072,Home & Kitchen,Air Fryer,Central,Website,UPI,1,5202.19,0.25,3901.64,824.39
ORD102465,2025-09-06,CUST1483,Home & Kitchen,Air Fryer,North,Mobile App,UPI,2,4772.21,0.0,9544.42,2147.16
ORD102466,2025-01-13,CUST1566,Electronics,Smart Watch,Central,Marketplace,Credit Card,5,3311.38,0.25,12417.68,1876.36
ORD102467,2025-05-07,CUST1191,Home & Kitchen,Electric Kettle,South,Website,UPI,2,1486.91,0.05,2825.13,479.43
ORD102468,2025-06-21,CUST1063,Books,Fiction Novel,West,Website,UPI,2,422.2,0.15,717.74,155.54
ORD102469,2025-10-27,CUST1417,Electronics,Wireless Headphones,Central,Mobile App,UPI,2,2267.72,0.0,4535.44,804.69
ORD102470,2025-05-05,CUST1117,Books,Business Management,East,Website,UPI,1,510.7,0.2,408.56,89.89
ORD102471,2025-08-23,CUST1111,Fashion,Running Shoes,South,Marketplace,Debit Card,1,2413.81,0.05,2293.12,571.7
ORD102472,2025-11-28,CUST1399,Home & Kitchen,Air Fryer,Central,Website,Net Banking,1,4825.52,0.1,4342.97,772.4
ORD102473,2025-02-05,CUST1107,Home & Kitchen,Electric Kettle,East,Mobile App,UPI,1,1550.51,0.0,1550.51,302.98
ORD102474,2025-10-16,CUST1474,Fashion,Backpack,North,Marketplace,UPI,2,1363.46,0.15,2317.88,663.98
ORD102475,2025-07-18,CUST1967,Home & Kitchen,Electric Kettle,Central,Mobile App,UPI,4,1462.11,0.05,5556.02,1054.58
ORD102476,2025-12-27,CUST1734,Home & Kitchen,Mixer Grinder,West,Website,Credit Card,2,3636.21,0.1,6545.18,1436.18
ORD102477,2025-08-10,CUST1876,Books,Business Management,South,Mobile App,UPI,3,482.67,0.05,1375.61,332.86
ORD102478,2025-06-04,CUST1499,Fashion,Backpack,South,Website,UPI,1,1480.02,0.05,1406.02,431.14
ORD102479,2025-12-03,CUST1475,Fashion,Running Shoes,Central,Mobile App,Cash on Delivery,2,2319.26,0.0,4638.52,1391.82
ORD102480,2025-01-25,CUST1640,Beauty,Shampoo,Central,Marketplace,UPI,2,509.0,0.0,1018.0,320.32
ORD102481,2025-02-01,CUST1575,Home & Kitchen,Electric Kettle,East,Mobile App,Cash on Delivery,1,1579.8,0.1,1421.82,311.57
ORD102482,2025-06-23,CUST1700,Electronics,Bluetooth Speaker,West,Mobile App,Cash on Delivery,1,1673.92,0.0,1673.92,259.67
ORD102483,2025-07-23,CUST1452,Beauty,Sunscreen,Central,Mobile App,UPI,1,653.75,0.15,555.69,176.55
ORD102484,2025-06-29,CUST2004,Home & Kitchen,Non-Stick Pan,West,Website,Cash on Delivery,1,1253.35,0.15,1065.35,258.74
ORD102485,2025-11-03,CUST1740,Fashion,Cotton T-Shirt,Central,Marketplace,Debit Card,1,649.46,0.05,616.99,187.48
ORD102486,2025-09-05,CUST1597,Fashion,Casual Shirt,East,Website,Credit Card,3,1169.53,0.15,2982.3,803.41
ORD102487,2025-05-26,CUST1336,Home & Kitchen,Air Fryer,Central,Website,UPI,3,4733.24,0.0,14199.72,2569.89
ORD102488,2025-09-05,CUST1128,Books,Machine Learning Basics,West,Website,Net Banking,1,918.35,0.15,780.6,200.08
ORD102489,2025-01-19,CUST1495,Fashion,Running Shoes,East,Website,Credit Card,3,2254.71,0.15,5749.51,1567.54
ORD102490,2025-07-07,CUST1836,Fashion,Backpack,North,Mobile App,UPI,1,1354.37,0.05,1286.65,364.83
ORD102491,2025-06-29,CUST1421,Electronics,Power Bank,West,Mobile App,Cash on Delivery,1,1043.67,0.15,887.12,115.2
ORD102492,2025-07-01,CUST1069,Books,Business Management,East,Marketplace,Net Banking,1,458.97,0.0,458.97,94.36
ORD102493,2025-01-22,CUST2096,Beauty,Shampoo,East,Website,Credit Card,1,508.4,0.0,508.4,166.75
ORD102494,2025-10-25,CUST1367,Books,Business Management,Central,Website,Cash on Delivery,4,506.73,0.1,1824.23,503.08
ORD102495,2025-11-17,CUST1534,Fashion,Running Shoes,West,Website,Cash on Delivery,1,2258.04,0.15,1919.33,592.08
ORD102496,2025-04-16,CUST1460,Electronics,Bluetooth Speaker,South,Website,UPI,3,1939.81,0.2,4655.54,709.22
ORD102497,2025-09-16,CUST2181,Electronics,Bluetooth Speaker,Central,Website,Net Banking,1,1891.61,0.25,1418.71,215.1
ORD102498,2025-05-20,CUST1988,Beauty,Face Wash,South,Website,Debit Card,1,367.4,0.05,349.03,115.5
ORD102499,2025-04-16,CUST1069,Home & Kitchen,Non-Stick Pan,East,Website,Cash on Delivery,1,1392.14,0.0,1392.14,314.89
ORD102500,2025-01-08,CUST1576,Home & Kitchen,Storage Container Set,East,Website,Debit Card,1,948.45,0.0,948.45,175.76
ORD102501,2025-08-07,Unknown,Electronics,Wireless Headphones,Central,Website,UPI,2,2737.61,0.0,5475.22,929.2
ORD102502,2025-12-26,CUST1214,Books,Data Analytics Guide,East,Website,Cash on Delivery,1,677.29,0.0,677.29,168.49
ORD102503,2025-07-08,CUST1784,Beauty,Moisturizer,Central,Website,Credit Card,2,605.66,0.0,1211.32,445.0
ORD102504,2025-06-01,CUST1550,Fashion,Casual Shirt,West,Website,Debit Card,1,1283.6,0.1,1155.24,296.14
ORD102505,2025-06-04,CUST1733,Beauty,Moisturizer,West,Website,Debit Card,3,606.47,0.2,1455.53,451.63
ORD102506,2025-07-26,CUST1341,Beauty,Shampoo,West,Website,UPI,1,461.95,0.05,438.85,139.36
ORD102507,2025-09-04,CUST1747,Fashion,Running Shoes,West,Mobile App,UPI,1,2247.09,0.15,1910.03,515.99
ORD102508,2025-04-03,CUST1207,Home & Kitchen,Air Fryer,Central,Website,Credit Card,2,5371.66,0.05,10206.15,1967.99
ORD102509,2025-05-01,CUST1006,Home & Kitchen,Electric Kettle,West,Mobile App,UPI,1,1509.47,0.0,1509.47,284.9
ORD102510,2025-03-24,CUST1424,Books,Business Management,South,Website,Cash on Delivery,1,517.99,0.1,466.19,110.96
ORD102511,2025-10-21,CUST1147,Fashion,Casual Shirt,South,Website,Credit Card,1,1099.77,0.0,1099.77,324.19
ORD102512,2025-07-08,CUST2073,Beauty,Sunscreen,East,Mobile App,UPI,4,695.93,0.2,2226.98,659.85
ORD102513,2025-12-09,CUST1573,Books,Business Management,West,Mobile App,Debit Card,2,520.51,0.15,884.87,194.7
ORD102514,2025-12-20,CUST1608,Books,Fiction Novel,South,Website,Credit Card,1,423.83,0.2,339.06,68.73
ORD102515,2025-12-08,CUST1434,Electronics,Power Bank,South,Website,UPI,4,1039.5,0.05,3950.1,529.05
ORD102516,2025-06-17,CUST1855,Fashion,Denim Jeans,South,Mobile App,UPI,2,1579.9,0.0,3159.8,761.71
ORD102517,2025-04-28,CUST2140,Home & Kitchen,Mixer Grinder,West,Marketplace,UPI,2,3684.61,0.1,6632.3,1263.26
ORD102518,2025-08-03,CUST2070,Books,Machine Learning Basics,East,Website,Credit Card,4,867.12,0.1,3121.63,799.31
ORD102519,2025-11-28,CUST1207,Electronics,Bluetooth Speaker,Central,Website,Credit Card,1,1861.43,0.25,1396.07,182.22
ORD102520,2025-09-17,CUST1964,Home & Kitchen,Air Fryer,North,Website,Credit Card,2,4875.74,0.1,8776.33,1900.98
ORD102521,2025-07-08,CUST1172,Electronics,USB-C Hub,East,Mobile App,Cash on Delivery,1,1360.96,0.1,1224.86,187.13
ORD102522,2025-09-23,CUST2163,Beauty,Shampoo,West,Mobile App,Debit Card,1,488.03,0.1,439.23,164.62
ORD102523,2025-07-17,CUST1080,Fashion,Denim Jeans,North,Website,UPI,3,1581.2,0.05,4506.42,1392.7
ORD102524,2025-05-01,CUST2198,Beauty,Perfume,East,Website,UPI,1,1227.99,0.15,1043.79,361.01
ORD102525,2025-02-06,CUST1964,Books,Machine Learning Basics,Central,Marketplace,Credit Card,2,843.87,0.05,1603.35,433.16
ORD102526,2025-01-27,CUST1043,Home & Kitchen,Non-Stick Pan,East,Website,UPI,2,1247.72,0.15,2121.12,424.94
ORD102527,2025-10-01,CUST1853,Fashion,Denim Jeans,Central,Website,Credit Card,1,1505.08,0.05,1429.83,391.55
ORD102528,2025-09-02,CUST1638,Books,Machine Learning Basics,North,Website,Cash on Delivery,1,953.69,0.1,858.32,212.15
ORD102529,2025-07-21,CUST1739,Books,Machine Learning Basics,North,Website,UPI,3,940.62,0.1,2539.67,670.44
ORD102530,2025-08-20,CUST2184,Home & Kitchen,Electric Kettle,North,Website,Debit Card,2,1702.76,0.15,2894.69,646.3
ORD102531,2025-03-04,CUST2097,Electronics,USB-C Hub,South,Website,UPI,1,1217.7,0.0,1217.7,241.31
ORD102532,2025-04-27,CUST1383,Beauty,Sunscreen,East,Website,Cash on Delivery,2,674.91,0.0,1349.82,416.73
ORD102533,2025-01-08,CUST2183,Electronics,Bluetooth Speaker,East,Mobile App,Debit Card,1,1642.65,0.15,1396.25,154.16
ORD102534,2025-01-19,CUST1313,Books,Business Management,Central,Mobile App,Credit Card,1,498.83,0.1,448.95,117.22
ORD102535,2025-09-28,CUST1212,Fashion,Casual Shirt,South,Website,UPI,4,1215.4,0.15,4132.36,902.89
ORD102536,2025-08-28,CUST1311,Electronics,Power Bank,North,Website,Net Banking,1,946.11,0.1,851.5,145.6
ORD102537,2025-08-20,CUST1813,Home & Kitchen,Storage Container Set,West,Website,UPI,3,918.39,0.15,2341.89,612.75
ORD102538,2025-10-12,CUST1661,Beauty,Sunscreen,Central,Website,UPI,1,721.01,0.0,721.01,240.35
ORD102539,2025-08-18,CUST1869,Books,Business Management,North,Mobile App,UPI,1,452.56,0.25,339.42,94.76
ORD102540,2025-05-16,CUST1128,Books,Fiction Novel,East,Website,UPI,1,376.85,0.0,376.85,84.94
ORD102541,2025-08-08,CUST1338,Home & Kitchen,Non-Stick Pan,West,Mobile App,UPI,1,1402.49,0.15,1192.12,257.82
ORD102542,2025-12-26,CUST1542,Home & Kitchen,Electric Kettle,North,Marketplace,Net Banking,2,1591.45,0.0,3182.9,538.54
ORD102543,2025-01-22,CUST1422,Home & Kitchen,Electric Kettle,South,Mobile App,Debit Card,2,1716.55,0.15,2918.14,514.57
ORD102544,2025-06-13,CUST1913,Electronics,Wireless Headphones,North,Mobile App,Cash on Delivery,2,2667.17,0.0,5334.34,813.31
ORD102545,2025-09-15,CUST1129,Beauty,Moisturizer,Central,Website,UPI,2,573.06,0.1,1031.51,341.17
ORD102546,2025-12-03,CUST1739,Fashion,Casual Shirt,North,Marketplace,UPI,2,1085.26,0.05,2061.99,543.66
ORD102547,2025-08-08,CUST2018,Home & Kitchen,Electric Kettle,North,Mobile App,Net Banking,1,1743.46,0.1,1569.11,345.8
ORD102548,2025-04-15,CUST1370,Beauty,Perfume,Central,Marketplace,UPI,3,1312.02,0.05,3739.26,1197.02
ORD102549,2025-08-20,CUST1569,Beauty,Sunscreen,Central,Mobile App,UPI,1,637.5,0.15,541.88,186.18
ORD102550,2025-01-19,CUST1016,Home & Kitchen,Mixer Grinder,Central,Website,Credit Card,1,3739.57,0.05,3552.59,681.4
ORD102551,2025-02-18,CUST1325,Beauty,Shampoo,South,Mobile App,Credit Card,1,538.66,0.2,430.93,138.9
ORD102552,2025-02-04,CUST1436,Fashion,Denim Jeans,South,Marketplace,Cash on Delivery,1,1379.04,0.2,1103.23,287.1
ORD102553,2025-09-29,CUST2168,Electronics,Power Bank,East,Mobile App,UPI,1,1032.71,0.15,877.8,97.17
ORD102554,2025-03-05,CUST1314,Home & Kitchen,Mixer Grinder,Central,Website,UPI,4,3665.1,0.15,12461.34,2191.86
ORD102555,2025-04-15,CUST1165,Fashion,Backpack,South,Mobile App,Net Banking,1,1495.94,0.15,1271.55,364.02
ORD102556,2025-01-18,CUST2031,Electronics,Power Bank,Central,Website,UPI,1,938.96,0.2,751.17,119.08
ORD102557,2025-01-17,CUST1089,Fashion,Cotton T-Shirt,Central,Mobile App,Credit Card,1,653.84,0.1,588.46,174.83
ORD102558,2025-10-12,CUST1273,Fashion,Denim Jeans,South,Marketplace,Credit Card,1,1428.84,0.15,1214.51,363.6
ORD102559,2025-01-20,CUST2157,Electronics,Bluetooth Speaker,West,Mobile App,Credit Card,1,1886.18,0.2,1508.94,172.11
ORD102560,2025-01-09,CUST1230,Fashion,Running Shoes,Central,Website,Cash on Delivery,1,2088.71,0.1,1879.84,451.63
ORD102561,2025-02-05,CUST1495,Beauty,Perfume,South,Mobile App,UPI,1,1399.5,0.0,1399.5,357.22
ORD102562,2025-09-30,CUST1075,Books,Data Analytics Guide,East,Mobile App,UPI,1,822.84,0.0,822.84,191.83
ORD102563,2025-01-14,CUST1478,Books,Fiction Novel,South,Website,UPI,1,408.3,0.05,387.88,103.94
ORD102564,2025-09-09,CUST1333,Home & Kitchen,Electric Kettle,East,Mobile App,Net Banking,2,1671.76,0.2,2674.82,635.68
ORD102565,2025-06-06,CUST1022,Beauty,Sunscreen,East,Marketplace,Debit Card,2,715.39,0.05,1359.24,447.64
ORD102566,2025-10-29,CUST1832,Home & Kitchen,Non-Stick Pan,Central,Website,UPI,1,1345.12,0.1,1210.61,274.82
ORD102567,2025-02-04,CUST2171,Electronics,Power Bank,South,Mobile App,Credit Card,1,1083.92,0.0,1083.92,178.71
ORD102568,2025-08-11,CUST1327,Beauty,Face Wash,South,Website,UPI,1,417.21,0.1,375.49,120.75
ORD102569,2025-02-22,CUST1732,Fashion,Casual Shirt,East,Marketplace,UPI,2,1266.29,0.15,2152.69,621.15
ORD102570,2025-03-28,CUST1865,Electronics,Bluetooth Speaker,North,Mobile App,Net Banking,2,1738.33,0.1,3128.99,370.77
ORD102571,2025-06-22,CUST1940,Fashion,Casual Shirt,North,Website,Debit Card,3,1163.1,0.1,3140.37,926.93
ORD102572,2025-08-20,CUST1728,Electronics,Bluetooth Speaker,North,Website,Credit Card,1,1941.27,0.0,1941.27,429.53
ORD102573,2025-02-12,CUST1138,Electronics,Power Bank,Central,Marketplace,UPI,1,1051.95,0.15,894.16,176.78
ORD102574,2025-08-26,CUST1644,Fashion,Backpack,Central,Website,Debit Card,2,1421.78,0.0,2843.56,691.23
ORD102575,2025-12-01,CUST1709,Home & Kitchen,Electric Kettle,West,Website,Cash on Delivery,1,1519.44,0.15,1291.52,261.28
ORD102576,2025-03-17,CUST1287,Electronics,Smart Watch,North,Marketplace,Net Banking,1,3560.78,0.25,2670.58,306.42
ORD102577,2025-03-30,CUST1713,Home & Kitchen,Air Fryer,South,Mobile App,UPI,1,5233.69,0.0,5233.69,989.77
ORD102578,2025-02-04,CUST1784,Home & Kitchen,Mixer Grinder,South,Website,UPI,2,3377.43,0.1,6079.37,1184.41
ORD102579,2025-10-06,CUST1698,Beauty,Sunscreen,East,Mobile App,Debit Card,3,659.82,0.1,1781.51,553.75
ORD102580,2025-03-30,CUST2069,Fashion,Running Shoes,West,Website,Debit Card,1,2207.93,0.0,2207.93,635.29
ORD102581,2025-03-23,CUST1094,Fashion,Running Shoes,East,Website,UPI,3,2276.78,0.1,6147.31,1774.71
ORD102582,2025-03-07,CUST1068,Beauty,Moisturizer,West,Website,Credit Card,1,628.63,0.0,628.63,203.23
ORD102583,2025-01-07,CUST1549,Fashion,Running Shoes,East,Mobile App,Net Banking,3,2106.28,0.0,6318.84,1924.06
ORD102584,2025-02-17,CUST1481,Fashion,Cotton T-Shirt,West,Marketplace,UPI,3,735.43,0.15,1875.35,521.71
ORD102585,2025-09-02,CUST1313,Electronics,Smart Watch,East,Website,Debit Card,1,3143.79,0.15,2672.22,393.86
ORD102586,2025-07-31,CUST1200,Fashion,Running Shoes,East,Marketplace,Debit Card,3,2145.81,0.05,6115.56,1723.31
ORD102587,2025-01-16,CUST1887,Beauty,Shampoo,Central,Mobile App,Net Banking,1,459.75,0.0,459.75,153.63
ORD102588,2025-04-10,CUST2114,Electronics,Smart Watch,South,Mobile App,Credit Card,1,3609.37,0.1,3248.43,665.36
ORD102589,2025-09-09,CUST2087,Home & Kitchen,Air Fryer,South,Mobile App,UPI,1,5261.26,0.0,5261.26,1269.07
ORD102590,2025-08-14,CUST1025,Fashion,Casual Shirt,South,Mobile App,Debit Card,1,1304.54,0.1,1174.09,350.92
ORD102591,2025-11-27,CUST1345,Fashion,Running Shoes,East,Mobile App,UPI,1,2336.47,0.2,1869.18,457.47
ORD102592,2025-05-17,CUST1850,Fashion,Backpack,Central,Website,UPI,4,1344.65,0.1,4840.74,1420.79
ORD102593,2025-07-03,CUST1309,Electronics,Power Bank,West,Marketplace,UPI,1,960.69,0.1,864.62,153.36
ORD102594,2025-12-17,CUST1350,Books,Fiction Novel,North,Marketplace,UPI,4,415.2,0.2,1328.64,337.97
ORD102595,2025-05-16,CUST1921,Books,Business Management,South,Website,UPI,3,455.75,0.05,1298.89,301.31
ORD102596,2025-11-09,CUST1732,Books,Fiction Novel,Central,Website,UPI,1,401.89,0.15,341.61,88.06
ORD102597,2025-09-02,CUST1024,Electronics,Wireless Headphones,Central,Mobile App,UPI,2,2275.24,0.05,4322.96,704.61
ORD102598,2025-12-18,CUST1926,Beauty,Face Wash,East,Marketplace,Debit Card,1,399.38,0.1,359.44,113.18
ORD102599,2025-10-28,CUST1146,Beauty,Moisturizer,East,Website,Credit Card,2,635.37,0.1,1143.67,425.25
ORD102600,2025-01-06,CUST1967,Fashion,Casual Shirt,Central,Mobile App,UPI,3,1146.42,0.1,3095.33,858.23
ORD102601,2025-08-31,CUST1166,Fashion,Denim Jeans,South,Mobile App,Cash on Delivery,3,1583.49,0.2,3800.38,1014.88
ORD102602,2025-09-02,CUST1020,Books,Python Programming,South,Marketplace,UPI,1,572.04,0.05,543.44,140.49
ORD102603,2025-10-27,CUST1489,Electronics,Bluetooth Speaker,East,Website,Credit Card,2,1818.57,0.2,2909.71,502.26
ORD102604,2025-12-02,CUST2112,Fashion,Running Shoes,Central,Mobile App,Net Banking,2,2346.75,0.2,3754.8,1069.89
ORD102605,2025-11-30,CUST1962,Fashion,Backpack,Central,Mobile App,Credit Card,1,1518.28,0.15,1290.54,348.96
ORD102606,2025-01-23,CUST1142,Fashion,Backpack,West,Website,UPI,1,1274.55,0.1,1147.1,378.97
ORD102607,2025-08-10,CUST1819,Fashion,Cotton T-Shirt,East,Mobile App,Debit Card,3,705.04,0.2,1692.1,542.89
ORD102608,2025-04-13,CUST1488,Electronics,Bluetooth Speaker,West,Mobile App,Debit Card,1,1968.09,0.05,1869.69,250.47
ORD102609,2025-06-25,CUST1239,Books,Fiction Novel,Central,Website,Credit Card,1,417.83,0.0,417.83,126.96
ORD102610,2025-10-22,CUST1442,Home & Kitchen,Non-Stick Pan,East,Marketplace,UPI,2,1174.08,0.05,2230.75,407.78
ORD102611,2025-09-12,CUST2194,Fashion,Casual Shirt,East,Website,UPI,1,1121.61,0.15,953.37,252.32
ORD102612,2025-10-20,CUST1294,Home & Kitchen,Mixer Grinder,Central,Website,Credit Card,1,3562.45,0.15,3028.08,527.54
ORD102613,2025-03-02,CUST1012,Fashion,Backpack,South,Mobile App,Debit Card,3,1442.81,0.05,4112.01,1206.02
ORD102614,2025-11-16,CUST1865,Books,Machine Learning Basics,Central,Website,UPI,1,822.4,0.15,699.04,175.08
ORD102615,2025-04-14,CUST1574,Electronics,USB-C Hub,North,Marketplace,UPI,1,1413.26,0.05,1342.6,159.65
ORD102616,2025-09-14,CUST1714,Fashion,Casual Shirt,Central,Mobile App,Net Banking,1,1180.76,0.15,1003.65,280.42
ORD102617,2025-08-31,CUST1410,Electronics,Power Bank,North,Website,UPI,3,935.16,0.0,2805.48,324.68
ORD102618,2025-11-30,CUST1791,Electronics,Smart Watch,North,Marketplace,UPI,3,3175.22,0.0,9525.66,1764.33
ORD102619,2025-05-11,CUST1001,Home & Kitchen,Non-Stick Pan,North,Mobile App,Net Banking,1,1340.04,0.2,1072.03,209.04
ORD102620,2025-12-05,CUST1999,Electronics,Bluetooth Speaker,East,Mobile App,Debit Card,3,1647.8,0.1,4449.06,877.19
ORD102621,2025-10-06,CUST1292,Beauty,Face Wash,West,Marketplace,Cash on Delivery,5,396.12,0.05,1881.57,602.14
ORD102622,2025-04-12,CUST1705,Beauty,Perfume,North,Marketplace,Debit Card,1,1203.46,0.0,1203.46,408.21
ORD102623,2025-08-31,CUST1941,Home & Kitchen,Non-Stick Pan,West,Marketplace,Debit Card,1,1419.44,0.25,1064.58,207.83
ORD102624,2025-05-22,CUST1646,Fashion,Backpack,North,Website,UPI,2,1270.84,0.1,2287.51,589.26
ORD102625,2025-04-30,CUST2103,Home & Kitchen,Storage Container Set,East,Mobile App,Debit Card,3,977.53,0.0,2932.59,516.64
ORD102626,2025-07-22,CUST1801,Electronics,Power Bank,West,Website,UPI,2,1043.97,0.1,1879.15,260.09
ORD102627,2025-12-04,CUST1908,Electronics,Wireless Headphones,West,Website,Credit Card,3,2440.28,0.1,6588.76,912.56
ORD102628,2025-12-07,CUST1616,Electronics,Wireless Headphones,North,Mobile App,Net Banking,1,2670.45,0.05,2536.93,480.6
ORD102629,2025-05-25,CUST1915,Fashion,Backpack,West,Mobile App,Cash on Delivery,2,1432.92,0.1,2579.26,695.99
ORD102630,2025-01-20,CUST2029,Fashion,Running Shoes,North,Marketplace,Debit Card,4,2220.55,0.05,8438.09,2041.5
ORD102631,2025-05-03,CUST2114,Electronics,Smart Watch,Central,Mobile App,UPI,4,3337.74,0.05,12683.41,2012.02
ORD102632,2025-07-07,CUST1037,Beauty,Moisturizer,Central,Mobile App,UPI,3,601.5,0.05,1714.28,541.86
ORD102633,2025-06-12,CUST1715,Fashion,Denim Jeans,East,Mobile App,UPI,1,1552.11,0.05,1474.5,398.19
ORD102634,2025-08-05,CUST1458,Fashion,Denim Jeans,North,Marketplace,Debit Card,1,1371.21,0.0,1371.21,420.14
ORD102635,2025-01-05,CUST2076,Fashion,Cotton T-Shirt,North,Mobile App,UPI,1,652.25,0.15,554.41,157.26
ORD102636,2025-07-31,CUST2178,Books,Python Programming,South,Mobile App,Net Banking,1,548.45,0.1,493.61,130.34
ORD102637,2025-05-16,CUST1610,Electronics,Bluetooth Speaker,Central,Website,UPI,2,1862.46,0.05,3538.67,597.77
ORD102638,2025-04-14,CUST1336,Beauty,Shampoo,West,Mobile App,Credit Card,3,470.81,0.0,1412.43,403.83
ORD102639,2025-10-10,CUST1844,Beauty,Face Wash,West,Website,UPI,1,369.89,0.1,332.9,102.37
ORD102640,2025-12-07,CUST1313,Electronics,USB-C Hub,East,Mobile App,Debit Card,1,1179.92,0.1,1061.93,220.79
ORD102641,2025-11-07,CUST1321,Home & Kitchen,Mixer Grinder,North,Website,Cash on Delivery,3,3413.38,0.05,9728.13,2088.82
ORD102642,2025-11-21,CUST1160,Electronics,Power Bank,Central,Mobile App,Debit Card,1,1026.84,0.05,975.5,150.61
ORD102643,2025-03-24,CUST2142,Home & Kitchen,Storage Container Set,Central,Mobile App,Credit Card,1,917.7,0.25,688.28,152.23
ORD102644,2025-12-19,CUST1371,Electronics,Wireless Headphones,Central,Mobile App,Credit Card,1,2510.57,0.0,2510.57,382.24
ORD102645,2025-01-18,CUST1132,Home & Kitchen,Mixer Grinder,South,Mobile App,Debit Card,2,3152.59,0.1,5674.66,1091.22
ORD102646,2025-10-25,CUST1433,Fashion,Running Shoes,East,Website,Cash on Delivery,3,2244.33,0.05,6396.34,1776.64
ORD102647,2025-10-23,CUST1332,Home & Kitchen,Non-Stick Pan,North,Website,Cash on Delivery,1,1286.18,0.15,1093.25,228.27
ORD102648,2025-06-03,CUST1914,Home & Kitchen,Electric Kettle,West,Mobile App,Debit Card,1,1660.46,0.15,1411.39,212.89
ORD102649,2025-09-21,CUST1307,Books,Business Management,East,Mobile App,Cash on Delivery,2,522.26,0.1,940.07,232.69
ORD102650,2025-11-19,CUST1629,Electronics,USB-C Hub,South,Marketplace,Net Banking,2,1240.9,0.1,2233.62,384.38
ORD102651,2025-12-02,CUST2041,Beauty,Shampoo,West,Website,Credit Card,1,484.92,0.0,484.92,166.27
ORD102652,2025-11-17,CUST1497,Home & Kitchen,Air Fryer,West,Website,Credit Card,4,4813.07,0.15,16364.44,2739.27
ORD102653,2025-04-10,CUST1241,Beauty,Shampoo,West,Website,UPI,1,543.29,0.05,516.13,150.1
ORD102654,2025-05-03,CUST2071,Home & Kitchen,Air Fryer,North,Marketplace,Cash on Delivery,1,5238.96,0.1,4715.06,1021.78
ORD102655,2025-06-28,CUST1339,Books,Python Programming,Central,Mobile App,UPI,1,651.09,0.1,585.98,161.25
ORD102656,2025-02-09,CUST1169,Home & Kitchen,Mixer Grinder,South,Marketplace,UPI,1,3552.21,0.15,3019.38,524.94
ORD102657,2025-03-26,CUST1521,Electronics,Bluetooth Speaker,South,Marketplace,UPI,1,1769.51,0.0,1769.51,284.5
ORD102658,2025-03-04,CUST1364,Electronics,Bluetooth Speaker,West,Website,UPI,1,1879.53,0.15,1597.6,208.04
ORD102659,2025-06-01,CUST1259,Electronics,Wireless Headphones,East,Mobile App,UPI,1,2580.15,0.1,2322.14,402.81
ORD102660,2025-05-23,CUST1948,Fashion,Cotton T-Shirt,West,Mobile App,UPI,1,677.89,0.1,610.1,158.56
ORD102661,2025-11-30,CUST1090,Books,Business Management,East,Mobile App,Debit Card,2,489.39,0.05,929.84,217.96
ORD102662,2025-03-17,CUST1371,Home & Kitchen,Electric Kettle,East,Marketplace,UPI,3,1609.21,0.15,4103.49,736.37
ORD102663,2025-02-21,CUST1339,Electronics,Power Bank,North,Website,UPI,2,970.94,0.15,1650.6,205.23
ORD102664,2025-07-04,CUST1811,Home & Kitchen,Non-Stick Pan,West,Marketplace,Debit Card,3,1296.79,0.1,3501.33,698.28
ORD102665,2025-11-25,CUST1846,Beauty,Shampoo,Central,Marketplace,Credit Card,2,545.88,0.05,1037.17,414.87
ORD102666,2025-12-03,CUST2158,Home & Kitchen,Storage Container Set,West,Website,Net Banking,2,963.62,0.2,1541.79,348.93
ORD102667,2025-12-18,CUST1234,Books,Python Programming,Central,Mobile App,UPI,1,585.09,0.25,438.82,119.59
ORD102668,2025-06-19,CUST1834,Fashion,Backpack,East,Website,UPI,3,1438.63,0.15,3668.51,954.68
ORD102669,2025-02-15,CUST1274,Electronics,Smart Watch,Central,Website,Net Banking,1,3176.65,0.05,3017.82,443.01
ORD102670,2025-03-10,CUST1800,Electronics,Smart Watch,South,Website,UPI,2,3159.05,0.0,6318.1,877.06
ORD102671,2025-05-09,CUST1003,Home & Kitchen,Air Fryer,West,Mobile App,UPI,2,5306.55,0.15,9021.14,1704.68
ORD102672,2025-12-17,CUST1829,Electronics,Smart Watch,East,Website,UPI,1,3605.79,0.1,3245.21,502.22
ORD102673,2025-10-29,CUST1878,Electronics,Wireless Headphones,Central,Mobile App,UPI,2,2259.82,0.0,4519.64,838.55
ORD102674,2025-04-01,CUST1568,Home & Kitchen,Air Fryer,South,Website,Cash on Delivery,3,5193.72,0.1,14023.04,3159.36
ORD102675,2025-09-21,CUST1521,Books,Fiction Novel,Central,Website,UPI,1,385.21,0.1,346.69,93.42
ORD102676,2025-03-24,CUST1517,Books,Fiction Novel,Central,Mobile App,Cash on Delivery,2,377.15,0.1,678.87,169.28
ORD102677,2025-08-05,CUST1955,Electronics,Smart Watch,East,Website,Debit Card,1,3030.21,0.1,2727.19,504.9
ORD102678,2025-10-05,CUST1754,Home & Kitchen,Electric Kettle,South,Mobile App,Cash on Delivery,1,1642.01,0.2,1313.61,290.11
ORD102679,2025-08-01,CUST1087,Electronics,USB-C Hub,South,Mobile App,Credit Card,3,1195.67,0.0,3587.01,589.6
ORD102680,2025-06-16,CUST1566,Fashion,Running Shoes,North,Website,Cash on Delivery,1,2385.71,0.2,1908.57,488.12
ORD102681,2025-11-18,CUST1849,Home & Kitchen,Air Fryer,Central,Website,Debit Card,1,5020.26,0.2,4016.21,897.53
ORD102682,2025-12-25,CUST2055,Books,Machine Learning Basics,Central,Mobile App,UPI,2,935.97,0.05,1778.34,418.26
ORD102683,2025-09-05,CUST1718,Fashion,Denim Jeans,North,Mobile App,UPI,1,1505.76,0.1,1355.18,401.21
ORD102684,2025-02-02,CUST1558,Books,Data Analytics Guide,East,Website,Credit Card,2,807.5,0.25,1211.25,282.31
ORD102685,2025-09-09,CUST1140,Home & Kitchen,Non-Stick Pan,East,Website,Net Banking,1,1278.48,0.15,1086.71,235.0
ORD102686,2025-06-19,CUST1913,Books,Business Management,South,Website,Debit Card,4,511.74,0.05,1944.61,418.2
ORD102687,2025-06-29,CUST1130,Electronics,Bluetooth Speaker,Central,Marketplace,UPI,3,1731.11,0.1,4674.0,689.39
ORD102688,2025-11-02,CUST1794,Electronics,USB-C Hub,Central,Website,Credit Card,1,1411.92,0.05,1341.32,171.92
ORD102689,2025-11-13,CUST2069,Books,Business Management,Central,Mobile App,Cash on Delivery,1,485.59,0.1,437.03,114.37
ORD102690,2025-08-18,CUST1556,Home & Kitchen,Air Fryer,West,Mobile App,Debit Card,2,5344.58,0.25,8016.87,1647.06
ORD102691,2025-11-26,CUST2049,Fashion,Running Shoes,South,Marketplace,Cash on Delivery,1,2073.78,0.15,1762.71,563.36
ORD102692,2025-11-30,CUST1309,Electronics,Smart Watch,Central,Website,Net Banking,2,3414.61,0.0,6829.22,867.69
ORD102693,2025-11-11,CUST2073,Electronics,Bluetooth Speaker,West,Website,UPI,2,1878.36,0.05,3568.88,676.33
ORD102694,2025-08-18,CUST1158,Fashion,Backpack,North,Mobile App,Debit Card,1,1488.92,0.0,1488.92,430.83
ORD102695,2025-09-23,CUST1926,Home & Kitchen,Non-Stick Pan,South,Mobile App,Credit Card,1,1366.69,0.1,1230.02,239.74
ORD102696,2025-05-04,CUST1068,Fashion,Casual Shirt,East,Mobile App,UPI,3,1298.76,0.0,3896.28,1041.81
ORD102697,2025-09-07,CUST1955,Electronics,Bluetooth Speaker,East,Mobile App,Credit Card,3,1779.64,0.15,4538.08,746.47
ORD102698,2025-02-12,CUST1026,Beauty,Face Wash,East,Marketplace,UPI,1,404.52,0.1,364.07,125.06
ORD102699,2025-09-23,CUST1036,Beauty,Shampoo,South,Website,Credit Card,2,488.74,0.05,928.61,301.57
ORD102700,2025-09-02,CUST1517,Home & Kitchen,Storage Container Set,West,Website,Debit Card,1,900.79,0.05,855.75,180.85
ORD102701,2025-09-25,CUST1296,Electronics,USB-C Hub,North,Marketplace,Credit Card,1,1175.04,0.1,1057.54,135.15
ORD102702,2025-12-23,CUST1755,Electronics,Power Bank,East,Mobile App,Net Banking,4,941.8,0.15,3202.12,488.31
ORD102703,2025-07-21,CUST1156,Beauty,Shampoo,North,Website,UPI,1,462.85,0.1,416.57,126.71
ORD102704,2025-10-20,CUST1671,Books,Fiction Novel,North,Website,Debit Card,1,384.63,0.0,384.63,104.49
ORD102705,2025-02-28,CUST1564,Books,Fiction Novel,North,Mobile App,Debit Card,3,385.29,0.0,1155.87,282.79
ORD102706,2025-01-04,CUST1003,Fashion,Denim Jeans,South,Website,UPI,2,1449.96,0.15,2464.93,725.69
ORD102707,2025-08-15,CUST1633,Electronics,Smart Watch,Central,Mobile App,UPI,2,3531.39,0.05,6709.64,1024.33
ORD102708,2025-01-30,CUST1522,Home & Kitchen,Air Fryer,South,Marketplace,Cash on Delivery,1,5484.59,0.05,5210.36,1043.35
ORD102709,2025-09-25,CUST1895,Electronics,Smart Watch,North,Mobile App,UPI,1,3376.53,0.1,3038.88,536.38
ORD102710,2025-12-19,CUST1679,Electronics,Bluetooth Speaker,West,Marketplace,Credit Card,1,1721.9,0.0,1721.9,257.14
ORD102711,2025-09-23,CUST1550,Fashion,Denim Jeans,West,Marketplace,UPI,1,1460.08,0.1,1314.07,369.03
ORD102712,2025-09-10,CUST1996,Fashion,Casual Shirt,East,Website,UPI,1,1119.33,0.25,839.5,230.47
ORD102713,2025-03-26,CUST1636,Fashion,Denim Jeans,Central,Website,Credit Card,1,1399.02,0.05,1329.07,392.97
ORD102714,2025-03-23,CUST1119,Beauty,Sunscreen,Central,Mobile App,UPI,2,656.38,0.1,1181.48,356.36
ORD102715,2025-07-21,CUST1014,Fashion,Denim Jeans,East,Website,Net Banking,1,1599.52,0.1,1439.57,330.7
ORD102716,2025-07-08,CUST1082,Home & Kitchen,Mixer Grinder,West,Website,UPI,3,3518.79,0.1,9500.73,2135.18
ORD102717,2025-05-05,CUST2035,Home & Kitchen,Mixer Grinder,West,Marketplace,UPI,2,3618.46,0.15,6151.38,1169.64
ORD102718,2025-03-02,CUST1122,Home & Kitchen,Electric Kettle,South,Website,Debit Card,2,1537.8,0.05,2921.82,676.2
ORD102719,2025-12-29,CUST1830,Fashion,Backpack,Central,Marketplace,UPI,1,1428.8,0.15,1214.48,337.82
ORD102720,2025-03-05,CUST2196,Home & Kitchen,Mixer Grinder,North,Mobile App,Net Banking,1,3617.22,0.1,3255.5,674.81
ORD102721,2025-11-25,CUST1206,Beauty,Shampoo,North,Marketplace,UPI,1,451.23,0.1,406.11,137.91
ORD102722,2025-02-05,CUST2179,Home & Kitchen,Mixer Grinder,North,Website,UPI,4,3606.79,0.1,12984.44,2550.35
ORD102723,2025-10-05,CUST2092,Electronics,Bluetooth Speaker,East,Mobile App,UPI,4,1835.71,0.1,6608.56,528.68
ORD102724,2025-01-17,CUST1563,Home & Kitchen,Mixer Grinder,West,Mobile App,Cash on Delivery,1,3834.03,0.2,3067.22,702.15
ORD102725,2025-02-21,CUST1543,Electronics,Smart Watch,South,Mobile App,Net Banking,4,3370.67,0.0,13482.68,1818.58
ORD102726,2025-02-25,CUST1979,Books,Business Management,South,Website,UPI,2,548.19,0.0,1096.38,291.82
ORD102727,2025-05-15,CUST2016,Books,Machine Learning Basics,South,Mobile App,Debit Card,2,939.76,0.1,1691.57,432.87
ORD102728,2025-06-13,CUST1862,Electronics,Power Bank,Central,Marketplace,UPI,1,957.28,0.1,861.55,134.63
ORD102729,2025-07-02,CUST1026,Electronics,Power Bank,East,Mobile App,Cash on Delivery,1,996.78,0.05,946.94,176.66
ORD102730,2025-11-26,CUST1717,Electronics,USB-C Hub,south,Mobile App,UPI,1,1325.03,0.15,1126.28,217.22
ORD102731,2025-09-10,CUST1554,Books,Machine Learning Basics,West,Mobile App,Net Banking,3,974.79,0.1,2631.93,607.66
ORD102732,2025-02-23,CUST1878,Electronics,Power Bank,South,Website,Cash on Delivery,4,1050.53,0.0,4202.12,822.03
ORD102733,2025-01-28,CUST1237,Electronics,Bluetooth Speaker,Central,Mobile App,UPI,3,1657.93,0.1,4476.41,819.39
ORD102734,2025-07-31,CUST1795,Books,Python Programming,West,Mobile App,Credit Card,4,557.29,0.05,2117.7,586.03
ORD102735,2025-04-06,CUST2076,Fashion,Denim Jeans,Central,Website,Credit Card,1,1547.37,0.0,1547.37,489.72
ORD102736,2025-03-04,CUST1854,Fashion,Casual Shirt,Central,Marketplace,Credit Card,1,1176.42,0.0,1176.42,310.21
ORD102737,2025-11-15,CUST1824,Home & Kitchen,Air Fryer,West,Website,Credit Card,1,5449.54,0.05,5177.06,967.7
ORD102738,2025-03-03,CUST1513,Fashion,Denim Jeans,North,Mobile App,UPI,2,1410.74,0.0,2821.48,735.63
ORD102739,2025-04-18,CUST1524,Beauty,Perfume,East,Website,Credit Card,1,1264.27,0.0,1264.27,400.53
ORD102740,2025-03-09,CUST1180,Electronics,USB-C Hub,West,Marketplace,Credit Card,1,1212.56,0.2,970.05,141.45
ORD102741,2025-01-14,CUST1496,Fashion,Backpack,Central,Website,Cash on Delivery,4,1320.75,0.15,4490.55,1222.96
ORD102742,2025-10-06,CUST1835,Beauty,Sunscreen,Central,Mobile App,Debit Card,5,745.89,0.05,3542.98,1146.91
ORD102743,2025-02-12,CUST1656,Fashion,Backpack,Central,Marketplace,Credit Card,1,1388.18,0.0,1388.18,407.49
ORD102744,2025-09-06,CUST1693,Fashion,Backpack,North,Marketplace,UPI,1,1439.38,0.05,1367.41,366.85
ORD102745,2025-06-11,CUST2158,Fashion,Running Shoes,South,Marketplace,Cash on Delivery,2,2109.29,0.2,3374.86,892.02
ORD102746,2025-09-09,CUST2088,Home & Kitchen,Air Fryer,East,Mobile App,UPI,1,4961.43,0.1,4465.29,960.13
ORD102747,2025-05-23,CUST2083,Electronics,Smart Watch,East,Marketplace,UPI,2,3212.7,0.05,6104.13,970.58
ORD102748,2025-02-20,CUST1673,Fashion,Backpack,North,Website,UPI,1,1471.99,0.15,1251.19,381.61
ORD102749,2025-06-13,CUST1625,Books,Python Programming,West,Website,Credit Card,1,638.37,0.1,574.53,150.73
ORD102750,2025-05-29,CUST2027,Home & Kitchen,Air Fryer,West,Marketplace,Net Banking,2,4577.66,0.1,8239.79,1858.33
ORD102751,2025-08-29,CUST1152,Electronics,USB-C Hub,North,Website,UPI,3,1419.67,0.1,3833.11,398.21
ORD102752,2025-09-28,CUST2020,Beauty,Face Wash,West,Website,Cash on Delivery,1,405.35,0.0,405.35,134.19
ORD102753,2025-10-17,CUST1590,Fashion,Backpack,North,Mobile App,Cash on Delivery,2,1484.77,0.0,2969.54,781.2
ORD102754,2025-03-09,CUST1799,Home & Kitchen,Non-Stick Pan,West,Mobile App,UPI,3,1284.27,0.0,3852.81,782.06
ORD102755,2025-10-10,CUST1093,Fashion,Denim Jeans,North,Marketplace,Cash on Delivery,2,1646.81,0.25,2470.22,658.59
ORD102756,2025-06-02,CUST1043,Fashion,Backpack,Central,Mobile App,UPI,1,1462.0,0.25,1096.5,327.7
ORD102757,2025-11-23,CUST1945,Fashion,Denim Jeans,North,Marketplace,Credit Card,1,1554.03,0.1,1398.63,417.5
ORD102758,2025-01-30,CUST1666,Home & Kitchen,Non-Stick Pan,South,Marketplace,UPI,3,1308.18,0.25,2943.4,667.64
ORD102759,2025-07-18,CUST1554,Fashion,Backpack,East,Marketplace,Credit Card,2,1432.79,0.2,2292.46,564.79
ORD102760,2025-06-07,CUST1581,Electronics,Smart Watch,North,Mobile App,UPI,1,3198.15,0.0,3198.15,640.94
ORD102761,2025-06-27,CUST1209,Books,Business Management,East,Marketplace,UPI,1,536.4,0.0,536.4,129.5
ORD102762,2025-04-10,CUST1731,Home & Kitchen,Mixer Grinder,Central,Website,UPI,2,3579.91,0.15,6085.85,1323.47
ORD102763,2025-03-30,CUST1222,Home & Kitchen,Storage Container Set,West,Marketplace,UPI,1,848.99,0.1,764.09,123.18
ORD102764,2025-03-19,CUST1441,Beauty,Sunscreen,North,Website,Credit Card,2,719.28,0.05,1366.63,421.89
ORD102765,2025-05-25,CUST2026,Home & Kitchen,Storage Container Set,North,Website,Credit Card,2,837.82,0.05,1591.86,261.17
ORD102766,2025-07-31,CUST1289,Home & Kitchen,Storage Container Set,South,Website,UPI,3,960.3,0.15,2448.76,510.02
ORD102767,2025-05-10,CUST1097,Beauty,Sunscreen,Central,Website,UPI,4,661.84,0.1,2382.62,845.89
ORD102768,2025-01-08,CUST1878,Fashion,Running Shoes,South,Website,Debit Card,1,2300.53,0.1,2070.48,517.91
ORD102769,2025-06-04,CUST1461,Books,Fiction Novel,Central,Website,Cash on Delivery,2,375.01,0.15,637.52,154.21
ORD102770,2025-12-28,CUST1457,Fashion,Running Shoes,South,Website,UPI,1,2252.2,0.05,2139.59,706.15
ORD102771,2025-08-29,CUST1591,Fashion,Cotton T-Shirt,South,Website,UPI,1,641.08,0.05,609.03,178.35
ORD102772,2025-02-15,CUST1890,Fashion,Cotton T-Shirt,West,Website,Credit Card,2,712.77,0.0,1425.54,330.49
ORD102773,2025-05-04,CUST1754,Home & Kitchen,Non-Stick Pan,East,Marketplace,Credit Card,3,1387.55,0.15,3538.25,758.07
ORD102774,2025-06-25,CUST1380,Home & Kitchen,Storage Container Set,Central,Mobile App,UPI,2,907.8,0.05,1724.82,330.7
ORD102775,2025-06-24,CUST1619,Fashion,Backpack,North,Mobile App,Credit Card,2,1501.94,0.15,2553.3,688.57
ORD102776,2025-08-03,CUST1144,Electronics,Power Bank,East,Website,Debit Card,3,975.83,0.1,2634.74,393.45
ORD102777,2025-08-14,CUST1174,Home & Kitchen,Non-Stick Pan,North,Marketplace,UPI,2,1369.52,0.1,2465.14,527.88
ORD102778,2025-02-17,CUST1228,Fashion,Denim Jeans,North,Mobile App,UPI,2,1494.41,0.1,2689.94,740.36
ORD102779,2025-01-31,CUST2028,Electronics,Smart Watch,South,Mobile App,UPI,2,3338.1,0.05,6342.39,1270.14
ORD102780,2025-11-13,CUST1926,Beauty,Perfume,Central,Mobile App,Cash on Delivery,3,1175.57,0.0,3526.71,1200.29
ORD102781,2025-09-04,CUST1031,Fashion,Running Shoes,North,Website,Cash on Delivery,2,2467.57,0.05,4688.38,1465.55
ORD102782,2025-01-26,CUST1534,Electronics,Power Bank,Central,Marketplace,UPI,1,912.7,0.0,912.7,187.39
ORD102783,2025-01-06,CUST1132,Home & Kitchen,Electric Kettle,Central,Website,Net Banking,1,1562.97,0.0,1562.97,359.65
ORD102784,2025-05-25,CUST2188,Home & Kitchen,Mixer Grinder,North,Mobile App,Debit Card,1,3810.18,0.1,3429.16,686.84
ORD102785,2025-07-30,CUST1293,Home & Kitchen,Air Fryer,North,Mobile App,Credit Card,2,5178.77,0.2,8286.03,1517.49
ORD102786,2025-02-17,CUST1147,Electronics,Wireless Headphones,South,Mobile App,UPI,3,2324.22,0.2,5578.13,1072.17
ORD102787,2025-04-13,CUST1954,Books,Data Analytics Guide,Central,Mobile App,UPI,1,738.14,0.15,627.42,154.36
ORD102788,2025-04-22,CUST1511,Home & Kitchen,Electric Kettle,South,Website,UPI,2,1750.94,0.0,3501.88,571.94
ORD102789,2025-10-29,CUST1054,Fashion,Running Shoes,East,Website,UPI,1,2091.54,0.15,1777.81,546.35
ORD102790,2025-05-02,CUST1528,Beauty,Perfume,South,Mobile App,UPI,2,1327.36,0.1,2389.25,651.08
ORD102791,2025-06-09,CUST1998,Books,Machine Learning Basics,East,Mobile App,Cash on Delivery,2,846.96,0.2,1355.14,325.29
ORD102792,2025-04-26,CUST1073,Beauty,Sunscreen,West,Website,Cash on Delivery,1,704.97,0.2,563.98,191.91
ORD102793,2025-07-17,CUST1132,Home & Kitchen,Mixer Grinder,West,Website,Net Banking,3,3300.05,0.1,8910.14,1703.92
ORD102794,2025-11-15,CUST1980,Beauty,Perfume,South,Website,UPI,2,1311.29,0.05,2491.45,830.17
ORD102795,2025-02-05,CUST1255,Fashion,Backpack,North,Mobile App,Debit Card,2,1359.09,0.15,2310.45,529.02
ORD102796,2025-10-07,CUST1386,Home & Kitchen,Electric Kettle,Central,Marketplace,Cash on Delivery,3,1524.15,0.2,3657.96,741.89
ORD102797,2025-08-20,CUST1600,Books,Business Management,East,Mobile App,Net Banking,3,515.08,0.15,1313.45,312.21
ORD102798,2025-07-29,CUST1250,Fashion,Casual Shirt,West,Website,Credit Card,5,1115.91,0.2,4463.64,1106.97
ORD102799,2025-03-01,CUST2084,Fashion,Running Shoes,East,Website,Credit Card,1,2202.94,0.2,1762.35,489.71
ORD102800,2025-09-14,CUST1310,Home & Kitchen,Air Fryer,West,Website,Credit Card,1,4589.22,0.15,3900.84,695.99
ORD102801,2025-12-21,CUST2148,Fashion,Backpack,East,Website,UPI,1,1327.99,0.05,1261.59,328.1
ORD102802,2025-04-07,CUST1030,Electronics,Power Bank,Central,Marketplace,UPI,2,1058.08,0.15,1798.74,228.01
ORD102803,2025-01-24,CUST1601,Electronics,Wireless Headphones,North,Website,UPI,1,2714.97,0.0,2714.97,458.73
ORD102804,2025-04-23,CUST1058,Fashion,Denim Jeans,North,Website,UPI,1,1491.32,0.05,1416.75,324.06
ORD102805,2025-01-27,CUST1119,Home & Kitchen,Non-Stick Pan,East,Website,Credit Card,1,1247.03,0.0,1247.03,203.87
ORD102806,2025-09-20,CUST1458,Beauty,Face Wash,Central,Mobile App,UPI,1,381.5,0.05,362.42,114.84
ORD102807,2025-01-08,CUST1450,Home & Kitchen,Non-Stick Pan,West,Website,Debit Card,1,1220.31,0.1,1098.28,232.17
ORD102808,2025-01-31,CUST1051,Electronics,USB-C Hub,East,Mobile App,Debit Card,1,1404.9,0.0,1404.9,201.83
ORD102809,2025-07-20,CUST1381,Books,Fiction Novel,West,Mobile App,Credit Card,2,428.42,0.0,856.84,200.65
ORD102810,2025-08-06,CUST1982,Electronics,USB-C Hub,North,Website,UPI,2,1353.65,0.1,2436.57,447.33
ORD102811,2025-03-25,CUST1367,Books,Fiction Novel,East,Mobile App,UPI,4,360.14,0.05,1368.53,320.99
ORD102812,2025-09-27,CUST2076,Home & Kitchen,Air Fryer,Central,Website,Credit Card,1,4535.58,0.2,3628.46,776.45
ORD102813,2025-07-03,CUST1772,Home & Kitchen,Non-Stick Pan,Central,Website,Debit Card,3,1223.91,0.2,2937.38,611.42
ORD102814,2025-05-22,CUST1125,Electronics,Bluetooth Speaker,South,Mobile App,UPI,1,1746.53,0.05,1659.2,270.33
ORD102815,2025-01-20,CUST1715,Books,Business Management,East,Website,Debit Card,2,515.78,0.25,773.67,185.69
ORD102816,2025-11-20,CUST1450,Home & Kitchen,Non-Stick Pan,West,Website,UPI,1,1268.82,0.2,1015.06,243.65
ORD102817,2025-09-29,CUST1956,Electronics,Power Bank,South,Mobile App,Debit Card,1,1031.24,0.1,928.12,179.85
ORD102818,2025-07-06,CUST1140,Electronics,Power Bank,East,Website,Credit Card,1,910.83,0.1,819.75,152.86
ORD102819,2025-04-20,CUST1331,Home & Kitchen,Air Fryer,Central,Website,UPI,3,4888.11,0.1,13197.9,2955.77
ORD102820,2025-07-03,CUST1412,Electronics,Wireless Headphones,North,Marketplace,Credit Card,4,2290.26,0.2,7328.83,1217.61
ORD102821,2025-09-04,CUST2099,Fashion,Cotton T-Shirt,East,Website,Net Banking,1,732.93,0.25,549.7,167.61
ORD102822,2025-10-01,CUST1535,Electronics,Power Bank,South,Website,UPI,1,1001.67,0.0,1001.67,189.77
ORD102823,2025-06-11,CUST1821,Books,Python Programming,East,Marketplace,Debit Card,5,571.95,0.1,2573.78,650.97
ORD102824,2025-04-21,CUST1608,Electronics,Power Bank,West,Website,Credit Card,2,1080.5,0.05,2052.95,317.93
ORD102825,2025-08-01,CUST1758,Electronics,USB-C Hub,South,Website,UPI,3,1212.83,0.15,3092.72,495.9
ORD102826,2025-02-05,CUST2042,Fashion,Denim Jeans,Central,Website,Debit Card,1,1479.21,0.1,1331.29,365.28
ORD102827,2025-11-03,CUST1363,Electronics,USB-C Hub,South,Website,Debit Card,1,1236.5,0.15,1051.02,137.91
ORD102828,2025-04-08,CUST1468,Electronics,Bluetooth Speaker,West,Marketplace,UPI,1,1805.66,0.15,1534.81,259.07
ORD102829,2025-01-27,CUST1386,Fashion,Running Shoes,South,Website,UPI,1,2367.34,0.1,2130.61,698.6
ORD102830,2025-09-14,CUST1632,Fashion,Backpack,East,Mobile App,UPI,1,1275.89,0.15,1084.51,344.05
ORD102831,2025-05-14,CUST1923,Home & Kitchen,Storage Container Set,South,Mobile App,Debit Card,2,866.59,0.0,1733.18,274.92
ORD102832,2025-11-01,CUST1179,Home & Kitchen,Mixer Grinder,West,Website,UPI,1,3671.13,0.1,3304.02,608.65
ORD102833,2025-08-15,CUST1797,Home & Kitchen,Non-Stick Pan,Central,Marketplace,Credit Card,3,1172.86,0.2,2814.86,569.59
ORD102834,2025-12-10,CUST1381,Fashion,Backpack,East,Marketplace,UPI,3,1281.02,0.05,3650.91,1074.1
ORD102835,2025-01-16,CUST1781,Fashion,Denim Jeans,West,Marketplace,Debit Card,2,1453.84,0.05,2762.3,710.45
ORD102836,2025-10-25,CUST1425,Fashion,Casual Shirt,Central,Marketplace,Credit Card,1,1178.13,0.2,942.5,309.61
ORD102837,2025-06-11,CUST1137,Fashion,Denim Jeans,Central,Website,UPI,1,1471.15,0.1,1324.04,341.96
ORD102838,2025-03-24,CUST1654,Home & Kitchen,Non-Stick Pan,North,Website,Debit Card,3,1417.69,0.2,3402.46,551.96
ORD102839,2025-04-06,CUST1180,Electronics,Smart Watch,Central,Website,UPI,5,3344.49,0.1,15050.2,3188.26
ORD102840,2025-06-24,CUST1601,Books,Business Management,West,Mobile App,Debit Card,1,463.19,0.2,370.55,89.21
ORD102841,2025-08-09,CUST2050,Fashion,Cotton T-Shirt,North,Website,UPI,1,692.91,0.0,692.91,213.66
ORD102842,2025-12-07,CUST1051,Beauty,Face Wash,South,Marketplace,Credit Card,3,427.74,0.05,1219.06,448.0
ORD102843,2025-03-13,CUST1117,Fashion,Cotton T-Shirt,Central,Marketplace,Cash on Delivery,2,677.57,0.05,1287.38,372.06
ORD102844,2025-06-28,CUST1888,Fashion,Running Shoes,East,Marketplace,Debit Card,2,2245.53,0.1,4041.95,960.16
ORD102845,2025-05-10,CUST1414,Beauty,Perfume,South,Website,Net Banking,4,1242.53,0.0,4970.12,1691.09
ORD102846,2025-10-27,CUST1655,Home & Kitchen,Storage Container Set,Central,Website,UPI,1,897.26,0.2,717.81,116.61
ORD102847,2025-07-23,CUST1819,Fashion,Cotton T-Shirt,South,Website,UPI,3,644.93,0.0,1934.79,564.85
ORD102848,2025-12-24,CUST1370,Fashion,Casual Shirt,Central,Website,UPI,4,1210.33,0.0,4841.32,1292.87
ORD102849,2025-07-08,CUST2099,Electronics,Wireless Headphones,Central,Mobile App,UPI,1,2325.14,0.1,2092.63,381.95
ORD102850,2025-04-17,CUST1139,Beauty,Face Wash,North,Mobile App,Debit Card,2,412.91,0.15,701.95,200.92
ORD102851,2025-11-15,CUST1094,Electronics,Bluetooth Speaker,East,Mobile App,Cash on Delivery,1,1843.32,0.05,1751.15,277.33
ORD102852,2025-09-22,CUST1077,Electronics,Wireless Headphones,Central,Website,Debit Card,1,2668.37,0.1,2401.53,459.14
ORD102853,2025-04-08,CUST1631,Fashion,Backpack,South,Mobile App,Cash on Delivery,3,1459.0,0.1,3939.3,1042.15
ORD102854,2025-09-19,CUST2044,Home & Kitchen,Air Fryer,West,Website,Debit Card,1,5131.65,0.1,4618.48,1007.79
ORD102855,2025-07-18,CUST2158,Fashion,Running Shoes,South,Website,Credit Card,1,2189.08,0.2,1751.26,485.96
ORD102856,2025-02-13,CUST1687,Home & Kitchen,Non-Stick Pan,Central,Website,UPI,4,1322.17,0.15,4495.38,982.97
ORD102857,2025-12-24,CUST1959,Electronics,Bluetooth Speaker,East,Mobile App,Credit Card,1,1630.05,0.15,1385.54,240.51
ORD102858,2025-11-22,CUST1644,Fashion,Backpack,Central,Mobile App,Debit Card,1,1363.76,0.1,1227.38,346.39
ORD102859,2025-10-31,CUST1310,Fashion,Denim Jeans,East,Marketplace,Debit Card,2,1639.06,0.0,3278.12,863.81
ORD102860,2025-02-12,CUST1691,Fashion,Running Shoes,Central,Mobile App,Net Banking,1,2415.78,0.1,2174.2,609.36
ORD102861,2025-10-22,CUST1603,Fashion,Cotton T-Shirt,East,Marketplace,UPI,3,757.86,0.05,2159.9,670.26
ORD102862,2025-08-06,CUST1236,Books,Business Management,West,Website,UPI,1,470.57,0.2,376.46,95.74
ORD102863,2025-02-15,CUST1717,Beauty,Face Wash,Central,Website,Cash on Delivery,2,381.44,0.05,724.74,199.67
ORD102864,2025-08-21,CUST1854,Home & Kitchen,Non-Stick Pan,East,Mobile App,Credit Card,1,1225.6,0.05,1164.32,239.1
ORD102865,2025-07-07,CUST1925,Fashion,Running Shoes,North,Website,UPI,3,2119.36,0.05,6040.18,1754.29
ORD102866,2025-07-16,CUST1895,Home & Kitchen,Air Fryer,North,Website,UPI,1,5413.55,0.05,5142.87,1064.9
ORD102867,2025-06-13,CUST1925,Home & Kitchen,Non-Stick Pan,East,Mobile App,Cash on Delivery,1,1329.35,0.05,1262.88,262.43
ORD102868,2025-10-15,CUST1369,Beauty,Sunscreen,North,Marketplace,UPI,5,752.24,0.2,3008.96,917.67
ORD102869,2025-11-08,CUST1866,Home & Kitchen,Electric Kettle,North,Mobile App,UPI,1,1693.97,0.05,1609.27,325.82
ORD102870,2025-07-26,CUST1043,Home & Kitchen,Mixer Grinder,South,Marketplace,Credit Card,1,3383.31,0.1,3044.98,676.95
ORD102871,2025-08-19,CUST1153,Electronics,Smart Watch,East,Website,Debit Card,1,3120.01,0.05,2964.01,513.68
ORD102872,2025-06-23,CUST1680,Electronics,Wireless Headphones,East,Marketplace,Debit Card,2,2301.96,0.0,4603.92,620.06
ORD102873,2025-08-10,CUST1727,Electronics,Bluetooth Speaker,East,Marketplace,Cash on Delivery,2,1896.99,0.0,3793.98,811.62
ORD102874,2025-09-30,CUST2094,Electronics,Wireless Headphones,Central,Website,UPI,3,2537.92,0.15,6471.7,1063.58
ORD102875,2025-05-01,CUST2035,Beauty,Perfume,East,Website,Credit Card,2,1273.53,0.25,1910.3,570.34
ORD102876,2025-08-22,CUST1261,Fashion,Backpack,Central,Marketplace,UPI,1,1417.45,0.1,1275.71,338.22
ORD102877,2025-06-06,CUST1569,Electronics,USB-C Hub,North,Marketplace,Debit Card,3,1275.27,0.0,3825.81,541.06
ORD102878,2025-11-05,CUST1248,Books,Python Programming,East,Mobile App,Debit Card,3,627.62,0.0,1882.86,546.53
ORD102879,2025-11-29,CUST1603,Beauty,Perfume,North,Marketplace,UPI,3,1210.22,0.0,3630.66,1026.7
ORD102880,2025-02-21,CUST2170,Fashion,Backpack,North,Website,Cash on Delivery,1,1280.76,0.0,1280.76,339.16
ORD102881,2025-03-14,CUST1345,Books,Data Analytics Guide,East,Mobile App,Debit Card,1,796.94,0.0,796.94,205.11
ORD102882,2025-05-25,CUST1611,Fashion,Denim Jeans,East,Website,Cash on Delivery,1,1413.26,0.15,1201.27,314.54
ORD102883,2025-11-14,CUST1683,Fashion,Denim Jeans,South,Website,Debit Card,1,1640.27,0.0,1640.27,424.8
ORD102884,2025-07-22,CUST2114,Electronics,Power Bank,East,Marketplace,Credit Card,2,1081.91,0.05,2055.63,325.26
ORD102885,2025-11-20,CUST1416,Electronics,Bluetooth Speaker,East,Website,Debit Card,2,1937.59,0.1,3487.66,519.45
ORD102886,2025-08-21,CUST1669,Books,Business Management,South,Website,Credit Card,2,462.08,0.1,831.74,197.14
ORD102887,2025-08-03,CUST2148,Home & Kitchen,Storage Container Set,West,Mobile App,Credit Card,1,953.68,0.2,762.94,145.68
ORD102888,2025-03-25,CUST1985,Books,Data Analytics Guide,North,Marketplace,Debit Card,3,822.11,0.2,1973.06,569.42
ORD102889,2025-09-08,CUST1170,Electronics,USB-C Hub,West,Mobile App,UPI,1,1209.52,0.0,1209.52,128.68
ORD102890,2025-01-19,CUST1402,Electronics,Power Bank,West,Website,Credit Card,2,1053.39,0.1,1896.1,182.18
ORD102891,2025-08-10,CUST1560,Electronics,Wireless Headphones,East,Website,Net Banking,2,2671.49,0.2,4274.38,590.86
ORD102892,2025-11-26,CUST1378,Electronics,Power Bank,East,Website,Cash on Delivery,4,1086.95,0.15,3695.63,583.98
ORD102893,2025-12-20,CUST1391,Books,Fiction Novel,South,Mobile App,UPI,1,428.2,0.25,321.15,73.71
ORD102894,2025-07-29,CUST2029,Fashion,Running Shoes,North,Website,Debit Card,1,2188.02,0.15,1859.82,438.46
ORD102895,2025-07-15,CUST1175,Home & Kitchen,Non-Stick Pan,South,Marketplace,Net Banking,1,1289.89,0.0,1289.89,278.0
ORD102896,2025-09-18,CUST1175,Beauty,Moisturizer,West,Website,UPI,3,651.87,0.1,1760.05,565.11
ORD102897,2025-05-12,CUST1885,Fashion,Cotton T-Shirt,North,Mobile App,Debit Card,3,662.88,0.0,1988.64,531.05
ORD102898,2025-08-29,CUST1230,Home & Kitchen,Electric Kettle,East,Marketplace,Credit Card,1,1500.44,0.1,1350.4,234.56
ORD102899,2025-01-24,CUST2053,Beauty,Sunscreen,East,Website,Debit Card,1,740.83,0.1,666.75,205.59
ORD102900,2025-08-30,CUST1306,Books,Machine Learning Basics,North,Website,UPI,1,922.33,0.1,830.1,221.21
ORD102901,2025-07-22,CUST1004,Electronics,USB-C Hub,Central,Mobile App,UPI,1,1329.42,0.0,1329.42,190.66
ORD102902,2025-12-09,CUST1002,Fashion,Denim Jeans,North,Website,UPI,1,1565.2,0.1,1408.68,355.97
ORD102903,2025-02-02,CUST2181,Electronics,USB-C Hub,South,Marketplace,Credit Card,1,1186.36,0.25,889.77,161.86
ORD102904,2025-09-19,CUST1646,Books,Business Management,South,Marketplace,Debit Card,2,516.85,0.1,930.33,224.06
ORD102905,2025-10-23,CUST1438,Fashion,Backpack,South,Website,UPI,1,1526.14,0.0,1526.14,503.3
ORD102906,2025-06-08,CUST1755,Home & Kitchen,Air Fryer,Central,Mobile App,UPI,1,4759.26,0.05,4521.3,826.57
ORD102907,2025-10-27,CUST1327,Fashion,Running Shoes,Central,Marketplace,Credit Card,1,2220.73,0.15,1887.62,487.13
ORD102908,2025-03-04,CUST1099,Beauty,Face Wash,North,Mobile App,Net Banking,1,432.22,0.2,345.78,114.58
ORD102909,2025-06-02,CUST1980,Electronics,Wireless Headphones,North,Marketplace,UPI,1,2430.71,0.25,1823.03,255.08
ORD102910,2025-07-01,CUST1526,Home & Kitchen,Mixer Grinder,West,Mobile App,Cash on Delivery,1,3517.43,0.05,3341.56,627.57
ORD102911,2025-05-01,CUST1800,Fashion,Cotton T-Shirt,North,Website,Debit Card,3,694.29,0.2,1666.3,438.89
ORD102912,2025-11-11,CUST1945,Home & Kitchen,Electric Kettle,West,Website,UPI,2,1585.89,0.1,2854.6,642.96
ORD102913,2025-08-25,CUST1814,Beauty,Moisturizer,Central,Mobile App,UPI,1,581.68,0.1,523.51,192.97
ORD102914,2025-02-16,CUST1970,Books,Machine Learning Basics,North,Website,Credit Card,1,956.81,0.0,956.81,246.65
ORD102915,2025-10-17,CUST2045,Home & Kitchen,Storage Container Set,East,Mobile App,Credit Card,1,946.58,0.15,804.59,168.73
ORD102916,2025-04-06,CUST1429,Beauty,Shampoo,North,Website,Cash on Delivery,1,467.04,0.1,420.34,138.31
ORD102917,2025-09-13,CUST1549,Books,Machine Learning Basics,North,Marketplace,Net Banking,1,848.44,0.15,721.17,193.1
ORD102918,2025-04-16,CUST1367,Fashion,Running Shoes,South,Website,UPI,2,2320.67,0.15,3945.14,1134.17
ORD102919,2025-09-25,CUST2176,Electronics,Bluetooth Speaker,North,Website,UPI,1,1835.06,0.1,1651.55,225.9
ORD102920,2025-03-20,CUST1878,Fashion,Running Shoes,East,Marketplace,Debit Card,4,2318.55,0.15,7883.07,2075.42
ORD102921,2025-04-05,CUST1065,Books,Python Programming,North,Website,Cash on Delivery,2,546.32,0.0,1092.64,256.01
ORD102922,2025-12-30,CUST1819,Home & Kitchen,Storage Container Set,North,Marketplace,UPI,1,921.24,0.15,783.05,168.21
ORD102923,2025-03-27,CUST1160,Books,Business Management,North,Marketplace,Credit Card,1,527.32,0.1,474.59,123.7
ORD102924,2025-01-15,CUST1533,Beauty,Sunscreen,East,Mobile App,UPI,2,651.86,0.0,1303.72,474.36
ORD102925,2025-10-24,CUST1222,Electronics,Wireless Headphones,South,Mobile App,UPI,1,2582.07,0.1,2323.86,457.9
ORD102926,2025-01-16,CUST1215,Home & Kitchen,Non-Stick Pan,Central,Mobile App,Debit Card,5,1323.25,0.1,5954.62,843.58
ORD102927,2025-09-30,CUST2108,Fashion,Denim Jeans,Central,Website,Cash on Delivery,2,1481.04,0.1,2665.87,700.91
ORD102928,2025-08-19,CUST1811,Beauty,Moisturizer,South,Mobile App,UPI,1,581.33,0.05,552.26,192.9
ORD102929,2025-01-09,CUST1677,Home & Kitchen,Non-Stick Pan,West,Website,UPI,1,1223.22,0.1,1100.9,250.4
ORD102930,2025-04-13,CUST1202,Fashion,Running Shoes,South,Marketplace,UPI,1,2231.85,0.05,2120.26,669.8
ORD102931,2025-09-17,CUST1378,Books,Fiction Novel,West,Mobile App,Credit Card,2,435.93,0.0,871.86,212.77
ORD102932,2025-09-07,CUST1180,Fashion,Cotton T-Shirt,West,Marketplace,Credit Card,1,756.55,0.0,756.55,185.61
ORD102933,2025-08-11,CUST2082,Home & Kitchen,Electric Kettle,South,Website,UPI,1,1674.94,0.15,1423.7,274.99
ORD102934,2025-03-09,CUST1251,Fashion,Denim Jeans,East,Mobile App,Debit Card,4,1358.61,0.1,4891.0,1228.17
ORD102935,2025-01-26,CUST1526,Electronics,Bluetooth Speaker,South,Mobile App,Cash on Delivery,3,1652.94,0.0,4958.82,866.25
ORD102936,2025-05-04,CUST1933,Books,Machine Learning Basics,West,Website,Credit Card,2,929.42,0.15,1580.01,429.39
ORD102937,2025-06-21,CUST1260,Books,Machine Learning Basics,North,Mobile App,UPI,1,913.53,0.15,776.5,188.38
ORD102938,2025-02-07,CUST1808,Electronics,Wireless Headphones,Central,Mobile App,UPI,3,2581.44,0.1,6969.89,1093.68
ORD102939,2025-09-07,CUST1593,Books,Machine Learning Basics,North,Marketplace,Credit Card,2,866.53,0.0,1733.06,448.58
ORD102940,2025-07-19,CUST1861,Fashion,Cotton T-Shirt,South,Mobile App,UPI,2,674.88,0.2,1079.81,267.51
ORD102941,2025-09-30,CUST2020,Fashion,Backpack,West,Marketplace,Debit Card,3,1505.57,0.0,4516.71,1238.27
ORD102942,2025-02-17,CUST1503,Electronics,Bluetooth Speaker,East,Website,Credit Card,1,1653.0,0.1,1487.7,220.32
ORD102943,2025-03-14,CUST2082,Electronics,USB-C Hub,East,Website,UPI,3,1240.22,0.0,3720.66,600.2
ORD102944,2025-06-09,CUST2094,Home & Kitchen,Air Fryer,West,Website,UPI,4,5175.54,0.05,19667.05,3539.74
ORD102945,2025-12-04,CUST1944,Beauty,Sunscreen,West,Website,Debit Card,1,748.24,0.0,748.24,239.51
ORD102946,2025-06-09,CUST1858,Home & Kitchen,Air Fryer,East,Website,Debit Card,1,5388.15,0.15,4579.93,1139.9
ORD102947,2025-10-31,CUST2133,Books,Fiction Novel,North,Website,Debit Card,2,375.03,0.25,562.54,166.7
ORD102948,2025-08-03,CUST1635,Electronics,Bluetooth Speaker,East,Mobile App,UPI,1,1760.63,0.25,1320.47,276.07
ORD102949,2025-02-13,CUST1499,Fashion,Cotton T-Shirt,East,Marketplace,UPI,3,663.3,0.1,1790.91,434.28
ORD102950,2025-12-05,CUST1005,Home & Kitchen,Air Fryer,Central,Mobile App,UPI,1,4762.32,0.1,4286.09,885.61
ORD102951,2025-05-17,CUST1366,Fashion,Casual Shirt,West,Mobile App,Credit Card,1,1243.07,0.05,1180.92,326.16
ORD102952,2025-09-08,CUST1712,Books,Business Management,North,Website,Debit Card,1,481.52,0.05,457.44,104.79
ORD102953,2025-04-28,CUST1951,Books,Business Management,Central,Website,Debit Card,2,534.79,0.15,909.14,229.62
ORD102954,2025-08-13,CUST1685,Books,Fiction Novel,West,Mobile App,UPI,1,438.53,0.0,438.53,123.95
ORD102955,2025-11-20,CUST2086,Electronics,Wireless Headphones,North,Website,UPI,1,2700.64,0.0,2700.64,432.68
ORD102956,2025-05-14,CUST1933,Beauty,Face Wash,West,Mobile App,UPI,2,416.07,0.0,832.14,294.18
ORD102957,2025-10-28,CUST2017,Home & Kitchen,Air Fryer,Central,Website,Debit Card,2,5102.05,0.15,8673.48,1840.06
ORD102958,2025-05-26,CUST1240,Electronics,Bluetooth Speaker,South,Mobile App,Cash on Delivery,1,1975.01,0.0,1975.01,278.63
ORD102959,2025-11-18,CUST1755,Fashion,Cotton T-Shirt,West,Mobile App,UPI,2,663.73,0.15,1128.34,288.87
ORD102960,2025-06-04,CUST1220,Beauty,Shampoo,East,Website,Credit Card,1,540.36,0.05,513.34,156.84
ORD102961,2025-02-27,CUST2022,Electronics,Smart Watch,East,Website,UPI,1,3300.2,0.05,3135.19,652.26
ORD102962,2025-09-10,CUST2090,Home & Kitchen,Non-Stick Pan,Central,Website,Debit Card,1,1345.68,0.05,1278.4,242.92
ORD102963,2025-06-09,CUST1769,Beauty,Perfume,West,Website,UPI,1,1169.34,0.05,1110.87,337.65
ORD102964,2025-12-17,CUST1995,Fashion,Running Shoes,Central,Mobile App,Credit Card,2,2302.77,0.0,4605.54,1156.44
ORD102965,2025-12-10,CUST1254,Electronics,Wireless Headphones,North,Website,Debit Card,2,2453.42,0.15,4170.81,590.51
ORD102966,2025-06-02,CUST1698,Electronics,Power Bank,East,Mobile App,Credit Card,5,1009.04,0.1,4540.68,733.19
ORD102967,2025-10-14,CUST1604,Home & Kitchen,Non-Stick Pan,North,Marketplace,Credit Card,2,1220.76,0.05,2319.44,417.55
ORD102968,2025-04-30,CUST2005,Beauty,Face Wash,Central,Marketplace,UPI,1,436.44,0.0,436.44,134.16
ORD102969,2025-11-12,CUST1958,Home & Kitchen,Non-Stick Pan,East,Mobile App,UPI,1,1260.47,0.1,1134.42,233.77
ORD102970,2025-10-22,CUST1358,Books,Machine Learning Basics,North,Mobile App,Credit Card,2,862.82,0.1,1553.08,388.64
ORD102971,2025-09-17,CUST1776,Fashion,Running Shoes,West,Marketplace,Credit Card,3,2393.01,0.15,6102.18,1620.92
ORD102972,2025-12-05,CUST1044,Electronics,USB-C Hub,East,Mobile App,Credit Card,1,1368.89,0.0,1368.89,242.05
ORD102973,2025-06-01,CUST1410,Electronics,Smart Watch,South,Website,Cash on Delivery,1,3050.16,0.0,3050.16,418.38
ORD102974,2025-08-11,CUST2083,Electronics,Smart Watch,West,Marketplace,Debit Card,2,3045.82,0.2,4873.31,565.12
ORD102975,2025-01-17,CUST1368,Electronics,Smart Watch,Central,Website,Credit Card,1,3378.99,0.05,3210.04,604.03
ORD102976,2025-10-31,CUST1403,Fashion,Cotton T-Shirt,West,Marketplace,Debit Card,1,717.37,0.2,573.9,139.36
ORD102977,2025-01-13,CUST1762,Books,Business Management,West,Mobile App,Debit Card,2,452.46,0.1,814.43,201.72
ORD102978,2025-08-15,CUST1213,Beauty,Perfume,North,Mobile App,UPI,5,1258.71,0.2,5034.84,1482.85
ORD102979,2025-05-08,CUST1324,Fashion,Backpack,Central,Mobile App,Debit Card,1,1280.97,0.05,1216.92,335.2
ORD102980,2025-07-19,CUST1731,Electronics,USB-C Hub,Central,Mobile App,Credit Card,4,1426.1,0.0,5704.4,674.34
ORD102981,2025-04-11,CUST1990,Electronics,USB-C Hub,East,Mobile App,UPI,1,1317.9,0.1,1186.11,195.17
ORD102982,2025-12-26,CUST1699,Electronics,Bluetooth Speaker,Central,Website,Credit Card,2,1974.39,0.05,3751.34,473.17
ORD102983,2025-08-24,CUST2065,Home & Kitchen,Storage Container Set,South,Website,Debit Card,2,900.64,0.05,1711.22,376.58
ORD102984,2025-06-11,CUST1246,Electronics,Bluetooth Speaker,South,Mobile App,Net Banking,3,1826.03,0.2,4382.47,402.72
ORD102985,2025-04-19,CUST1535,Electronics,USB-C Hub,South,Website,Cash on Delivery,1,1386.03,0.1,1247.43,194.68
ORD102986,2025-10-07,CUST1443,Beauty,Perfume,East,Website,Net Banking,1,1348.17,0.0,1348.17,423.63
ORD102987,2025-08-29,CUST1041,Electronics,Bluetooth Speaker,West,Website,Debit Card,5,1870.09,0.15,7947.88,1432.65
ORD102988,2025-08-14,CUST1699,Fashion,Casual Shirt,West,Marketplace,Net Banking,3,1278.94,0.0,3836.82,1054.62
ORD102989,2025-01-19,CUST1320,Beauty,Shampoo,South,Website,UPI,1,496.34,0.0,496.34,171.68
ORD102990,2025-11-20,CUST1140,Fashion,Backpack,South,Marketplace,Debit Card,1,1364.07,0.1,1227.66,406.74
ORD102991,2025-05-05,CUST1300,Home & Kitchen,Storage Container Set,South,Mobile App,UPI,1,937.84,0.15,797.16,125.05
ORD102992,2025-03-28,CUST1319,Home & Kitchen,Electric Kettle,South,Website,UPI,2,1705.01,0.0,3410.02,779.56
ORD102993,2025-02-14,CUST2110,Electronics,USB-C Hub,Central,Website,Cash on Delivery,2,1373.33,0.15,2334.66,346.84
ORD102994,2025-04-08,CUST1469,Books,Business Management,North,Website,Debit Card,3,465.12,0.1,1255.82,335.57
ORD102995,2025-12-13,CUST1569,Beauty,Face Wash,North,Marketplace,UPI,1,389.82,0.05,370.33,107.95
ORD102996,2025-12-06,CUST1866,Beauty,Perfume,North,Mobile App,Debit Card,3,1428.59,0.05,4071.48,1216.48
ORD102997,2025-05-11,CUST1269,Electronics,Power Bank,South,Website,Cash on Delivery,2,1063.39,0.15,1807.76,240.06
ORD102998,2025-07-03,CUST1409,Beauty,Sunscreen,East,Mobile App,UPI,1,663.61,0.0,663.61,210.79
ORD102999,2025-09-07,CUST2085,Books,Fiction Novel,South,Website,Debit Card,1,411.91,0.15,350.12,83.03
ORD103000,2025-09-01,CUST1079,Electronics,USB-C Hub,West,Mobile App,UPI,1,1244.98,0.1,1120.48,188.1
ORD103001,2025-04-13,CUST1029,Fashion,Casual Shirt,East,Mobile App,Debit Card,3,1317.96,0.05,3756.19,977.8
ORD103002,2025-08-05,CUST2200,Beauty,Sunscreen,West,Marketplace,UPI,1,704.95,0.2,563.96,190.95
ORD103003,2025-03-11,CUST1588,Electronics,Wireless Headphones,East,Website,Credit Card,1,2440.54,0.05,2318.51,443.6
ORD103004,2025-12-29,CUST1358,Fashion,Denim Jeans,South,Mobile App,Debit Card,3,1377.47,0.15,3512.55,1026.36
ORD103005,2025-06-21,CUST1284,Beauty,Shampoo,East,Website,UPI,1,459.01,0.15,390.16,110.7
ORD103006,2025-08-10,CUST1896,Fashion,Backpack,South,Website,Credit Card,1,1374.55,0.2,1099.64,281.87
ORD103007,2025-05-14,CUST1488,Books,Business Management,West,Mobile App,Debit Card,1,511.99,0.2,409.59,111.15
ORD103008,2025-03-24,CUST1062,Books,Python Programming,North,Website,Cash on Delivery,2,622.27,0.2,995.63,278.88
ORD103009,2025-07-04,CUST1572,Fashion,Denim Jeans,South,Website,Credit Card,1,1393.79,0.05,1324.1,374.13
ORD103010,2025-06-20,CUST1318,Electronics,USB-C Hub,East,Marketplace,Net Banking,3,1180.1,0.0,3540.3,768.35
ORD103011,2025-05-28,CUST1242,Electronics,Wireless Headphones,East,Website,Debit Card,2,2401.74,0.0,4803.48,828.88
ORD103012,2025-11-11,CUST1280,Books,Python Programming,North,Mobile App,UPI,3,589.75,0.0,1769.25,470.5
ORD103013,2025-07-10,CUST1883,Beauty,Shampoo,North,Website,Net Banking,3,503.84,0.0,1511.52,462.59
ORD103014,2025-01-26,CUST2123,Fashion,Denim Jeans,West,Mobile App,UPI,1,1355.6,0.15,1152.26,282.55
ORD103015,2025-11-25,CUST1720,Beauty,Face Wash,East,Mobile App,Credit Card,1,412.83,0.05,392.19,120.67
ORD103016,2025-03-11,CUST1459,Electronics,USB-C Hub,South,Marketplace,Credit Card,2,1344.61,0.05,2554.76,268.02
ORD103017,2025-09-14,CUST1760,Electronics,Bluetooth Speaker,Central,Website,Debit Card,4,1894.1,0.15,6439.94,972.24
ORD103018,2025-03-01,CUST1735,Fashion,Cotton T-Shirt,East,Website,Debit Card,2,743.1,0.1,1337.58,370.61
ORD103019,2025-04-13,CUST1587,Fashion,Backpack,Central,Marketplace,Debit Card,1,1457.17,0.15,1238.59,336.49
ORD103020,2025-08-18,CUST1868,Books,Fiction Novel,Central,Marketplace,UPI,2,406.33,0.0,812.66,193.39
ORD103021,2025-08-06,CUST1884,Electronics,USB-C Hub,Central,Mobile App,Debit Card,2,1174.65,0.0,2349.3,371.66
ORD103022,2025-10-22,CUST1763,Books,Data Analytics Guide,South,Website,Net Banking,1,681.06,0.25,510.79,145.24
ORD103023,2025-03-20,CUST1341,Home & Kitchen,Storage Container Set,East,Mobile App,Credit Card,1,962.21,0.1,865.99,161.16
ORD103024,2025-06-13,CUST1390,Beauty,Shampoo,Central,Website,UPI,2,462.21,0.1,831.98,227.57
ORD103025,2025-01-18,CUST2088,Fashion,Running Shoes,North,Website,UPI,1,2317.38,0.0,2317.38,652.58
ORD103026,2025-09-01,CUST1208,Electronics,Power Bank,East,Marketplace,UPI,2,1097.64,0.05,2085.52,308.48
ORD103027,2025-05-29,CUST1687,Books,Machine Learning Basics,East,Mobile App,UPI,1,926.5,0.05,880.18,266.65
ORD103028,2025-10-19,CUST1156,Electronics,USB-C Hub,East,Website,Net Banking,3,1405.88,0.0,4217.64,719.82
ORD103029,2025-05-05,CUST2061,Fashion,Running Shoes,South,Marketplace,Credit Card,1,2516.79,0.1,2265.11,631.07
ORD103030,2025-12-25,CUST1886,Home & Kitchen,Electric Kettle,South,Mobile App,UPI,2,1716.04,0.1,3088.87,665.11
ORD103031,2025-06-23,CUST1511,Fashion,Casual Shirt,East,Mobile App,Net Banking,1,1107.13,0.15,941.06,273.27
ORD103032,2025-02-11,CUST2121,Books,Business Management,West,Website,UPI,3,460.09,0.15,1173.23,323.87
ORD103033,2025-01-05,CUST1785,Home & Kitchen,Mixer Grinder,Central,Mobile App,UPI,1,3478.6,0.0,3478.6,544.63
ORD103034,2025-06-27,CUST1228,Electronics,Wireless Headphones,South,Website,Net Banking,1,2332.34,0.05,2215.72,334.05
ORD103035,2025-09-14,CUST1043,Electronics,Power Bank,West,Website,UPI,3,963.21,0.1,2600.67,375.48
ORD103036,2025-08-16,CUST1336,Books,Data Analytics Guide,Central,Mobile App,Debit Card,1,737.31,0.15,626.71,179.63
ORD103037,2025-10-05,CUST1313,Fashion,Backpack,East,Mobile App,Net Banking,1,1276.01,0.0,1276.01,331.51
ORD103038,2025-04-25,CUST1986,Home & Kitchen,Storage Container Set,West,Website,UPI,4,905.38,0.25,2716.14,520.74
ORD103039,2025-01-22,CUST1072,Home & Kitchen,Non-Stick Pan,West,Mobile App,UPI,4,1268.67,0.25,3806.01,801.14
ORD103040,2025-11-18,CUST2032,Beauty,Face Wash,South,Marketplace,UPI,1,377.3,0.15,320.7,95.92
ORD103041,2025-05-18,CUST2089,Beauty,Perfume,North,Website,UPI,1,1398.8,0.0,1398.8,434.87
ORD103042,2025-02-10,CUST1888,Books,Fiction Novel,West,Marketplace,UPI,1,395.9,0.05,376.1,97.42
ORD103043,2025-04-02,CUST1059,Beauty,Face Wash,Central,Marketplace,Debit Card,2,408.14,0.15,693.84,235.75
ORD103044,2025-11-29,CUST1721,Electronics,Smart Watch,Central,Marketplace,Debit Card,3,3251.71,0.0,9755.13,1655.36
ORD103045,2025-04-13,CUST1882,Fashion,Backpack,South,Website,UPI,1,1394.49,0.0,1394.49,436.99
ORD103046,2025-04-09,CUST2054,Fashion,Cotton T-Shirt,East,Website,UPI,1,747.75,0.05,710.36,198.91
ORD103047,2025-01-20,CUST1276,Beauty,Perfume,North,Marketplace,Cash on Delivery,2,1380.51,0.1,2484.92,870.14
ORD103048,2025-01-20,CUST1247,Books,Python Programming,East,Mobile App,UPI,1,565.9,0.05,537.6,136.53
ORD103049,2025-09-10,CUST1817,Home & Kitchen,Storage Container Set,North,Mobile App,UPI,1,979.31,0.15,832.41,160.29
ORD103050,2025-03-09,CUST2101,Beauty,Sunscreen,West,Mobile App,UPI,4,716.93,0.0,2867.72,1067.08
ORD103051,2025-07-25,CUST2007,Electronics,Power Bank,West,Website,UPI,2,1084.45,0.05,2060.46,314.21
ORD103052,2025-10-15,CUST2026,Fashion,Casual Shirt,North,Mobile App,Credit Card,4,1230.08,0.05,4674.3,1228.62
ORD103053,2025-08-20,CUST1136,Books,Python Programming,South,Website,Debit Card,4,539.75,0.2,1727.2,397.17
ORD103054,2025-01-15,CUST1093,Beauty,Perfume,North,Marketplace,Net Banking,1,1426.0,0.05,1354.7,451.85
ORD103055,2025-07-04,CUST1939,Fashion,Backpack,East,Marketplace,UPI,1,1481.7,0.1,1333.53,384.97
ORD103056,2025-08-20,CUST2005,Fashion,Running Shoes,Central,Website,UPI,1,2384.51,0.0,2384.51,701.13
ORD103057,2025-09-08,CUST1013,Books,Fiction Novel,Central,Website,Credit Card,1,392.14,0.2,313.71,71.08
ORD103058,2025-04-20,CUST1635,Fashion,Cotton T-Shirt,Central,Website,UPI,1,741.26,0.1,667.13,187.86
ORD103059,2025-12-06,CUST1178,Books,Fiction Novel,South,Marketplace,Cash on Delivery,1,436.38,0.0,436.38,95.89
ORD103060,2025-01-06,CUST1047,Fashion,Running Shoes,East,Website,Cash on Delivery,1,2240.02,0.1,2016.02,590.67
ORD103061,2025-06-25,CUST1476,Books,Data Analytics Guide,South,Marketplace,UPI,2,811.16,0.15,1378.97,323.09
ORD103062,2025-09-20,CUST1803,Electronics,Smart Watch,West,Marketplace,UPI,1,3244.4,0.05,3082.18,522.54
ORD103063,2025-04-29,CUST1270,Electronics,Bluetooth Speaker,North,Mobile App,Debit Card,1,1654.75,0.25,1241.06,194.91
ORD103064,2025-05-09,CUST1609,Beauty,Shampoo,West,Website,Credit Card,2,493.72,0.1,888.7,272.36
ORD103065,2025-03-02,CUST1726,Books,Data Analytics Guide,North,Mobile App,Net Banking,2,785.54,0.05,1492.53,313.33
ORD103066,2025-09-08,CUST1215,Electronics,Wireless Headphones,East,Mobile App,Net Banking,2,2310.73,0.1,4159.31,734.31
ORD103067,2025-09-01,CUST2084,Fashion,Cotton T-Shirt,Central,Website,Debit Card,3,745.42,0.15,1900.82,608.48
ORD103068,2025-12-20,CUST1510,Home & Kitchen,Storage Container Set,West,Website,Credit Card,5,827.18,0.2,3308.72,644.25
ORD103069,2025-09-20,CUST2155,Electronics,Bluetooth Speaker,East,Marketplace,Net Banking,5,1921.09,0.1,8644.9,1349.7
ORD103070,2025-12-24,CUST2000,Fashion,Cotton T-Shirt,East,Website,UPI,1,672.8,0.0,672.8,221.44
ORD103071,2025-11-20,CUST1155,Fashion,Backpack,East,Mobile App,Cash on Delivery,2,1335.81,0.05,2538.04,754.09
ORD103072,2025-09-29,CUST1492,Books,Machine Learning Basics,East,Mobile App,Cash on Delivery,1,919.95,0.15,781.96,228.03
ORD103073,2025-04-12,CUST2087,Electronics,USB-C Hub,Central,Website,Net Banking,3,1271.08,0.15,3241.25,379.33
ORD103074,2025-02-15,CUST1351,Fashion,Casual Shirt,West,Mobile App,Credit Card,1,1154.26,0.05,1096.55,374.91
ORD103075,2025-05-15,CUST1527,Electronics,USB-C Hub,North,Mobile App,Debit Card,3,1344.7,0.05,3832.4,594.01
ORD103076,2025-04-03,CUST1796,Books,Machine Learning Basics,East,Mobile App,Debit Card,1,925.47,0.05,879.2,239.36
ORD103077,2025-08-21,CUST1787,Books,Data Analytics Guide,West,Marketplace,UPI,1,773.85,0.0,773.85,194.04
ORD103078,2025-02-17,CUST2131,Electronics,Wireless Headphones,Central,Mobile App,UPI,2,2438.15,0.15,4144.86,591.62
ORD103079,2025-05-24,CUST2165,Beauty,Perfume,South,Marketplace,Debit Card,1,1260.47,0.1,1134.42,384.55
ORD103080,2025-12-27,CUST1212,Beauty,Shampoo,East,Website,UPI,2,502.15,0.0,1004.3,335.66
ORD103081,2025-07-07,CUST1501,Home & Kitchen,Storage Container Set,West,Website,Credit Card,1,819.48,0.0,819.48,137.34
ORD103082,2025-07-18,CUST1475,Fashion,Backpack,West,Website,Credit Card,1,1375.61,0.0,1375.61,351.84
ORD103083,2025-02-13,CUST1295,Home & Kitchen,Electric Kettle,West,Website,Credit Card,2,1700.72,0.1,3061.3,496.13
ORD103084,2025-12-25,CUST1209,Fashion,Cotton T-Shirt,West,Marketplace,Net Banking,1,726.28,0.15,617.34,173.47
ORD103085,2025-10-06,CUST1749,Fashion,Running Shoes,West,Mobile App,Cash on Delivery,1,2391.12,0.0,2391.12,593.65
ORD103086,2025-06-18,CUST1262,Fashion,Denim Jeans,South,Mobile App,UPI,1,1519.08,0.05,1443.13,390.2
ORD103087,2025-04-09,CUST1151,Fashion,Denim Jeans,North,Website,Debit Card,3,1366.14,0.05,3893.5,979.57
ORD103088,2025-12-22,CUST1532,Fashion,Denim Jeans,West,Website,Credit Card,2,1399.17,0.15,2378.59,759.35
ORD103089,2025-09-11,CUST1923,Fashion,Running Shoes,East,Website,UPI,1,2112.66,0.1,1901.39,457.14
ORD103090,2025-04-23,CUST1442,Beauty,Perfume,Central,Website,Net Banking,1,1342.36,0.25,1006.77,363.97
ORD103091,2025-06-22,CUST1372,Books,Python Programming,East,Marketplace,Debit Card,1,570.41,0.15,484.85,84.6
ORD103092,2025-05-02,CUST1057,Books,Data Analytics Guide,North,Website,UPI,2,676.27,0.05,1284.91,343.06
ORD103093,2025-07-31,CUST1248,Fashion,Cotton T-Shirt,North,Website,UPI,1,683.54,0.05,649.36,171.54
ORD103094,2025-08-10,CUST2105,Fashion,Backpack,West,Mobile App,UPI,1,1329.71,0.0,1329.71,381.16
ORD103095,2025-10-05,CUST1383,Fashion,Running Shoes,South,Mobile App,UPI,1,2082.99,0.1,1874.69,594.24
ORD103096,2025-10-08,CUST2065,Home & Kitchen,Air Fryer,West,Website,Debit Card,1,4614.17,0.0,4614.17,1008.33
ORD103097,2025-11-29,CUST1017,Electronics,Power Bank,East,Website,UPI,2,994.87,0.1,1790.77,304.75
ORD103098,2025-04-16,CUST1879,Electronics,Wireless Headphones,Central,Website,Credit Card,1,2338.4,0.05,2221.48,360.36
ORD103099,2025-07-12,CUST1654,Books,Fiction Novel,North,Mobile App,Cash on Delivery,2,396.56,0.25,594.84,150.69
ORD103100,2025-12-03,CUST1344,Fashion,Denim Jeans,Central,Website,Debit Card,2,1533.96,0.15,2607.73,843.36
ORD103101,2025-05-30,CUST1352,Fashion,Casual Shirt,South,Website,UPI,1,1249.96,0.05,1187.46,310.49
ORD103102,2025-06-16,CUST2140,Fashion,Running Shoes,North,Website,Credit Card,1,2413.91,0.2,1931.13,520.99
ORD103103,2025-09-11,CUST1898,Home & Kitchen,Storage Container Set,West,Website,UPI,2,972.86,0.15,1653.86,325.58
ORD103104,2025-10-10,CUST1207,Electronics,Bluetooth Speaker,West,Mobile App,Cash on Delivery,1,1648.42,0.0,1648.42,318.05
ORD103105,2025-03-06,CUST1499,Electronics,Wireless Headphones,West,Marketplace,Credit Card,1,2713.3,0.1,2441.97,471.15
ORD103106,2025-06-13,CUST1368,Electronics,USB-C Hub,South,Marketplace,Debit Card,3,1272.26,0.1,3435.1,468.93
ORD103107,2025-02-09,CUST1571,Fashion,Running Shoes,West,Mobile App,Cash on Delivery,2,2496.24,0.05,4742.86,1340.15
ORD103108,2025-11-16,CUST1242,Books,Python Programming,North,Marketplace,Debit Card,2,596.25,0.25,894.38,187.55
ORD103109,2025-11-24,CUST1661,Books,Data Analytics Guide,Central,Website,Net Banking,3,793.97,0.0,2381.91,565.0
ORD103110,2025-07-12,CUST1397,Fashion,Backpack,South,Mobile App,Net Banking,1,1439.84,0.25,1079.88,317.94
ORD103111,2025-04-06,CUST1098,Books,Fiction Novel,West,Website,Cash on Delivery,3,402.04,0.25,904.59,221.08
ORD103112,2025-07-30,CUST1436,Electronics,Wireless Headphones,North,Website,UPI,5,2567.21,0.2,10268.84,1493.66
ORD103113,2025-03-12,CUST1057,Books,Machine Learning Basics,South,Website,UPI,2,931.57,0.0,1863.14,460.91
ORD103114,2025-09-12,CUST1812,Home & Kitchen,Electric Kettle,East,Website,Cash on Delivery,3,1492.7,0.05,4254.2,870.96
ORD103115,2025-10-10,CUST1878,Home & Kitchen,Storage Container Set,Central,Website,UPI,1,850.09,0.0,850.09,181.12
ORD103116,2025-12-23,CUST1580,Home & Kitchen,Non-Stick Pan,West,Website,UPI,2,1217.27,0.1,2191.09,461.38
ORD103117,2025-07-19,CUST1182,Beauty,Shampoo,North,Mobile App,Cash on Delivery,3,495.96,0.05,1413.49,510.25
ORD103118,2025-05-25,CUST1671,Electronics,Smart Watch,Central,Marketplace,Credit Card,2,3302.78,0.0,6605.56,943.71
ORD103119,2025-04-05,CUST1922,Home & Kitchen,Air Fryer,Central,Website,Debit Card,1,5357.94,0.1,4822.15,902.51
ORD103120,2025-04-10,CUST1457,Electronics,USB-C Hub,East,Website,UPI,1,1330.7,0.0,1330.7,237.23
ORD103121,2025-07-17,CUST1664,Fashion,Casual Shirt,South,Marketplace,UPI,1,1123.05,0.0,1123.05,333.07
ORD103122,2025-08-30,CUST1987,Home & Kitchen,Non-Stick Pan,North,Website,UPI,1,1173.65,0.05,1114.97,212.64
ORD103123,2025-11-17,CUST1557,Books,Machine Learning Basics,East,Mobile App,Cash on Delivery,2,972.08,0.15,1652.54,441.05
ORD103124,2025-11-22,CUST1404,Fashion,Running Shoes,West,Marketplace,Credit Card,1,2411.22,0.0,2411.22,704.07
ORD103125,2025-12-15,CUST1134,Home & Kitchen,Electric Kettle,West,Website,UPI,1,1755.15,0.25,1316.36,253.04
ORD103126,2025-04-05,CUST1196,Fashion,Denim Jeans,South,Mobile App,Cash on Delivery,2,1461.78,0.0,2923.56,777.88
ORD103127,2025-05-08,CUST1817,Books,Machine Learning Basics,West,Mobile App,UPI,1,964.62,0.2,771.7,202.16
ORD103128,2025-09-10,CUST2012,Electronics,Power Bank,South,Website,Credit Card,3,1067.86,0.25,2402.68,247.04
ORD103129,2025-01-04,CUST1808,Books,Data Analytics Guide,North,Website,UPI,1,803.55,0.1,723.2,164.62
ORD103130,2025-12-05,CUST1126,Beauty,Moisturizer,East,Mobile App,UPI,1,580.51,0.2,464.41,165.46
ORD103131,2025-04-29,CUST2089,Home & Kitchen,Non-Stick Pan,South,Website,UPI,4,1180.34,0.15,4013.16,754.27
ORD103132,2025-06-12,CUST2113,Fashion,Denim Jeans,North,Marketplace,UPI,2,1398.41,0.15,2377.3,632.39
ORD103133,2025-06-21,CUST1339,Beauty,Moisturizer,West,Website,Cash on Delivery,1,556.93,0.1,501.24,156.96
ORD103134,2025-07-23,CUST1424,Books,Data Analytics Guide,North,Mobile App,Debit Card,1,702.76,0.0,702.76,147.56
ORD103135,2025-07-17,CUST1983,Electronics,Power Bank,Central,Marketplace,UPI,1,975.29,0.05,926.53,140.68
ORD103136,2025-05-31,CUST1976,Home & Kitchen,Air Fryer,East,Mobile App,Debit Card,2,5439.27,0.05,10334.61,2153.95
ORD103137,2025-05-26,CUST1918,Books,Fiction Novel,West,Mobile App,Credit Card,1,406.83,0.05,386.49,102.03
ORD103138,2025-04-16,CUST1245,Electronics,Power Bank,North,Website,UPI,1,969.21,0.15,823.83,130.63
ORD103139,2025-02-04,CUST1397,Fashion,Cotton T-Shirt,East,Website,Debit Card,3,657.86,0.05,1874.9,484.85
ORD103140,2025-10-25,CUST1299,Electronics,Power Bank,Central,Website,Credit Card,1,1073.11,0.0,1073.11,147.93
ORD103141,2025-10-08,CUST1434,Fashion,Casual Shirt,East,Website,Net Banking,1,1135.82,0.15,965.45,306.77
ORD103142,2025-05-30,CUST1574,Electronics,Bluetooth Speaker,East,Marketplace,Cash on Delivery,1,1801.35,0.0,1801.35,308.47
ORD103143,2025-06-10,CUST1464,Fashion,Backpack,West,Website,UPI,1,1283.56,0.1,1155.2,323.62
ORD103144,2025-04-21,CUST2083,Home & Kitchen,Mixer Grinder,North,Marketplace,Cash on Delivery,2,3212.74,0.15,5461.66,1003.58
ORD103145,2025-05-04,CUST1156,Books,Python Programming,Central,Website,UPI,1,591.29,0.1,532.16,107.87
ORD103146,2025-06-15,CUST1500,Fashion,Backpack,South,Marketplace,UPI,2,1349.53,0.0,2699.06,652.88
ORD103147,2025-03-31,CUST1828,Electronics,Smart Watch,West,Website,Credit Card,1,3001.97,0.0,3001.97,377.35
ORD103148,2025-05-02,CUST1424,Home & Kitchen,Non-Stick Pan,North,Website,UPI,1,1359.8,0.1,1223.82,194.11
ORD103149,2025-11-27,CUST1993,Electronics,Bluetooth Speaker,South,Website,Credit Card,2,1930.51,0.15,3281.87,466.82
ORD103150,2025-04-08,CUST2084,Books,Python Programming,East,Website,Credit Card,4,545.51,0.0,2182.04,522.6
ORD103151,2025-07-10,CUST1855,Beauty,Face Wash,East,Website,UPI,1,428.49,0.15,364.22,123.99
ORD103152,2025-09-06,CUST1063,Beauty,Perfume,East,Website,UPI,3,1304.11,0.1,3521.1,1071.82
ORD103153,2025-05-03,CUST1575,Fashion,Casual Shirt,West,Website,UPI,4,1318.57,0.1,4746.85,1367.99
ORD103154,2025-09-11,CUST1835,Home & Kitchen,Mixer Grinder,North,Website,UPI,1,3395.21,0.2,2716.17,442.06
ORD103155,2025-11-26,CUST1241,Fashion,Denim Jeans,Central,Website,Debit Card,1,1545.23,0.2,1236.18,319.61
ORD103156,2025-04-04,CUST1711,Books,Business Management,North,Marketplace,Debit Card,1,541.12,0.15,459.95,109.27
ORD103157,2025-11-05,CUST2028,Electronics,Wireless Headphones,West,Mobile App,Cash on Delivery,1,2327.95,0.1,2095.15,285.35
ORD103158,2025-04-20,CUST1814,Fashion,Running Shoes,South,Mobile App,UPI,2,2245.52,0.15,3817.38,1114.1
ORD103159,2025-04-03,CUST1447,Electronics,Smart Watch,South,Website,Credit Card,1,3438.47,0.05,3266.55,482.17
ORD103160,2025-09-19,CUST1269,Books,Business Management,Central,Marketplace,Cash on Delivery,1,531.78,0.15,452.01,134.53
ORD103161,2025-05-28,CUST1574,Fashion,Backpack,Central,Website,Credit Card,3,1489.37,0.0,4468.11,1346.85
ORD103162,2025-09-22,CUST1537,Beauty,Perfume,West,Mobile App,Debit Card,1,1319.57,0.15,1121.63,378.69
ORD103164,2025-04-03,CUST1433,Home & Kitchen,Electric Kettle,East,Mobile App,Credit Card,2,1623.87,0.05,3085.35,783.72
ORD103165,2025-06-16,CUST1786,Electronics,Wireless Headphones,South,Website,Cash on Delivery,1,2680.08,0.1,2412.07,423.42
ORD103166,2025-03-01,CUST1205,Fashion,Casual Shirt,East,Website,UPI,1,1100.19,0.1,990.17,258.46
ORD103167,2025-10-22,CUST1739,Fashion,Backpack,West,Website,Debit Card,1,1519.79,0.05,1443.8,423.02
ORD103168,2025-10-20,CUST1580,Books,Python Programming,Central,Marketplace,Credit Card,2,612.05,0.05,1162.89,288.09
ORD103169,2025-05-30,CUST1039,Beauty,Shampoo,North,Mobile App,Cash on Delivery,1,474.31,0.1,426.88,134.17
ORD103170,2025-02-26,CUST1964,Fashion,Running Shoes,East,Marketplace,UPI,2,2329.55,0.0,4659.1,1488.24
ORD103171,2025-01-17,CUST1249,Beauty,Face Wash,East,Website,UPI,3,403.26,0.15,1028.31,356.31
ORD103172,2025-12-20,CUST1943,Books,Fiction Novel,East,Website,Credit Card,3,418.85,0.0,1256.55,287.39
ORD103173,2025-08-11,CUST2059,Fashion,Backpack,North,Website,UPI,1,1523.88,0.05,1447.69,454.95
ORD103174,2025-03-30,CUST1420,Fashion,Casual Shirt,Central,Mobile App,Debit Card,1,1186.98,0.1,1068.28,340.97
ORD103175,2025-09-11,CUST1497,Books,Python Programming,North,Mobile App,Cash on Delivery,3,626.04,0.1,1690.31,456.89
ORD103176,2025-04-29,CUST1951,Electronics,USB-C Hub,South,Website,UPI,5,1171.05,0.2,4684.2,875.93
ORD103177,2025-11-22,CUST1684,Electronics,Bluetooth Speaker,West,Website,Cash on Delivery,4,1837.7,0.2,5880.64,1003.3
ORD103178,2025-08-29,CUST1171,Fashion,Denim Jeans,North,Website,UPI,5,1611.7,0.05,7655.58,2525.26
ORD103179,2025-04-02,CUST1345,Electronics,Smart Watch,Central,Mobile App,Net Banking,4,3583.95,0.0,14335.8,1972.06
ORD103180,2025-11-15,CUST1604,Beauty,Perfume,South,Website,Debit Card,2,1171.03,0.05,2224.96,719.21
ORD103181,2025-09-25,CUST1785,Beauty,Sunscreen,South,Website,Cash on Delivery,1,711.77,0.1,640.59,168.99
ORD103182,2025-10-04,CUST1307,Home & Kitchen,Storage Container Set,South,Marketplace,Credit Card,1,947.01,0.1,852.31,173.6
ORD103183,2025-07-20,CUST1033,Books,Python Programming,North,Marketplace,Net Banking,4,584.37,0.1,2103.73,604.48
ORD103184,2025-09-13,CUST1901,Electronics,Power Bank,Central,Mobile App,UPI,2,911.03,0.05,1730.96,284.6
ORD103185,2025-09-09,CUST1456,Fashion,Casual Shirt,West,Mobile App,UPI,1,1143.43,0.0,1143.43,268.15
ORD103186,2025-01-25,CUST1237,Home & Kitchen,Electric Kettle,Central,Website,UPI,2,1685.53,0.1,3033.95,594.7
ORD103187,2025-03-22,CUST1545,Fashion,Denim Jeans,South,Marketplace,Cash on Delivery,4,1543.09,0.0,6172.36,1863.83
ORD103188,2025-09-11,CUST1877,Beauty,Perfume,South,Website,Cash on Delivery,1,1194.69,0.0,1194.69,384.89
ORD103189,2025-02-11,CUST1131,Electronics,Smart Watch,North,Mobile App,Credit Card,1,3412.23,0.0,3412.23,497.49
ORD103190,2025-06-22,CUST1040,Beauty,Shampoo,South,Website,Credit Card,3,535.63,0.15,1365.86,458.53
ORD103191,2025-02-04,CUST1205,Fashion,Cotton T-Shirt,South,Mobile App,Net Banking,2,654.66,0.0,1309.32,338.24
ORD103192,2025-08-20,CUST2133,Home & Kitchen,Mixer Grinder,North,Mobile App,Credit Card,1,3384.16,0.15,2876.54,472.53
ORD103193,2025-10-15,CUST1809,Books,Machine Learning Basics,North,Mobile App,Debit Card,1,860.28,0.2,688.22,185.87
ORD103194,2025-01-11,CUST2117,Books,Data Analytics Guide,South,Website,Credit Card,1,690.74,0.1,621.67,152.92
ORD103195,2025-06-24,CUST1623,Books,Python Programming,East,Website,UPI,2,559.56,0.0,1119.12,289.54
ORD103196,2025-02-12,CUST1082,Beauty,Moisturizer,East,Mobile App,Credit Card,1,557.24,0.25,417.93,131.63
ORD103197,2025-09-25,CUST1311,Beauty,Perfume,East,Website,UPI,2,1408.74,0.1,2535.73,780.96
ORD103198,2025-11-13,CUST1222,Electronics,Wireless Headphones,North,Website,Credit Card,2,2745.74,0.1,4942.33,904.82
ORD103199,2025-03-10,CUST1964,Fashion,Cotton T-Shirt,South,Mobile App,Cash on Delivery,2,706.37,0.15,1200.83,366.89
ORD103200,2025-07-17,CUST1889,Fashion,Denim Jeans,North,Mobile App,Credit Card,2,1375.44,0.1,2475.79,734.18
ORD103201,2025-03-24,CUST1927,Fashion,Running Shoes,South,Marketplace,UPI,2,2163.6,0.1,3894.48,1040.86
ORD103202,2025-05-11,CUST1450,Fashion,Casual Shirt,East,Website,Debit Card,1,1311.45,0.1,1180.3,336.57
ORD103203,2025-11-10,CUST1218,Fashion,Backpack,West,Marketplace,UPI,2,1485.82,0.15,2525.89,655.35
ORD103204,2025-06-08,CUST1524,Electronics,USB-C Hub,North,Website,Debit Card,4,1384.15,0.05,5259.77,728.1
ORD103205,2025-02-09,CUST2096,Beauty,Moisturizer,East,Website,Net Banking,3,571.2,0.25,1285.2,410.01
ORD103206,2025-08-28,CUST1935,Home & Kitchen,Electric Kettle,South,Marketplace,Cash on Delivery,1,1572.04,0.05,1493.44,287.36
ORD103207,2025-09-07,CUST1904,Books,Fiction Novel,East,Mobile App,Debit Card,1,433.59,0.0,433.59,94.4
ORD103208,2025-01-26,CUST1004,Electronics,Power Bank,Central,Mobile App,Credit Card,2,1064.85,0.0,2129.7,395.33
ORD103209,2025-08-30,CUST1374,Beauty,Perfume,South,Mobile App,Cash on Delivery,3,1418.38,0.1,3829.63,1304.64
ORD103210,2025-07-21,CUST1702,Electronics,Bluetooth Speaker,North,Website,Debit Card,1,1905.45,0.1,1714.9,292.34
ORD103211,2025-02-26,CUST1277,Electronics,Smart Watch,West,Website,UPI,1,3522.0,0.0,3522.0,547.11
ORD103212,2025-09-20,CUST1793,Fashion,Denim Jeans,South,Website,Credit Card,2,1584.15,0.2,2534.64,700.55
ORD103213,2025-06-13,CUST1538,Home & Kitchen,Electric Kettle,South,Website,Credit Card,5,1477.53,0.0,7387.65,1367.97
ORD103214,2025-11-26,CUST1766,Books,Fiction Novel,North,Website,Cash on Delivery,1,372.9,0.05,354.25,93.48
ORD103215,2025-05-29,CUST1442,Electronics,USB-C Hub,West,Mobile App,Credit Card,1,1296.54,0.2,1037.23,162.44
ORD103216,2025-01-09,CUST1782,Books,Business Management,West,Website,Credit Card,2,522.62,0.15,888.45,201.78
ORD103217,2025-06-18,CUST1100,Fashion,Denim Jeans,South,Website,Debit Card,2,1616.78,0.05,3071.88,884.56
ORD103218,2025-09-22,CUST1494,Fashion,Denim Jeans,Central,Marketplace,Credit Card,1,1504.9,0.05,1429.66,392.26
ORD103219,2025-04-20,CUST1285,Fashion,Casual Shirt,East,Mobile App,Debit Card,4,1085.32,0.0,4341.28,943.95
ORD103220,2025-08-20,CUST1027,Fashion,Casual Shirt,West,Website,UPI,2,1223.34,0.1,2202.01,592.59
ORD103221,2025-01-25,CUST1287,Beauty,Moisturizer,South,Marketplace,UPI,1,578.3,0.1,520.47,183.54
ORD103222,2025-10-04,CUST1605,Books,Machine Learning Basics,East,Website,UPI,2,830.13,0.2,1328.21,283.41
ORD103223,2025-08-21,CUST1735,Books,Machine Learning Basics,North,Mobile App,UPI,1,901.63,0.05,856.55,249.14
ORD103224,2025-02-14,CUST2009,Electronics,Wireless Headphones,West,Website,Credit Card,1,2519.82,0.05,2393.83,407.85
ORD103225,2025-08-24,CUST1706,Beauty,Moisturizer,North,Website,Net Banking,3,569.62,0.0,1708.86,524.81
ORD103226,2025-12-21,CUST2093,Electronics,Power Bank,North,Mobile App,Credit Card,1,1028.46,0.1,925.61,107.94
ORD103227,2025-05-14,CUST1266,Electronics,Smart Watch,West,Website,Cash on Delivery,1,3151.02,0.0,3151.02,350.13
ORD103228,2025-11-13,CUST1642,Electronics,USB-C Hub,South,Mobile App,Cash on Delivery,1,1245.81,0.05,1183.52,225.43
ORD103229,2025-04-12,CUST1010,Electronics,Power Bank,North,Mobile App,Debit Card,1,1061.01,0.0,1061.01,193.35
ORD103230,2025-07-23,CUST1124,Electronics,Bluetooth Speaker,South,Website,UPI,1,1773.67,0.15,1507.62,278.34
ORD103231,2025-05-02,CUST1918,Fashion,Running Shoes,East,Mobile App,Cash on Delivery,2,2414.02,0.2,3862.43,889.31
ORD103232,2025-10-04,CUST1350,Electronics,Smart Watch,East,Mobile App,UPI,1,3446.46,0.05,3274.14,451.39
ORD103233,2025-10-14,CUST1968,Electronics,USB-C Hub,East,Mobile App,Net Banking,2,1309.35,0.1,2356.83,392.7
ORD103234,2025-02-21,CUST1108,Books,Python Programming,Central,Website,Debit Card,1,543.48,0.15,461.96,115.67
ORD103235,2025-06-13,CUST1852,Electronics,Bluetooth Speaker,East,Marketplace,Debit Card,2,1790.67,0.05,3402.27,608.24
ORD103236,2025-11-14,CUST1908,Beauty,Shampoo,South,Mobile App,Credit Card,2,527.16,0.05,1001.6,336.39
ORD103237,2025-10-11,CUST1707,Beauty,Face Wash,East,Website,UPI,3,420.54,0.0,1261.62,443.01
ORD103238,2025-07-15,CUST1088,Home & Kitchen,Non-Stick Pan,West,Mobile App,Debit Card,2,1258.99,0.0,2517.98,512.47
ORD103239,2025-12-25,CUST1594,Books,Fiction Novel,South,Website,UPI,2,434.83,0.05,826.18,189.55
ORD103240,2025-04-10,CUST1850,Books,Python Programming,South,Marketplace,UPI,5,580.72,0.0,2903.6,819.79
ORD103241,2025-08-31,CUST1639,Electronics,Power Bank,Central,Mobile App,UPI,2,1026.19,0.0,2052.38,394.67
ORD103242,2025-08-25,CUST2099,Home & Kitchen,Storage Container Set,South,Mobile App,UPI,1,920.43,0.15,782.37,134.84
ORD103243,2025-11-17,CUST1570,Home & Kitchen,Electric Kettle,North,Mobile App,UPI,5,1479.71,0.15,6288.77,1136.95
ORD103244,2025-08-09,CUST1385,Home & Kitchen,Air Fryer,Central,Mobile App,UPI,1,4695.25,0.05,4460.49,986.95
ORD103245,2025-10-17,CUST1028,Fashion,Running Shoes,North,Marketplace,Credit Card,1,2378.55,0.05,2259.62,664.59
ORD103246,2025-01-11,CUST1837,Electronics,Wireless Headphones,South,Mobile App,UPI,1,2746.35,0.0,2746.35,493.67
ORD103247,2025-11-27,CUST1668,Electronics,Smart Watch,Central,Mobile App,Debit Card,1,3472.43,0.0,3472.43,577.64
ORD103248,2025-05-30,CUST1688,Fashion,Cotton T-Shirt,North,Website,Debit Card,3,665.48,0.0,1996.44,492.1
ORD103249,2025-09-28,CUST1688,Books,Business Management,West,Website,UPI,1,503.3,0.0,503.3,129.43
ORD103250,2025-07-08,CUST1785,Electronics,Power Bank,North,Website,Net Banking,2,958.93,0.15,1630.18,235.11
ORD103251,2025-09-13,CUST1954,Fashion,Denim Jeans,West,Website,Credit Card,1,1412.25,0.0,1412.25,385.57
ORD103252,2025-12-30,CUST1341,Fashion,Running Shoes,South,Website,UPI,2,2477.69,0.25,3716.54,1185.69
ORD103253,2025-02-25,CUST2040,Beauty,Sunscreen,South,Marketplace,Credit Card,2,738.55,0.15,1255.53,362.8
ORD103254,2025-10-26,CUST2076,Home & Kitchen,Electric Kettle,East,Mobile App,UPI,2,1741.25,0.15,2960.12,668.37
ORD103255,2025-01-03,CUST1494,Fashion,Casual Shirt,West,Mobile App,UPI,2,1306.12,0.05,2481.63,725.5
ORD103256,2025-06-06,CUST1231,Fashion,Running Shoes,East,Marketplace,Credit Card,2,2250.25,0.15,3825.42,989.83
ORD103257,2025-08-11,CUST1469,Beauty,Moisturizer,North,Marketplace,UPI,5,545.71,0.05,2592.12,773.91
ORD103258,2025-04-05,CUST1919,Electronics,Bluetooth Speaker,Central,Website,UPI,1,1780.78,0.1,1602.7,195.18
ORD103259,2025-10-07,CUST1129,Fashion,Cotton T-Shirt,South,Mobile App,UPI,1,765.01,0.1,688.51,189.62
ORD103260,2025-03-27,CUST1072,Electronics,Smart Watch,Central,Website,Debit Card,3,3380.59,0.25,7606.33,1172.34
ORD103261,2025-04-08,CUST1276,Fashion,Running Shoes,Central,Marketplace,Cash on Delivery,2,2431.66,0.0,4863.32,1376.38
ORD103262,2025-05-08,CUST1017,Home & Kitchen,Storage Container Set,North,Website,Credit Card,1,899.44,0.15,764.52,165.92
ORD103263,2025-12-23,CUST1344,Fashion,Running Shoes,South,Website,Net Banking,2,2496.43,0.15,4243.93,1265.63
ORD103264,2025-04-20,CUST2137,Electronics,Bluetooth Speaker,Central,Website,UPI,1,1907.5,0.15,1621.38,291.92
ORD103265,2025-08-19,CUST2123,Fashion,Denim Jeans,Central,Website,UPI,2,1521.4,0.25,2282.1,610.41
ORD103266,2025-01-31,CUST2082,Home & Kitchen,Air Fryer,Central,Website,Credit Card,1,4681.29,0.2,3745.03,705.72
ORD103267,2025-12-09,CUST1988,Beauty,Sunscreen,North,Mobile App,Net Banking,1,682.17,0.0,682.17,184.32
ORD103268,2025-10-28,CUST1940,Fashion,Casual Shirt,North,Website,Debit Card,2,1187.02,0.05,2255.34,695.42
ORD103269,2025-05-09,CUST1569,Electronics,USB-C Hub,North,Marketplace,UPI,4,1254.23,0.0,5016.92,879.13
ORD103270,2025-10-28,CUST1164,Home & Kitchen,Mixer Grinder,East,Mobile App,UPI,2,3701.03,0.0,7402.06,1597.38
ORD103271,2025-01-22,CUST1386,Fashion,Running Shoes,North,Marketplace,UPI,2,2470.94,0.15,4200.6,1370.07
ORD103272,2025-08-02,CUST1460,Fashion,Cotton T-Shirt,Unknown,Marketplace,Credit Card,1,652.07,0.1,586.86,150.22
ORD103273,2025-08-23,CUST1754,Books,Data Analytics Guide,South,Website,UPI,4,793.11,0.15,2696.57,652.78
ORD103274,2025-10-28,CUST2009,Fashion,Cotton T-Shirt,West,Mobile App,Cash on Delivery,1,743.51,0.1,669.16,146.68
ORD103275,2025-11-13,CUST1138,Electronics,USB-C Hub,South,Mobile App,Credit Card,1,1222.62,0.2,978.1,167.47
ORD103276,2025-08-23,CUST1522,Books,Fiction Novel,South,Marketplace,Credit Card,1,393.45,0.1,354.1,81.04
ORD103277,2025-10-14,CUST1806,Home & Kitchen,Storage Container Set,South,Website,Net Banking,2,872.02,0.15,1482.43,286.93
ORD103278,2025-09-22,CUST1110,Fashion,Running Shoes,West,Marketplace,UPI,3,2512.32,0.05,7160.11,2075.23
ORD103279,2025-06-23,CUST1817,Home & Kitchen,Non-Stick Pan,South,Mobile App,UPI,1,1381.48,0.0,1381.48,274.15
ORD103280,2025-04-06,CUST1338,Electronics,Smart Watch,South,Website,UPI,1,3300.17,0.0,3300.17,530.68
ORD103281,2025-09-21,CUST1467,Beauty,Face Wash,North,Mobile App,Debit Card,1,419.7,0.05,398.72,115.76
ORD103282,2025-11-18,CUST1292,Home & Kitchen,Storage Container Set,West,Mobile App,Net Banking,4,893.81,0.25,2681.43,609.02
ORD103283,2025-12-25,CUST1827,Electronics,Bluetooth Speaker,West,Website,UPI,1,1752.35,0.05,1664.73,261.81
ORD103284,2025-04-15,CUST1392,Beauty,Moisturizer,North,Marketplace,Cash on Delivery,2,627.24,0.05,1191.76,410.49
ORD103285,2025-08-09,CUST1323,Beauty,Sunscreen,Central,Mobile App,Credit Card,1,738.19,0.2,590.55,208.99
ORD103286,2025-05-10,CUST2049,Beauty,Face Wash,Central,Marketplace,Net Banking,1,381.59,0.15,324.35,104.65
ORD103287,2025-08-20,CUST1966,Books,Business Management,South,Marketplace,UPI,1,487.86,0.1,439.07,105.6
ORD103288,2025-07-27,CUST1991,Fashion,Running Shoes,Central,Website,UPI,1,2272.95,0.0,2272.95,570.24
ORD103289,2025-09-24,CUST1393,Home & Kitchen,Mixer Grinder,North,Website,UPI,3,3754.27,0.15,9573.39,1680.02
ORD103290,2025-05-30,CUST1437,Fashion,Casual Shirt,South,Website,Cash on Delivery,4,1236.43,0.0,4945.72,1327.82
ORD103291,2025-12-11,CUST1094,Fashion,Cotton T-Shirt,East,Mobile App,Credit Card,3,653.58,0.15,1666.63,504.85
ORD103292,2025-01-10,CUST1637,Books,Python Programming,East,Marketplace,UPI,3,542.96,0.0,1628.88,460.55
ORD103293,2025-02-12,CUST2169,Beauty,Sunscreen,West,Website,UPI,1,718.95,0.15,611.11,210.04
ORD103294,2025-06-30,CUST1265,Fashion,Denim Jeans,West,Website,Credit Card,1,1404.7,0.15,1194.0,303.28
ORD103295,2025-04-15,CUST1242,Electronics,Smart Watch,North,Website,Cash on Delivery,1,3314.73,0.1,2983.26,500.17
ORD103296,2025-04-05,CUST1382,Beauty,Shampoo,East,Marketplace,UPI,5,486.22,0.2,1944.88,564.85
ORD103297,2025-09-12,CUST2051,Fashion,Cotton T-Shirt,South,Mobile App,Credit Card,3,706.24,0.2,1694.98,481.1
ORD103298,2025-06-05,CUST1946,Electronics,Smart Watch,East,Marketplace,Net Banking,1,3039.51,0.0,3039.51,286.15
ORD103299,2025-03-06,CUST1743,Fashion,Running Shoes,North,Mobile App,Credit Card,1,2223.98,0.0,2223.98,653.17
ORD103300,2025-01-19,CUST1798,Home & Kitchen,Mixer Grinder,North,Website,Debit Card,1,3584.21,0.05,3405.0,726.99
ORD103301,2025-03-18,CUST1081,Home & Kitchen,Air Fryer,Central,Website,Net Banking,1,4812.81,0.1,4331.53,892.48
ORD103302,2025-03-28,CUST1684,Beauty,Sunscreen,North,Website,Debit Card,3,725.34,0.2,1740.82,548.99
ORD103303,2025-09-23,CUST2094,Books,Machine Learning Basics,East,Website,Debit Card,1,866.04,0.0,866.04,195.94
ORD103304,2025-07-13,CUST1147,Fashion,Casual Shirt,Central,Mobile App,Credit Card,2,1085.71,0.2,1737.14,439.27
ORD103305,2025-06-18,CUST1557,Fashion,Denim Jeans,North,Website,UPI,2,1531.85,0.0,3063.7,896.0
ORD103306,2025-01-24,CUST1498,Books,Machine Learning Basics,East,Mobile App,UPI,2,897.81,0.15,1526.28,422.74
ORD103307,2025-01-20,CUST1559,Fashion,Denim Jeans,West,Mobile App,Net Banking,1,1466.04,0.0,1466.04,343.46
ORD103308,2025-02-06,CUST1379,Electronics,Power Bank,South,Website,Credit Card,1,904.49,0.15,768.82,141.15
ORD103309,2025-11-23,CUST1047,Books,Machine Learning Basics,Central,Website,UPI,3,899.59,0.05,2563.83,672.34
ORD103310,2025-11-17,CUST1604,Books,Machine Learning Basics,South,Website,UPI,2,901.14,0.25,1351.71,347.92
ORD103311,2025-12-20,CUST1735,Fashion,Denim Jeans,West,Website,Credit Card,1,1612.65,0.15,1370.75,333.08
ORD103312,2025-12-18,CUST1010,Home & Kitchen,Storage Container Set,South,Website,Net Banking,4,916.63,0.0,3666.52,732.8
ORD103313,2025-03-18,CUST1026,Fashion,Running Shoes,North,Marketplace,UPI,2,2222.47,0.1,4000.45,1133.22
ORD103314,2025-10-11,CUST1300,Electronics,Smart Watch,South,Mobile App,Credit Card,1,3454.15,0.1,3108.74,458.93
ORD103315,2025-04-09,CUST1769,Books,Machine Learning Basics,East,Website,UPI,2,916.39,0.0,1832.78,442.55
ORD103316,2025-09-22,CUST2012,Fashion,Denim Jeans,North,Website,UPI,1,1497.44,0.15,1272.82,392.65
ORD103317,2025-04-21,CUST1486,Fashion,Running Shoes,Central,Website,Debit Card,2,2524.1,0.15,4290.97,1068.08
ORD103318,2025-06-16,CUST1855,Books,Python Programming,Central,Website,UPI,1,572.36,0.05,543.74,122.55
ORD103319,2025-11-13,CUST1424,Fashion,Casual Shirt,East,Website,UPI,1,1131.67,0.2,905.34,246.74
ORD103320,2025-11-02,CUST1754,Fashion,Casual Shirt,North,Marketplace,Net Banking,1,1224.03,0.15,1040.43,299.33
ORD103321,2025-03-06,CUST2002,Books,Data Analytics Guide,West,Marketplace,UPI,1,765.61,0.15,650.77,167.52
ORD103322,2025-02-20,CUST1526,Beauty,Shampoo,South,Website,Debit Card,2,483.03,0.0,966.06,354.12
ORD103323,2025-10-30,CUST1776,Electronics,USB-C Hub,Central,Mobile App,Credit Card,2,1343.53,0.05,2552.71,369.64
ORD103324,2025-08-23,CUST1759,Beauty,Face Wash,Central,Mobile App,UPI,1,402.69,0.1,362.42,132.56
ORD103325,2025-02-21,CUST1063,Home & Kitchen,Non-Stick Pan,West,Mobile App,Net Banking,3,1428.08,0.15,3641.6,722.55
ORD103326,2025-03-19,CUST1636,Home & Kitchen,Air Fryer,West,Mobile App,Cash on Delivery,1,5206.14,0.25,3904.61,758.51
ORD103327,2025-08-18,CUST1896,Electronics,Bluetooth Speaker,West,Website,Cash on Delivery,1,1934.63,0.0,1934.63,336.79
ORD103328,2025-05-28,CUST1366,Books,Business Management,North,Mobile App,UPI,3,506.89,0.1,1368.6,314.04
ORD103329,2025-05-31,CUST1756,Home & Kitchen,Storage Container Set,South,Marketplace,Credit Card,1,940.15,0.1,846.14,170.4
ORD103330,2025-09-15,CUST1934,Beauty,Perfume,Central,Website,Debit Card,1,1281.11,0.0,1281.11,387.45
ORD103331,2025-09-22,CUST1388,Home & Kitchen,Mixer Grinder,Central,Website,Debit Card,3,3749.4,0.0,11248.2,2623.13
ORD103332,2025-03-23,CUST1769,Beauty,Perfume,North,Mobile App,Credit Card,2,1402.28,0.1,2524.1,839.14
ORD103333,2025-06-24,CUST1489,Electronics,Power Bank,Central,Mobile App,Credit Card,1,1017.61,0.1,915.85,141.27
ORD103334,2025-02-20,CUST1656,Fashion,Cotton T-Shirt,East,Mobile App,UPI,2,641.82,0.05,1219.46,337.04
ORD103335,2025-04-19,CUST1340,Fashion,Denim Jeans,West,Website,Credit Card,1,1396.02,0.1,1256.42,322.14
ORD103336,2025-04-17,CUST1082,Beauty,Shampoo,South,Website,Credit Card,2,496.76,0.05,943.84,331.04
ORD103337,2025-05-27,CUST1654,Home & Kitchen,Air Fryer,West,Mobile App,UPI,2,5156.15,0.15,8765.46,1692.4
ORD103338,2025-08-20,CUST1031,Electronics,Bluetooth Speaker,South,Mobile App,UPI,1,1874.34,0.1,1686.91,310.45
ORD103339,2025-06-17,CUST1891,Electronics,Smart Watch,Central,Marketplace,Credit Card,2,3171.5,0.05,6025.85,698.75
ORD103340,2025-07-18,CUST2024,Books,Business Management,South,Marketplace,UPI,1,457.34,0.1,411.61,97.66
ORD103341,2025-04-10,CUST1181,Home & Kitchen,Air Fryer,East,Website,Net Banking,2,5187.67,0.0,10375.34,2074.46
ORD103342,2025-06-25,CUST2134,Electronics,Smart Watch,East,Marketplace,Debit Card,3,3029.91,0.1,8180.76,953.32
ORD103343,2025-08-31,CUST1946,Home & Kitchen,Mixer Grinder,North,Website,Cash on Delivery,1,3759.9,0.05,3571.9,649.6
ORD103344,2025-06-21,CUST1390,Books,Fiction Novel,East,Mobile App,Cash on Delivery,2,435.12,0.05,826.73,190.28
ORD103345,2025-11-19,CUST1021,Beauty,Face Wash,East,Website,Net Banking,1,374.05,0.1,336.65,109.76
ORD103346,2025-11-04,CUST1949,Fashion,Running Shoes,East,Mobile App,Cash on Delivery,1,2464.09,0.0,2464.09,705.21
ORD103347,2025-11-19,CUST1757,Electronics,Power Bank,North,Marketplace,UPI,2,1087.69,0.2,1740.3,218.5
ORD103348,2025-07-29,CUST1413,Beauty,Sunscreen,North,Website,Credit Card,1,753.18,0.2,602.54,173.21
ORD103349,2025-03-11,CUST1979,Electronics,USB-C Hub,East,Mobile App,UPI,1,1396.16,0.25,1047.12,182.77
ORD103350,2025-08-21,CUST1367,Home & Kitchen,Non-Stick Pan,West,Mobile App,UPI,2,1255.74,0.2,2009.18,442.09
ORD103351,2025-04-19,CUST1274,Home & Kitchen,Mixer Grinder,North,Mobile App,Cash on Delivery,1,3832.51,0.15,3257.63,701.55
ORD103352,2025-01-16,CUST2157,Books,Data Analytics Guide,East,Marketplace,UPI,1,767.48,0.1,690.73,176.73
ORD103353,2025-07-15,CUST1214,Beauty,Perfume,South,Marketplace,UPI,2,1296.36,0.25,1944.54,633.62
ORD103354,2025-04-07,CUST1842,Fashion,Cotton T-Shirt,Central,Marketplace,Net Banking,2,730.92,0.2,1169.47,274.66
ORD103355,2025-08-09,CUST1839,Home & Kitchen,Mixer Grinder,West,Mobile App,Debit Card,1,3438.99,0.1,3095.09,588.95
ORD103356,2025-02-19,CUST1669,Electronics,USB-C Hub,West,Website,UPI,1,1243.12,0.0,1243.12,199.24
ORD103357,2025-03-14,CUST2098,Electronics,Bluetooth Speaker,East,Marketplace,Credit Card,4,1978.63,0.25,5935.89,1093.39
ORD103358,2025-03-08,CUST1456,Home & Kitchen,Storage Container Set,West,Website,Debit Card,2,948.53,0.2,1517.65,336.06
ORD103359,2025-04-16,CUST1761,Fashion,Cotton T-Shirt,Central,Mobile App,Credit Card,2,654.22,0.05,1243.02,321.93
ORD103360,2025-10-18,CUST1076,Fashion,Running Shoes,North,Marketplace,Cash on Delivery,1,2185.04,0.1,1966.54,524.73
ORD103361,2025-06-20,CUST1165,Fashion,Casual Shirt,South,Website,Credit Card,2,1100.6,0.15,1871.02,575.92
ORD103362,2025-03-31,CUST1616,Electronics,Smart Watch,East,Mobile App,Credit Card,1,3079.17,0.15,2617.29,395.07
ORD103363,2025-04-27,CUST1367,Fashion,Casual Shirt,South,Marketplace,Net Banking,1,1206.63,0.05,1146.3,336.9
ORD103364,2025-12-06,CUST1950,Electronics,Smart Watch,South,Mobile App,Net Banking,1,3501.2,0.0,3501.2,481.87
ORD103365,2025-09-22,CUST1352,Beauty,Shampoo,Central,Marketplace,Cash on Delivery,2,535.69,0.15,910.67,273.72
ORD103366,2025-04-16,CUST1354,Fashion,Backpack,Central,Website,Debit Card,1,1364.74,0.0,1364.74,344.0
ORD103367,2025-10-10,CUST1623,Beauty,Sunscreen,West,Mobile App,Credit Card,1,757.5,0.1,681.75,228.67
ORD103368,2025-01-03,CUST2101,Beauty,Shampoo,West,Website,UPI,1,505.62,0.0,505.62,143.94
ORD103369,2025-12-25,CUST1448,Electronics,Bluetooth Speaker,Central,Website,Debit Card,1,1745.89,0.05,1658.6,246.17
ORD103370,2025-10-25,CUST1085,Fashion,Backpack,North,Website,Net Banking,1,1327.69,0.0,1327.69,377.21
ORD103371,2025-09-15,CUST1155,Electronics,Smart Watch,West,Website,Credit Card,1,3333.91,0.05,3167.21,416.71
ORD103372,2025-03-30,CUST1044,Beauty,Sunscreen,Central,Website,Net Banking,1,715.02,0.05,679.27,206.94
ORD103373,2025-08-27,CUST2178,Fashion,Backpack,South,Mobile App,UPI,1,1483.32,0.15,1260.82,411.61
ORD103374,2025-04-28,CUST1618,Home & Kitchen,Air Fryer,West,Mobile App,UPI,2,5461.89,0.05,10377.59,2375.52
ORD103375,2025-04-28,CUST1395,Books,Fiction Novel,South,Website,Cash on Delivery,4,431.09,0.1,1551.92,443.03
ORD103376,2025-07-25,CUST1778,Beauty,Perfume,Central,Mobile App,UPI,2,1303.49,0.1,2346.28,776.62
ORD103377,2025-07-07,CUST1727,Beauty,Shampoo,North,Website,UPI,1,482.48,0.1,434.23,115.2
ORD103378,2025-04-23,CUST1175,Fashion,Running Shoes,North,Website,UPI,2,2351.91,0.25,3527.86,862.93
ORD103379,2025-12-10,CUST1193,Beauty,Perfume,East,Website,UPI,1,1335.35,0.05,1268.58,364.02
ORD103380,2025-09-07,CUST2024,Home & Kitchen,Mixer Grinder,North,Marketplace,Cash on Delivery,3,3525.34,0.15,8989.62,1317.71
ORD103381,2025-03-22,CUST1544,Electronics,Wireless Headphones,West,Marketplace,UPI,2,2305.31,0.2,3688.5,736.54
ORD103382,2025-06-16,CUST1488,Electronics,Wireless Headphones,Central,Marketplace,Credit Card,5,2457.45,0.1,11058.52,1734.6
ORD103383,2025-04-06,CUST1941,Fashion,Backpack,West,Website,UPI,3,1371.4,0.05,3908.49,1114.39
ORD103384,2025-03-09,CUST2109,Fashion,Denim Jeans,North,Marketplace,UPI,4,1543.24,0.25,4629.72,1351.54
ORD103385,2025-06-08,CUST1628,Fashion,Cotton T-Shirt,South,Marketplace,Credit Card,2,675.81,0.05,1284.04,368.48
ORD103386,2025-07-12,CUST1446,Home & Kitchen,Storage Container Set,West,Website,Cash on Delivery,1,814.5,0.1,733.05,141.36
ORD103387,2025-04-12,CUST1193,Beauty,Moisturizer,East,Mobile App,UPI,1,568.27,0.0,568.27,190.64
ORD103388,2025-09-25,CUST1073,Fashion,Running Shoes,West,Website,UPI,3,2452.44,0.1,6621.59,1623.5
ORD103389,2025-05-30,CUST1924,Fashion,Running Shoes,North,Website,UPI,2,2484.19,0.0,4968.38,1141.12
ORD103390,2025-11-03,CUST1231,Home & Kitchen,Non-Stick Pan,Central,Website,Credit Card,1,1404.64,0.1,1264.18,246.6
ORD103391,2025-04-10,CUST1953,Fashion,Denim Jeans,West,Website,UPI,2,1627.56,0.0,3255.12,868.62
ORD103392,2025-11-13,CUST1914,Beauty,Moisturizer,South,Website,Debit Card,1,565.57,0.1,509.01,165.45
ORD103393,2025-07-13,CUST1516,Books,Fiction Novel,West,Website,Net Banking,1,374.65,0.2,299.72,82.24
ORD103394,2025-09-02,CUST1740,Electronics,Wireless Headphones,East,Marketplace,UPI,2,2521.19,0.0,5042.38,891.33
ORD103395,2025-08-20,CUST1539,Electronics,Bluetooth Speaker,South,Mobile App,Net Banking,1,1906.43,0.15,1620.47,278.42
ORD103396,2025-04-15,CUST1812,Electronics,Bluetooth Speaker,West,Website,Debit Card,2,1776.35,0.2,2842.16,319.4
ORD103397,2025-09-19,CUST1496,Books,Machine Learning Basics,South,Mobile App,Credit Card,1,835.68,0.0,835.68,211.13
ORD103398,2025-04-06,CUST2169,Electronics,USB-C Hub,Central,Website,UPI,2,1294.09,0.25,1941.13,306.6
ORD103399,2025-04-24,CUST1745,Home & Kitchen,Storage Container Set,Central,Marketplace,UPI,1,898.82,0.1,808.94,148.72
ORD103400,2025-04-19,CUST1454,Beauty,Sunscreen,East,Website,Debit Card,3,742.43,0.15,1893.2,578.99
ORD103401,2025-04-04,CUST1153,Fashion,Backpack,Central,Marketplace,Debit Card,2,1414.62,0.1,2546.32,661.18
ORD103402,2025-05-12,CUST1171,Fashion,Denim Jeans,North,Website,Cash on Delivery,1,1621.8,0.15,1378.53,314.8
ORD103403,2025-03-30,CUST1954,Home & Kitchen,Mixer Grinder,East,Mobile App,UPI,4,3212.87,0.1,11566.33,2348.53
ORD103404,2025-10-12,CUST1206,Books,Data Analytics Guide,North,Mobile App,Debit Card,1,792.31,0.2,633.85,160.34
ORD103405,2025-05-29,CUST1628,Fashion,Casual Shirt,East,Mobile App,Credit Card,1,1150.06,0.05,1092.56,318.3
ORD103406,2025-09-21,CUST1176,Electronics,Bluetooth Speaker,East,Marketplace,Debit Card,2,1766.28,0.0,3532.56,564.36
ORD103407,2025-05-10,CUST1938,Electronics,USB-C Hub,East,Mobile App,UPI,1,1341.06,0.0,1341.06,279.77
ORD103408,2025-03-07,CUST2105,Fashion,Denim Jeans,North,Mobile App,UPI,2,1501.22,0.15,2552.07,753.0
ORD103409,2025-04-28,CUST2014,Electronics,USB-C Hub,East,Website,Debit Card,1,1186.42,0.05,1127.1,131.45
ORD103410,2025-03-30,CUST1824,Fashion,Denim Jeans,North,Website,Credit Card,3,1512.99,0.2,3631.18,1047.07
ORD103411,2025-03-04,CUST1894,Books,Business Management,East,Marketplace,UPI,1,507.05,0.1,456.34,112.61
ORD103412,2025-03-02,CUST1368,Beauty,Face Wash,North,Website,UPI,1,386.68,0.15,328.68,102.08
ORD103413,2025-02-15,CUST1194,Electronics,USB-C Hub,North,Website,Credit Card,2,1300.82,0.1,2341.48,303.28
ORD103414,2025-10-09,CUST1802,Home & Kitchen,Storage Container Set,South,Website,Credit Card,1,983.25,0.1,884.92,210.29
ORD103415,2025-04-23,CUST2084,Beauty,Sunscreen,South,Marketplace,UPI,3,664.26,0.15,1693.86,515.1
ORD103416,2025-06-16,CUST1195,Home & Kitchen,Storage Container Set,Central,Website,Debit Card,2,832.41,0.1,1498.34,294.68
ORD103417,2025-07-20,CUST1534,Fashion,Backpack,North,Mobile App,Credit Card,1,1331.83,0.2,1065.46,312.95
ORD103418,2025-05-06,CUST1442,Electronics,Power Bank,East,Mobile App,Credit Card,1,977.19,0.05,928.33,162.25
ORD103419,2025-01-04,CUST1685,Books,Fiction Novel,East,Marketplace,UPI,1,424.87,0.05,403.63,90.19
ORD103420,2025-02-13,CUST1107,Electronics,Smart Watch,Central,Mobile App,Credit Card,1,3155.32,0.05,2997.55,334.67
ORD103421,2025-10-25,CUST1886,Home & Kitchen,Non-Stick Pan,Central,Marketplace,Debit Card,2,1318.88,0.25,1978.32,425.63
ORD103422,2025-01-12,CUST1014,Electronics,Bluetooth Speaker,East,Website,UPI,1,1950.67,0.05,1853.14,278.32
ORD103423,2025-04-10,CUST1395,Fashion,Running Shoes,South,Website,UPI,1,2244.91,0.1,2020.42,557.07
ORD103424,2025-01-07,CUST1802,Beauty,Face Wash,North,Website,UPI,1,401.02,0.0,401.02,124.68
ORD103425,2025-02-11,CUST1753,Books,Python Programming,East,Website,UPI,1,585.0,0.15,497.25,116.17
ORD103426,2025-11-24,CUST1861,Home & Kitchen,Air Fryer,South,Website,Credit Card,1,4673.03,0.15,3972.08,989.78
ORD103427,2025-10-26,CUST1174,Beauty,Moisturizer,East,Mobile App,Credit Card,1,610.63,0.05,580.1,157.89
ORD103428,2025-08-18,CUST1190,Home & Kitchen,Air Fryer,Central,Marketplace,UPI,2,5480.52,0.0,10961.04,1742.04
ORD103429,2025-03-13,CUST1256,Electronics,Smart Watch,Central,Website,Credit Card,1,3143.13,0.25,2357.35,347.11
ORD103430,2025-07-16,CUST1190,Books,Fiction Novel,East,Mobile App,Credit Card,2,381.01,0.25,571.52,137.74
ORD103431,2025-12-09,CUST1437,Books,Python Programming,West,Website,Credit Card,1,631.13,0.0,631.13,152.23
ORD103432,2025-11-29,CUST1278,Beauty,Face Wash,East,Mobile App,Cash on Delivery,1,376.46,0.1,338.81,107.67
ORD103433,2025-01-15,CUST1305,Fashion,Casual Shirt,Central,Website,Credit Card,3,1147.38,0.1,3097.93,816.72
ORD103434,2025-03-17,CUST1796,Fashion,Casual Shirt,East,Website,Debit Card,1,1187.78,0.15,1009.61,258.67
ORD103435,2025-09-24,CUST1166,Electronics,Smart Watch,Central,Website,UPI,1,3113.97,0.1,2802.57,463.56
ORD103436,2025-08-26,CUST1630,Books,Python Programming,West,Website,UPI,3,603.84,0.15,1539.79,368.73
ORD103437,2025-03-20,CUST1322,Electronics,Smart Watch,East,Website,Debit Card,1,3549.19,0.1,3194.27,423.91
ORD103438,2025-01-08,CUST1861,Electronics,USB-C Hub,North,Website,UPI,1,1378.96,0.0,1378.96,224.2
ORD103439,2025-01-15,CUST1826,Fashion,Cotton T-Shirt,North,Mobile App,Net Banking,2,719.08,0.0,1438.16,373.72
ORD103440,2025-02-09,CUST1683,Beauty,Perfume,Central,Mobile App,UPI,3,1427.11,0.1,3853.2,1297.85
ORD103441,2025-07-15,CUST1319,Home & Kitchen,Air Fryer,North,Website,Debit Card,2,5454.74,0.05,10364.01,2127.94
ORD103442,2025-03-17,CUST1553,Fashion,Cotton T-Shirt,West,Website,UPI,1,756.75,0.0,756.75,255.86
ORD103443,2025-12-25,CUST1956,Fashion,Denim Jeans,North,Website,Credit Card,1,1479.35,0.05,1405.38,387.36
ORD103444,2025-12-31,CUST1904,Electronics,Wireless Headphones,North,Website,Debit Card,2,2417.71,0.1,4351.88,656.42
ORD103445,2025-05-10,CUST1205,Electronics,Bluetooth Speaker,Central,Marketplace,UPI,3,1846.38,0.05,5262.18,758.97
ORD103446,2025-07-04,CUST1547,Beauty,Moisturizer,North,Mobile App,Cash on Delivery,1,588.94,0.1,530.05,175.25
ORD103447,2025-12-18,CUST1225,Home & Kitchen,Storage Container Set,South,Website,Credit Card,2,867.16,0.25,1300.74,254.76
ORD103448,2025-01-12,CUST1118,Fashion,Casual Shirt,North,Website,Debit Card,1,1177.94,0.0,1177.94,381.98
ORD103449,2025-08-15,CUST1390,Fashion,Denim Jeans,North,Mobile App,Net Banking,1,1349.36,0.2,1079.49,310.96
ORD103450,2025-04-02,CUST1009,Home & Kitchen,Air Fryer,East,Website,Credit Card,1,4651.9,0.1,4186.71,845.29
ORD103451,2025-08-19,CUST1210,Electronics,USB-C Hub,South,Mobile App,Net Banking,1,1333.03,0.15,1133.08,159.28
ORD103452,2025-07-14,CUST1933,Home & Kitchen,Electric Kettle,West,Mobile App,UPI,2,1527.5,0.15,2596.75,493.68
ORD103453,2025-10-27,CUST1572,Electronics,Bluetooth Speaker,East,Website,Credit Card,1,1752.57,0.05,1664.94,268.68
ORD103454,2025-09-22,CUST2030,Fashion,Backpack,South,Website,UPI,1,1292.08,0.1,1162.87,290.04
ORD103455,2025-04-15,CUST1252,Home & Kitchen,Air Fryer,Central,Website,Net Banking,4,4677.56,0.1,16839.22,3302.64
ORD103456,2025-03-04,CUST1118,Electronics,Wireless Headphones,Central,Marketplace,UPI,1,2269.13,0.2,1815.3,316.77
ORD103457,2025-12-15,CUST1025,Beauty,Perfume,North,Marketplace,Cash on Delivery,2,1295.11,0.1,2331.2,744.07
ORD103458,2025-10-26,CUST2051,Fashion,Running Shoes,West,Mobile App,UPI,1,2328.03,0.15,1978.83,580.39
ORD103459,2025-03-29,CUST1656,Home & Kitchen,Electric Kettle,Central,Website,UPI,2,1697.34,0.2,2715.74,405.99
ORD103460,2025-04-22,CUST1597,Books,Python Programming,East,Mobile App,Credit Card,4,613.7,0.2,1963.84,450.61
ORD103461,2025-10-24,CUST2028,Electronics,USB-C Hub,South,Website,Debit Card,3,1277.86,0.25,2875.18,383.55
ORD103462,2025-05-08,CUST1076,Home & Kitchen,Air Fryer,Central,Mobile App,Net Banking,1,5187.49,0.1,4668.74,962.42
ORD103463,2025-09-01,CUST1768,Home & Kitchen,Electric Kettle,South,Marketplace,Credit Card,1,1489.17,0.1,1340.25,262.96
ORD103464,2025-06-30,CUST1210,Beauty,Perfume,East,Mobile App,Cash on Delivery,1,1418.86,0.25,1064.14,338.83
ORD103465,2025-12-26,CUST1996,Fashion,Running Shoes,Central,Website,Credit Card,1,2522.77,0.05,2396.63,739.63
ORD103466,2025-05-12,CUST1425,Electronics,USB-C Hub,East,Website,Credit Card,1,1279.09,0.15,1087.23,187.06
ORD103467,2025-05-26,CUST1719,Electronics,Bluetooth Speaker,East,Website,Cash on Delivery,1,1844.12,0.0,1844.12,382.16
ORD103468,2025-07-04,CUST1674,Electronics,Power Bank,North,Website,UPI,1,913.74,0.0,913.74,118.96
ORD103469,2025-12-07,CUST1954,Home & Kitchen,Electric Kettle,East,Website,Debit Card,1,1610.34,0.25,1207.75,297.58
ORD103470,2025-03-21,CUST2170,Home & Kitchen,Air Fryer,Central,Website,Credit Card,4,5308.23,0.05,20171.27,3013.35
ORD103471,2025-01-02,CUST1103,Fashion,Casual Shirt,Central,Marketplace,UPI,1,1115.6,0.25,836.7,223.23
ORD103472,2025-12-12,CUST1686,Electronics,Smart Watch,West,Marketplace,UPI,4,3523.57,0.05,13389.57,2653.08
ORD103473,2025-06-15,CUST1865,Electronics,Bluetooth Speaker,North,Website,Credit Card,1,1775.18,0.1,1597.66,224.92
ORD103474,2025-03-24,CUST2051,Fashion,Running Shoes,Central,Marketplace,Net Banking,5,2137.08,0.15,9082.59,2588.17
ORD103475,2025-04-01,CUST2125,Books,Machine Learning Basics,South,Mobile App,UPI,1,899.45,0.15,764.53,186.41
ORD103476,2025-02-05,CUST1870,Fashion,Casual Shirt,West,Marketplace,Credit Card,1,1204.78,0.15,1024.06,262.14
ORD103477,2025-03-08,CUST1028,Electronics,Power Bank,East,Website,UPI,3,1067.21,0.05,3041.55,409.25
ORD103478,2025-04-18,CUST2070,Home & Kitchen,Non-Stick Pan,South,Marketplace,Credit Card,2,1417.11,0.05,2692.51,528.99
ORD103479,2025-08-13,CUST1656,Beauty,Perfume,West,Website,Credit Card,1,1261.5,0.0,1261.5,393.64
ORD103480,2025-03-25,CUST2048,Fashion,Running Shoes,East,Mobile App,Net Banking,1,2380.79,0.0,2380.79,726.53
ORD103481,2025-08-03,CUST1877,Fashion,Backpack,Central,Website,UPI,4,1282.86,0.15,4361.72,1144.86
ORD103482,2025-02-14,CUST1623,Fashion,Backpack,South,Marketplace,Debit Card,2,1356.35,0.25,2034.52,498.22
ORD103483,2025-01-06,CUST1308,Home & Kitchen,Mixer Grinder,North,Mobile App,UPI,1,3791.17,0.15,3222.49,710.65
ORD103484,2025-06-18,CUST1548,Fashion,Running Shoes,Central,Mobile App,UPI,4,2449.45,0.25,7348.35,2086.57
ORD103485,2025-03-09,CUST1079,Electronics,Smart Watch,West,Website,UPI,4,3425.32,0.05,13016.22,2260.8
ORD103486,2025-06-28,CUST1003,Books,Python Programming,West,Mobile App,UPI,1,559.32,0.1,503.39,133.45
ORD103487,2025-04-07,CUST1867,Home & Kitchen,Electric Kettle,West,Mobile App,Debit Card,2,1463.34,0.05,2780.35,660.46
ORD103488,2025-08-04,CUST1101,Fashion,Cotton T-Shirt,West,Website,UPI,2,746.13,0.0,1492.26,412.69
ORD103489,2025-09-07,CUST1914,Electronics,Wireless Headphones,North,Website,Credit Card,2,2316.6,0.0,4633.2,634.44
ORD103490,2025-07-03,CUST1481,Books,Machine Learning Basics,Central,Website,UPI,1,951.94,0.2,761.55,213.13
ORD103491,2025-03-25,CUST1406,Electronics,USB-C Hub,Central,Mobile App,Net Banking,1,1271.77,0.05,1208.18,193.66
ORD103492,2025-05-19,CUST1423,Home & Kitchen,Air Fryer,Central,Website,UPI,2,4621.15,0.0,9242.3,1746.88
ORD103493,2025-12-18,CUST1505,Fashion,Casual Shirt,Central,Website,Cash on Delivery,2,1194.74,0.1,2150.53,569.54
ORD103494,2025-12-11,CUST1037,Beauty,Perfume,South,Website,Cash on Delivery,1,1184.58,0.15,1006.89,336.51
ORD103495,2025-06-21,CUST1969,Books,Machine Learning Basics,South,Marketplace,UPI,2,942.03,0.0,1884.06,513.05
ORD103496,2025-04-10,CUST1733,Electronics,Power Bank,East,Marketplace,Credit Card,1,900.27,0.05,855.26,109.8
ORD103497,2025-06-28,CUST2031,Beauty,Perfume,East,Website,Cash on Delivery,1,1360.49,0.05,1292.47,461.37
ORD103498,2025-10-26,CUST1957,Fashion,Denim Jeans,South,Website,UPI,3,1519.79,0.0,4559.37,1312.24
ORD103499,2025-10-03,CUST1373,Home & Kitchen,Mixer Grinder,North,Website,Cash on Delivery,2,3152.94,0.0,6305.88,1241.03
ORD103500,2025-07-27,CUST1625,Electronics,Wireless Headphones,East,Website,Net Banking,2,2621.48,0.15,4456.52,802.44
ORD103501,2025-10-31,CUST1695,Fashion,Denim Jeans,North,Marketplace,UPI,2,1603.33,0.1,2885.99,793.02
ORD103502,2025-07-09,CUST1270,Books,Python Programming,South,Mobile App,Net Banking,1,615.92,0.15,523.53,123.19
ORD103503,2025-09-01,CUST1683,Fashion,Casual Shirt,Central,Website,UPI,2,1193.18,0.1,2147.72,589.08
ORD103504,2025-02-12,CUST1898,Electronics,Bluetooth Speaker,East,Website,Credit Card,1,1922.78,0.1,1730.5,261.41
ORD103505,2025-12-20,CUST1223,Books,Fiction Novel,West,Website,UPI,4,384.69,0.1,1384.88,397.47
ORD103506,2025-08-01,CUST1265,Home & Kitchen,Mixer Grinder,West,Website,UPI,2,3775.73,0.1,6796.31,1323.72
ORD103507,2025-11-12,CUST1811,Fashion,Cotton T-Shirt,South,Mobile App,Cash on Delivery,1,699.01,0.25,524.26,145.85
ORD103508,2025-01-08,CUST1593,Electronics,Wireless Headphones,Central,Mobile App,Credit Card,1,2465.03,0.15,2095.28,232.89
ORD103509,2025-01-08,CUST1318,Books,Data Analytics Guide,West,Website,UPI,1,818.57,0.05,777.64,206.95
ORD103510,2025-06-16,CUST1581,Home & Kitchen,Mixer Grinder,West,Mobile App,UPI,2,3499.74,0.15,5949.56,983.62
ORD103511,2025-01-27,CUST1525,Fashion,Backpack,South,Website,Cash on Delivery,2,1315.84,0.1,2368.51,615.44
ORD103512,2025-07-01,CUST1840,Books,Fiction Novel,Central,Mobile App,Debit Card,2,379.5,0.0,759.0,205.88
ORD103513,2025-09-01,CUST2145,Books,Data Analytics Guide,South,Mobile App,UPI,4,783.91,0.1,2822.08,765.95
ORD103514,2025-09-04,CUST1834,Fashion,Cotton T-Shirt,East,Website,Debit Card,1,762.16,0.05,724.05,187.17
ORD103515,2025-11-06,CUST1944,Fashion,Casual Shirt,West,Marketplace,UPI,1,1314.09,0.0,1314.09,307.44
ORD103516,2025-11-19,CUST1588,Fashion,Denim Jeans,South,Website,Debit Card,3,1411.51,0.1,3811.08,1016.09
ORD103517,2025-03-05,CUST2060,Fashion,Running Shoes,West,Website,UPI,2,2388.73,0.1,4299.71,1200.57
ORD103518,2025-08-07,CUST1366,Fashion,Running Shoes,East,Website,UPI,2,2189.42,0.05,4159.9,1235.67
ORD103519,2025-03-10,CUST1742,Home & Kitchen,Electric Kettle,West,Website,Cash on Delivery,2,1533.91,0.15,2607.65,405.42
ORD103520,2025-12-03,CUST1101,Home & Kitchen,Storage Container Set,South,Website,UPI,3,955.86,0.25,2150.68,530.2
ORD103521,2025-04-07,CUST2119,Electronics,USB-C Hub,West,Website,UPI,1,1299.42,0.0,1299.42,238.56
ORD103522,2025-09-21,CUST1775,Electronics,USB-C Hub,West,Mobile App,Credit Card,1,1262.97,0.15,1073.52,170.02
ORD103523,2025-07-05,CUST1594,Books,Machine Learning Basics,North,Website,UPI,2,893.34,0.15,1518.68,386.49
ORD103524,2025-01-25,CUST1233,Fashion,Casual Shirt,West,Mobile App,UPI,1,1112.1,0.1,1000.89,356.84
ORD103525,2025-08-23,CUST1278,Home & Kitchen,Mixer Grinder,East,Website,Credit Card,1,3234.57,0.0,3234.57,622.75
ORD103526,2025-05-19,CUST1826,Electronics,Power Bank,South,Website,UPI,2,918.14,0.0,1836.28,273.66
ORD103527,2025-04-18,CUST1499,Beauty,Moisturizer,Central,Mobile App,UPI,2,643.26,0.25,964.89,275.06
ORD103528,2025-05-06,CUST1130,Home & Kitchen,Electric Kettle,North,Marketplace,UPI,2,1723.52,0.1,3102.34,720.23
ORD103529,2025-05-13,CUST1264,Fashion,Denim Jeans,East,Website,Debit Card,3,1428.95,0.0,4286.85,1176.54
ORD103530,2025-02-16,CUST1803,Electronics,USB-C Hub,East,Website,Cash on Delivery,2,1375.02,0.0,2750.04,498.18
ORD103531,2025-06-15,CUST1994,Home & Kitchen,Mixer Grinder,West,Website,Cash on Delivery,1,3341.26,0.0,3341.26,753.09
ORD103532,2025-09-21,CUST1834,Electronics,USB-C Hub,Central,Mobile App,Debit Card,1,1416.65,0.0,1416.65,261.92
ORD103533,2025-03-03,CUST1596,Beauty,Moisturizer,West,Website,Cash on Delivery,3,638.6,0.05,1820.01,546.36
ORD103534,2025-08-26,CUST1796,Electronics,Wireless Headphones,East,Website,Net Banking,3,2524.73,0.05,7195.48,1224.25
ORD103535,2025-10-31,CUST1411,Fashion,Cotton T-Shirt,Central,Website,Credit Card,4,637.92,0.05,2424.1,776.0
ORD103536,2025-09-24,CUST1279,Fashion,Denim Jeans,West,Mobile App,Cash on Delivery,2,1449.92,0.0,2899.84,748.65
ORD103537,2025-08-24,CUST2109,Home & Kitchen,Storage Container Set,West,Mobile App,UPI,1,854.06,0.0,854.06,162.95
ORD103538,2025-12-04,CUST1926,Fashion,Running Shoes,Central,Website,Net Banking,1,2125.2,0.1,1912.68,541.34
ORD103539,2025-10-13,CUST2078,Books,Fiction Novel,Central,Website,Credit Card,4,407.38,0.2,1303.62,344.87
ORD103540,2025-07-11,CUST1414,Beauty,Perfume,South,Marketplace,Credit Card,4,1292.75,0.1,4653.9,1520.78
ORD103541,2025-04-01,CUST1179,Home & Kitchen,Electric Kettle,North,Marketplace,Credit Card,2,1632.92,0.1,2939.26,504.87
ORD103542,2025-12-02,CUST1804,Fashion,Denim Jeans,East,Mobile App,Debit Card,1,1383.01,0.1,1244.71,336.58
ORD103543,2025-07-11,CUST1491,Fashion,Backpack,East,Mobile App,UPI,1,1482.45,0.2,1185.96,388.62
ORD103544,2025-06-18,CUST1932,Beauty,Perfume,North,Website,Debit Card,1,1290.88,0.05,1226.34,336.4
ORD103545,2025-01-27,CUST1821,Beauty,Shampoo,North,Mobile App,UPI,1,482.24,0.2,385.79,121.79
ORD103546,2025-10-27,CUST1258,Fashion,Backpack,East,Website,Debit Card,2,1409.98,0.15,2396.97,604.92
ORD103547,2025-11-04,CUST1628,Home & Kitchen,Mixer Grinder,North,Mobile App,Credit Card,3,3546.67,0.0,10640.01,1608.36
ORD103548,2025-05-19,CUST1797,Home & Kitchen,Storage Container Set,West,Marketplace,Net Banking,1,863.01,0.0,863.01,176.88
ORD103549,2025-03-03,CUST1960,Electronics,Power Bank,Central,Website,UPI,2,909.34,0.2,1454.94,244.0
ORD103550,2025-01-12,CUST1997,Home & Kitchen,Air Fryer,East,Mobile App,Net Banking,1,5071.5,0.25,3803.62,616.15
ORD103551,2025-08-09,CUST1334,Fashion,Denim Jeans,South,Website,UPI,1,1425.06,0.15,1211.3,398.38
ORD103552,2025-08-04,CUST2188,Home & Kitchen,Electric Kettle,North,Mobile App,Debit Card,2,1654.41,0.1,2977.94,708.9
ORD103553,2025-04-16,CUST1648,Home & Kitchen,Electric Kettle,West,Website,Credit Card,1,1537.64,0.1,1383.88,387.26
ORD103554,2025-09-06,CUST1733,Fashion,Backpack,Central,Website,Cash on Delivery,4,1432.34,0.05,5442.89,1744.24
ORD103555,2025-12-06,CUST2162,Electronics,Bluetooth Speaker,Central,Mobile App,Cash on Delivery,2,1634.92,0.15,2779.36,454.97
ORD103556,2025-04-30,CUST2052,Home & Kitchen,Air Fryer,East,Website,Debit Card,2,5413.38,0.05,10285.42,1694.65
ORD103557,2025-11-18,CUST1314,Books,Machine Learning Basics,East,Mobile App,Net Banking,5,880.88,0.05,4184.18,945.49
ORD103558,2025-05-12,CUST1071,Books,Data Analytics Guide,Central,Mobile App,UPI,1,680.24,0.0,680.24,166.59
ORD103559,2025-09-29,CUST1563,Home & Kitchen,Storage Container Set,North,Website,Debit Card,1,976.16,0.15,829.74,160.93
ORD103560,2025-04-25,CUST1782,Electronics,Power Bank,West,Marketplace,UPI,1,1054.03,0.2,843.22,141.42
ORD103561,2025-01-24,CUST1012,Fashion,Casual Shirt,North,Marketplace,Credit Card,5,1103.9,0.15,4691.58,1436.77
ORD103562,2025-08-07,CUST1277,Beauty,Sunscreen,North,Website,Net Banking,1,719.87,0.2,575.9,210.79
ORD103563,2025-03-04,CUST1814,Books,Data Analytics Guide,Central,Website,UPI,2,682.4,0.0,1364.8,321.8
ORD103564,2025-01-26,CUST1360,Electronics,Smart Watch,North,Mobile App,UPI,2,3020.9,0.05,5739.71,802.78
ORD103565,2025-01-22,CUST1261,Home & Kitchen,Storage Container Set,West,Website,UPI,1,812.17,0.2,649.74,138.45
ORD103566,2025-02-25,CUST1779,Books,Fiction Novel,East,Mobile App,Cash on Delivery,2,400.36,0.05,760.68,185.41
ORD103567,2025-07-08,CUST1285,Fashion,Denim Jeans,North,Website,UPI,1,1421.99,0.0,1421.99,375.94
ORD103568,2025-07-26,CUST1597,Beauty,Perfume,Central,Mobile App,Credit Card,2,1317.39,0.1,2371.3,743.58
ORD103569,2025-10-07,CUST1855,Home & Kitchen,Non-Stick Pan,East,Mobile App,Credit Card,3,1243.93,0.15,3172.02,493.74
ORD103570,2025-07-04,CUST1928,Home & Kitchen,Electric Kettle,West,Website,Net Banking,3,1682.14,0.15,4289.46,794.48
ORD103571,2025-03-10,CUST1422,Home & Kitchen,Electric Kettle,North,Website,UPI,1,1664.58,0.15,1414.89,285.19
ORD103572,2025-01-27,CUST1072,Electronics,Power Bank,South,Website,Credit Card,2,1072.64,0.1,1930.75,274.72
ORD103573,2025-11-11,CUST2113,Home & Kitchen,Mixer Grinder,West,Website,UPI,1,3370.28,0.15,2864.74,492.37
ORD103574,2025-06-14,CUST1666,Fashion,Backpack,South,Marketplace,UPI,2,1487.73,0.1,2677.91,698.8
ORD103575,2025-01-29,CUST1064,Home & Kitchen,Air Fryer,North,Website,Debit Card,1,4893.05,0.15,4159.09,873.36
ORD103576,2025-03-27,CUST1177,Electronics,Smart Watch,East,Mobile App,Net Banking,4,3005.19,0.15,10217.65,1476.11
ORD103577,2025-05-16,CUST1040,Electronics,USB-C Hub,South,Marketplace,Net Banking,1,1413.12,0.05,1342.46,219.72
ORD103578,2025-12-12,CUST1132,Home & Kitchen,Non-Stick Pan,East,Website,Cash on Delivery,3,1371.52,0.0,4114.56,729.11
ORD103579,2025-10-26,CUST1555,Beauty,Moisturizer,South,Marketplace,Credit Card,1,546.9,0.05,519.55,164.03
ORD103580,2025-10-09,CUST1825,Books,Machine Learning Basics,West,Website,UPI,1,909.34,0.0,909.34,233.84
ORD103581,2025-10-08,CUST1319,Electronics,USB-C Hub,North,Mobile App,Cash on Delivery,1,1234.5,0.1,1111.05,173.96
ORD103582,2025-07-24,CUST1086,Fashion,Cotton T-Shirt,North,Marketplace,UPI,4,632.71,0.1,2277.76,628.2
ORD103583,2025-06-19,CUST2164,Home & Kitchen,Air Fryer,North,Mobile App,UPI,4,5389.71,0.1,19402.96,4099.7
ORD103584,2025-02-25,CUST1010,Fashion,Running Shoes,Central,Website,Cash on Delivery,1,2441.86,0.15,2075.58,523.23
ORD103585,2025-12-07,CUST1593,Fashion,Casual Shirt,North,Mobile App,UPI,2,1248.5,0.2,1997.6,487.16
ORD103586,2025-08-22,CUST1855,Electronics,USB-C Hub,North,Mobile App,Credit Card,3,1374.54,0.05,3917.44,727.56
ORD103587,2025-04-28,CUST1318,Electronics,Wireless Headphones,South,Website,Net Banking,1,2616.86,0.1,2355.17,257.33
ORD103588,2025-09-24,CUST1028,Electronics,Wireless Headphones,South,Mobile App,UPI,4,2548.84,0.15,8666.06,1583.87
ORD103589,2025-05-27,CUST1216,Fashion,Casual Shirt,East,Website,Net Banking,3,1281.94,0.1,3461.24,800.2
ORD103590,2025-12-01,CUST2002,Electronics,Bluetooth Speaker,South,Marketplace,Credit Card,1,1667.82,0.15,1417.65,218.37
ORD103591,2025-09-04,CUST1769,Beauty,Face Wash,North,Website,Debit Card,1,413.88,0.0,413.88,136.0
ORD103592,2025-09-22,CUST2160,Fashion,Casual Shirt,South,Mobile App,Debit Card,1,1174.91,0.15,998.67,326.53
ORD103593,2025-07-31,CUST1553,Electronics,Bluetooth Speaker,West,Mobile App,UPI,3,1628.56,0.0,4885.68,840.11
ORD103594,2025-07-12,CUST1898,Electronics,USB-C Hub,West,Website,Cash on Delivery,2,1417.69,0.15,2410.07,343.86
ORD103595,2025-08-29,CUST1349,Books,Fiction Novel,East,Website,UPI,2,377.63,0.15,641.97,146.78
ORD103596,2025-06-29,CUST1525,Electronics,Bluetooth Speaker,West,Website,UPI,1,1733.57,0.15,1473.53,175.18
ORD103597,2025-04-07,CUST1165,Fashion,Casual Shirt,South,Website,Net Banking,1,1305.32,0.1,1174.79,292.88
ORD103598,2025-04-08,CUST1814,Books,Machine Learning Basics,Central,Marketplace,Credit Card,3,867.68,0.1,2342.74,581.83
ORD103599,2025-06-13,CUST1602,Books,Fiction Novel,West,Website,Debit Card,3,386.68,0.05,1102.04,217.4
ORD103600,2025-09-10,CUST1494,Books,Business Management,South,Website,UPI,1,529.7,0.05,503.22,135.45
ORD103601,2025-12-19,CUST1682,Home & Kitchen,Mixer Grinder,East,Mobile App,Debit Card,2,3271.28,0.15,5561.18,995.77
ORD103602,2025-01-06,CUST1800,Fashion,Casual Shirt,East,Mobile App,Cash on Delivery,1,1237.53,0.15,1051.9,268.57
ORD103603,2025-08-07,CUST1003,Fashion,Denim Jeans,Central,Website,Debit Card,1,1492.98,0.25,1119.74,291.06
ORD103604,2025-01-13,CUST1406,Electronics,Bluetooth Speaker,East,Marketplace,UPI,2,1742.35,0.0,3484.7,384.32
ORD103605,2025-06-11,CUST1564,Books,Fiction Novel,Central,Marketplace,UPI,1,382.97,0.0,382.97,97.47
ORD103606,2025-06-05,CUST1692,Books,Fiction Novel,South,Website,UPI,2,363.2,0.1,653.76,201.48
ORD103607,2025-06-26,CUST1702,Beauty,Shampoo,Central,Mobile App,UPI,1,509.33,0.15,432.93,147.1
ORD103608,2025-10-18,CUST1451,Electronics,Wireless Headphones,Central,Mobile App,UPI,1,2388.5,0.25,1791.38,215.96
ORD103609,2025-02-28,CUST1903,Beauty,Perfume,West,Mobile App,UPI,1,1276.35,0.05,1212.53,383.62
ORD103610,2025-03-21,CUST1653,Books,Machine Learning Basics,Central,Marketplace,Net Banking,2,855.89,0.0,1711.78,397.49
ORD103611,2025-01-29,CUST1160,Beauty,Shampoo,Central,Website,Debit Card,3,532.72,0.0,1598.16,482.65
ORD103612,2025-02-25,CUST1273,Electronics,Bluetooth Speaker,Central,Website,Cash on Delivery,1,1953.8,0.2,1563.04,180.73
ORD103613,2025-06-10,CUST1490,Books,Machine Learning Basics,West,Marketplace,Credit Card,1,821.84,0.1,739.66,171.56
ORD103614,2025-02-13,CUST2057,Books,Business Management,West,Marketplace,Cash on Delivery,1,537.4,0.1,483.66,134.27
ORD103615,2025-03-24,CUST1648,Electronics,USB-C Hub,East,Marketplace,Credit Card,1,1315.45,0.15,1118.13,227.11
ORD103616,2025-07-12,CUST1726,Books,Fiction Novel,West,Marketplace,Net Banking,1,403.44,0.05,383.27,103.42
ORD103617,2025-11-02,CUST1126,Fashion,Cotton T-Shirt,East,Website,Cash on Delivery,2,667.47,0.05,1268.19,363.08
ORD103618,2025-01-26,CUST1001,Fashion,Cotton T-Shirt,East,Mobile App,Debit Card,1,640.69,0.0,640.69,167.36
ORD103619,2025-10-21,CUST2168,Fashion,Running Shoes,North,Mobile App,Cash on Delivery,1,2514.94,0.15,2137.7,675.66
ORD103620,2025-07-23,CUST1184,Electronics,Bluetooth Speaker,West,Mobile App,Credit Card,2,1888.29,0.0,3776.58,694.51
ORD103621,2025-10-02,CUST1562,Books,Data Analytics Guide,Central,Website,UPI,1,745.3,0.05,708.04,184.55
ORD103622,2025-10-25,CUST1299,Beauty,Moisturizer,South,Mobile App,Credit Card,3,565.65,0.15,1442.41,492.02
ORD103623,2025-02-03,CUST1369,Home & Kitchen,Electric Kettle,North,Mobile App,UPI,3,1518.53,0.0,4555.59,702.03
ORD103624,2025-09-11,CUST2169,Beauty,Perfume,Central,Mobile App,Debit Card,1,1283.05,0.1,1154.74,388.26
ORD103625,2025-12-24,CUST1661,Home & Kitchen,Electric Kettle,West,Marketplace,Credit Card,1,1724.22,0.15,1465.59,289.11
ORD103626,2025-07-02,CUST1247,Fashion,Running Shoes,South,Website,UPI,3,2490.35,0.0,7471.05,1851.18
ORD103627,2025-05-07,CUST1490,Home & Kitchen,Non-Stick Pan,South,Mobile App,UPI,1,1373.69,0.1,1236.32,211.57
ORD103628,2025-01-28,CUST2175,Electronics,USB-C Hub,South,Mobile App,Net Banking,1,1283.6,0.1,1155.24,171.37
ORD103629,2025-08-29,CUST1667,Fashion,Denim Jeans,West,Website,Credit Card,1,1598.05,0.1,1438.24,342.3
ORD103630,2025-03-17,CUST1593,Beauty,Sunscreen,West,Website,UPI,1,727.53,0.1,654.78,195.87
ORD103631,2025-06-04,CUST1794,Home & Kitchen,Non-Stick Pan,Central,Website,Cash on Delivery,2,1326.37,0.15,2254.83,451.85
ORD103632,2025-04-24,CUST1772,Home & Kitchen,Air Fryer,Central,Marketplace,Debit Card,1,4796.7,0.1,4317.03,683.16
ORD103633,2025-06-19,CUST1878,Beauty,Sunscreen,South,Website,Credit Card,1,649.95,0.05,617.45,191.22
ORD103634,2025-09-10,CUST1724,Fashion,Backpack,West,Mobile App,Debit Card,1,1457.07,0.15,1238.51,346.32
ORD103635,2025-04-23,CUST1507,Fashion,Backpack,East,Mobile App,UPI,1,1350.46,0.2,1080.37,287.2
ORD103636,2025-12-05,CUST2104,Books,Fiction Novel,South,Mobile App,Credit Card,3,394.61,0.15,1006.26,226.91
ORD103637,2025-10-27,CUST1345,Books,Business Management,South,Website,UPI,3,484.16,0.1,1307.23,324.76
ORD103638,2025-10-12,CUST1013,Electronics,Bluetooth Speaker,North,Website,UPI,2,1633.62,0.15,2777.15,349.21
ORD103639,2025-10-12,CUST1874,Electronics,Power Bank,East,Mobile App,UPI,1,1030.06,0.1,927.05,131.46
ORD103640,2025-12-04,CUST1743,Electronics,Power Bank,West,Marketplace,Debit Card,2,911.46,0.1,1640.63,253.26
ORD103641,2025-03-14,CUST1603,Fashion,Backpack,Central,Website,Cash on Delivery,4,1433.27,0.0,5733.08,1627.89
ORD103642,2025-12-21,CUST1410,Fashion,Cotton T-Shirt,Central,Website,UPI,2,633.97,0.1,1141.15,301.94
ORD103643,2025-01-17,CUST1219,Home & Kitchen,Air Fryer,West,Mobile App,UPI,2,4982.56,0.1,8968.61,1285.44
ORD103644,2025-10-30,CUST1051,Home & Kitchen,Non-Stick Pan,North,Website,Cash on Delivery,4,1399.93,0.05,5319.73,1190.31
ORD103645,2025-10-31,CUST1654,Books,Python Programming,North,Marketplace,UPI,1,559.49,0.15,475.57,107.08
ORD103646,2025-10-02,CUST1976,Home & Kitchen,Storage Container Set,South,Mobile App,UPI,1,961.48,0.05,913.41,166.21
ORD103647,2025-04-03,CUST1489,Electronics,Power Bank,South,Marketplace,Cash on Delivery,2,908.03,0.0,1816.06,355.49
ORD103648,2025-07-02,CUST1475,Home & Kitchen,Mixer Grinder,Central,Website,UPI,1,3520.35,0.2,2816.28,558.38
ORD103649,2025-12-05,CUST1129,Beauty,Sunscreen,East,Website,UPI,2,700.41,0.15,1190.7,433.37
ORD103650,2025-04-12,CUST1774,Books,Fiction Novel,South,Mobile App,Debit Card,4,379.68,0.1,1366.85,366.75
ORD103651,2025-12-11,CUST1372,Home & Kitchen,Non-Stick Pan,Central,Website,UPI,1,1342.59,0.1,1208.33,235.06
ORD103652,2025-12-30,CUST1964,Books,Fiction Novel,West,Website,Debit Card,2,397.07,0.05,754.43,223.03
ORD103653,2025-08-08,CUST1757,Beauty,Moisturizer,South,Mobile App,Debit Card,2,639.26,0.1,1150.67,362.9
ORD103654,2025-12-27,CUST1132,Home & Kitchen,Non-Stick Pan,North,Marketplace,Cash on Delivery,2,1369.72,0.0,2739.44,614.08
ORD103655,2025-06-15,CUST1722,Books,Python Programming,Central,Marketplace,Credit Card,1,552.48,0.2,441.98,105.53
ORD103656,2025-05-18,CUST1997,Fashion,Casual Shirt,West,Website,UPI,1,1238.76,0.05,1176.82,371.49
ORD103657,2025-08-05,CUST2176,Electronics,Smart Watch,South,Mobile App,UPI,1,3596.29,0.1,3236.66,525.87
ORD103658,2025-08-24,CUST1983,Fashion,Cotton T-Shirt,North,Website,UPI,2,726.33,0.05,1380.03,358.72
ORD103659,2025-12-27,CUST1594,Electronics,Smart Watch,West,Website,Credit Card,2,3297.35,0.0,6594.7,1029.1
ORD103660,2025-12-28,CUST1679,Beauty,Sunscreen,West,Mobile App,UPI,2,765.75,0.15,1301.77,404.37
ORD103661,2025-05-12,CUST1659,Beauty,Sunscreen,Central,Mobile App,Debit Card,2,742.6,0.05,1410.94,442.08
ORD103662,2025-10-13,CUST1609,Books,Python Programming,South,Mobile App,UPI,1,633.21,0.1,569.89,133.02
ORD103663,2025-09-30,CUST1856,Electronics,Smart Watch,North,Mobile App,UPI,2,3237.63,0.1,5827.73,752.04
ORD103664,2025-05-31,CUST1548,Fashion,Denim Jeans,North,Mobile App,UPI,3,1450.5,0.15,3698.78,962.88
ORD103665,2025-02-20,CUST1536,Beauty,Face Wash,West,Mobile App,UPI,2,378.57,0.1,681.43,205.43
ORD103666,2025-06-04,CUST1782,Books,Machine Learning Basics,South,Website,Debit Card,3,852.42,0.1,2301.53,498.31
ORD103667,2025-01-20,CUST2183,Fashion,Backpack,West,Mobile App,Debit Card,3,1506.9,0.1,4068.63,1135.07
ORD103668,2025-01-24,CUST1702,Beauty,Perfume,West,Mobile App,Debit Card,2,1403.93,0.1,2527.07,760.88
ORD103669,2025-03-15,CUST1262,Books,Fiction Novel,West,Website,Credit Card,1,407.88,0.05,387.49,101.67
ORD103670,2025-01-18,CUST1744,Home & Kitchen,Air Fryer,South,Mobile App,Credit Card,1,4836.49,0.05,4594.67,832.11
ORD103671,2025-01-13,CUST1289,Fashion,Denim Jeans,East,Mobile App,UPI,4,1352.28,0.25,4056.84,1370.23
ORD103672,2025-08-09,CUST1401,Electronics,Wireless Headphones,East,Mobile App,Net Banking,1,2673.4,0.1,2406.06,362.54
ORD103673,2025-02-01,CUST2097,Electronics,Power Bank,South,Marketplace,UPI,1,1066.65,0.0,1066.65,207.86
ORD103674,2025-12-26,CUST1669,Electronics,Power Bank,Central,Marketplace,Debit Card,1,1014.82,0.1,913.34,123.43
ORD103675,2025-07-25,CUST1291,Beauty,Face Wash,Central,Mobile App,Credit Card,1,375.95,0.0,375.95,124.5
ORD103676,2025-03-19,CUST1051,Books,Data Analytics Guide,West,Mobile App,UPI,1,808.26,0.2,646.61,180.0
ORD103677,2025-11-30,CUST1329,Home & Kitchen,Storage Container Set,East,Website,UPI,4,984.25,0.0,3937.0,903.52
ORD103678,2025-12-05,CUST1392,Books,Machine Learning Basics,Central,Website,Cash on Delivery,1,902.56,0.0,902.56,209.14
ORD103679,2025-12-21,CUST1625,Books,Business Management,South,Marketplace,UPI,3,468.91,0.1,1266.06,290.54
ORD103680,2025-02-20,CUST2067,Home & Kitchen,Electric Kettle,South,Website,Credit Card,1,1584.76,0.1,1426.28,293.75
ORD103681,2025-11-15,CUST1880,Beauty,Face Wash,West,Marketplace,Debit Card,1,369.43,0.2,295.54,93.69
ORD103682,2025-10-12,CUST1226,Fashion,Cotton T-Shirt,East,Marketplace,Cash on Delivery,2,695.29,0.0,1390.58,365.52
ORD103683,2025-10-31,CUST1749,Books,Data Analytics Guide,East,Marketplace,Credit Card,2,804.06,0.15,1366.9,342.43
ORD103684,2025-11-21,CUST1940,Home & Kitchen,Air Fryer,West,Marketplace,Credit Card,5,5114.59,0.1,23015.66,5890.45
ORD103685,2025-10-28,CUST1640,Fashion,Backpack,North,Mobile App,UPI,1,1486.77,0.05,1412.43,347.89
ORD103686,2025-08-31,CUST1985,Electronics,Power Bank,North,Website,Credit Card,1,1084.67,0.05,1030.44,155.7
ORD103687,2025-09-23,CUST1744,Electronics,Bluetooth Speaker,East,Mobile App,Credit Card,1,1693.0,0.15,1439.05,198.74
ORD103688,2025-05-05,CUST1344,Electronics,Wireless Headphones,North,Website,UPI,4,2469.48,0.0,9877.92,1598.41
ORD103689,2025-08-29,CUST1861,Electronics,USB-C Hub,Central,Website,UPI,1,1397.25,0.1,1257.53,176.47
ORD103690,2025-05-08,CUST1112,Beauty,Face Wash,Central,Website,Debit Card,2,394.18,0.0,788.36,283.83
ORD103691,2025-07-15,CUST1333,Fashion,Denim Jeans,Central,Mobile App,Credit Card,4,1614.18,0.05,6133.88,1586.59
ORD103692,2025-05-04,CUST2044,Books,Business Management,East,Mobile App,UPI,1,508.53,0.1,457.68,110.52
ORD103693,2025-05-17,CUST2145,Home & Kitchen,Electric Kettle,East,Website,Credit Card,1,1656.69,0.05,1573.86,297.33
ORD103694,2025-05-13,CUST1533,Books,Data Analytics Guide,East,Website,UPI,2,726.46,0.1,1307.63,318.77
ORD103695,2025-07-04,CUST1011,Books,Data Analytics Guide,Central,Mobile App,Credit Card,2,819.59,0.1,1475.26,381.45
ORD103696,2025-12-04,CUST2180,Books,Machine Learning Basics,North,Marketplace,UPI,3,901.6,0.05,2569.56,651.9
ORD103697,2025-08-08,CUST1877,Home & Kitchen,Mixer Grinder,East,Marketplace,Debit Card,2,3571.71,0.0,7143.42,1183.94
ORD103698,2025-10-30,CUST1912,Books,Data Analytics Guide,East,Mobile App,Credit Card,1,712.51,0.1,641.26,131.26
ORD103699,2025-12-03,CUST1396,Books,Fiction Novel,North,Mobile App,Credit Card,2,413.11,0.0,826.22,200.64
ORD103700,2025-09-01,CUST1140,Beauty,Moisturizer,North,Marketplace,Net Banking,5,621.28,0.0,3106.4,1157.8
ORD103701,2025-05-10,CUST1968,Books,Business Management,South,Marketplace,UPI,3,506.72,0.0,1520.16,413.77
ORD103702,2025-12-02,CUST1490,Home & Kitchen,Non-Stick Pan,North,Mobile App,UPI,1,1384.52,0.1,1246.07,201.89
ORD103703,2025-10-27,CUST1825,Fashion,Running Shoes,Central,Mobile App,Cash on Delivery,4,2271.73,0.05,8632.57,2398.04
ORD103704,2025-12-10,CUST1604,Fashion,Casual Shirt,West,Website,Debit Card,1,1260.65,0.2,1008.52,265.18
ORD103705,2025-04-18,CUST1510,Electronics,Power Bank,East,Website,Debit Card,1,967.3,0.25,725.47,118.16
ORD103706,2025-01-24,CUST1825,Home & Kitchen,Electric Kettle,East,Website,Cash on Delivery,1,1738.1,0.15,1477.38,362.41
ORD103707,2025-12-01,CUST1460,Fashion,Casual Shirt,South,Website,Cash on Delivery,1,1191.13,0.15,1012.46,270.89
ORD103708,2025-08-22,CUST1180,Fashion,Running Shoes,East,Website,Cash on Delivery,1,2235.86,0.0,2235.86,550.74
ORD103709,2025-11-25,CUST1272,Fashion,Backpack,South,Website,Net Banking,4,1280.6,0.05,4866.28,1415.66
ORD103710,2025-06-06,CUST1604,Home & Kitchen,Electric Kettle,Central,Mobile App,Debit Card,4,1612.49,0.05,6127.46,1249.62
ORD103711,2025-09-19,CUST1842,Electronics,Wireless Headphones,South,Website,Cash on Delivery,1,2497.79,0.15,2123.12,258.2
ORD103712,2025-01-09,CUST1753,Home & Kitchen,Air Fryer,West,Marketplace,Credit Card,2,5454.54,0.0,10909.08,2241.76
ORD103713,2025-11-07,CUST1756,Fashion,Cotton T-Shirt,West,Website,UPI,2,704.17,0.15,1197.09,358.89
ORD103714,2025-04-29,CUST1693,Beauty,Face Wash,South,Website,Cash on Delivery,1,435.69,0.15,370.34,128.21
ORD103715,2025-08-07,CUST1652,Beauty,Shampoo,East,Mobile App,Debit Card,3,494.63,0.0,1483.89,506.22
ORD103716,2025-06-11,CUST1651,Fashion,Denim Jeans,Central,Mobile App,Cash on Delivery,5,1415.77,0.15,6017.02,1964.41
ORD103717,2025-02-27,CUST1376,Books,Fiction Novel,East,Website,Credit Card,5,379.2,0.15,1611.6,480.28
ORD103718,2025-09-07,CUST1433,Books,Machine Learning Basics,West,Website,UPI,1,936.46,0.05,889.64,223.65
ORD103719,2025-09-08,CUST1677,Fashion,Running Shoes,Central,Marketplace,Credit Card,1,2175.57,0.1,1958.01,623.29
ORD103720,2025-07-23,CUST1552,Electronics,Wireless Headphones,North,Marketplace,Credit Card,1,2473.86,0.15,2102.78,238.64
ORD103721,2025-06-23,CUST1217,Beauty,Shampoo,East,Website,UPI,1,479.47,0.15,407.55,131.66
ORD103722,2025-05-02,CUST1628,Electronics,Wireless Headphones,Central,Website,Credit Card,1,2494.77,0.0,2494.77,374.93
ORD103723,2025-03-02,CUST1568,Electronics,USB-C Hub,West,Mobile App,Credit Card,1,1267.57,0.1,1140.81,183.44
ORD103724,2025-08-28,CUST1190,Fashion,Denim Jeans,South,Mobile App,Debit Card,3,1601.26,0.15,4083.21,1187.3
ORD103725,2025-03-09,CUST1850,Electronics,Wireless Headphones,East,Mobile App,Credit Card,2,2669.35,0.1,4804.83,739.86
ORD103726,2025-05-03,CUST2057,Books,Fiction Novel,North,Mobile App,Credit Card,1,385.2,0.05,365.94,100.83
ORD103727,2025-12-03,CUST2137,Electronics,Power Bank,West,Website,UPI,1,1012.48,0.0,1012.48,184.38
ORD103728,2025-06-17,CUST1134,Fashion,Cotton T-Shirt,North,Marketplace,Net Banking,2,698.46,0.15,1187.38,328.19
ORD103729,2025-01-19,CUST1808,Home & Kitchen,Electric Kettle,Central,Website,UPI,4,1689.49,0.1,6082.16,1247.23
ORD103730,2025-05-01,CUST1998,Electronics,USB-C Hub,South,Website,Net Banking,2,1313.22,0.1,2363.8,426.65
ORD103731,2025-03-23,CUST1300,Fashion,Backpack,West,Mobile App,Credit Card,1,1437.35,0.15,1221.75,378.53
ORD103732,2025-11-03,CUST1319,Fashion,Denim Jeans,East,Marketplace,UPI,2,1427.78,0.0,2855.56,767.75
ORD103733,2025-04-09,CUST1446,Beauty,Sunscreen,South,Website,Net Banking,2,677.57,0.05,1287.38,355.46
ORD103734,2025-06-26,CUST2148,Electronics,Bluetooth Speaker,Central,Mobile App,Debit Card,2,1838.05,0.0,3676.1,637.4
ORD103735,2025-11-02,CUST2144,Electronics,Wireless Headphones,North,Mobile App,UPI,1,2717.59,0.1,2445.83,504.05
ORD103736,2025-01-27,CUST1260,Fashion,Cotton T-Shirt,West,Website,UPI,2,739.25,0.0,1478.5,346.44
ORD103737,2025-05-29,CUST1945,Books,Machine Learning Basics,South,Website,Credit Card,1,868.18,0.25,651.14,152.44
ORD103738,2025-10-20,CUST1446,Beauty,Shampoo,South,Mobile App,Credit Card,1,523.66,0.1,471.29,154.75
ORD103739,2025-01-21,CUST1605,Fashion,Running Shoes,North,Mobile App,Net Banking,1,2093.21,0.1,1883.89,463.2
ORD103740,2025-07-16,CUST1808,Home & Kitchen,Air Fryer,Central,Website,UPI,2,4504.67,0.15,7657.94,1606.51
ORD103741,2025-11-01,CUST1440,Home & Kitchen,Non-Stick Pan,North,Mobile App,Debit Card,1,1343.76,0.1,1209.38,258.65
ORD103742,2025-09-03,CUST1341,Home & Kitchen,Electric Kettle,South,Mobile App,Net Banking,1,1622.69,0.25,1217.02,279.19
ORD103743,2025-01-21,CUST1373,Fashion,Backpack,West,Mobile App,UPI,4,1359.61,0.2,4350.75,1059.17
ORD103744,2025-02-21,CUST1357,Beauty,Shampoo,South,Marketplace,UPI,1,536.58,0.15,456.09,163.61
ORD103745,2025-10-27,CUST1158,Home & Kitchen,Air Fryer,West,Marketplace,UPI,1,4886.72,0.1,4398.05,893.82
ORD103746,2025-03-21,CUST1766,Home & Kitchen,Non-Stick Pan,Central,Mobile App,Debit Card,1,1270.78,0.15,1080.16,231.62
ORD103747,2025-06-28,CUST1462,Home & Kitchen,Electric Kettle,Central,Mobile App,Credit Card,1,1557.91,0.25,1168.43,227.92
ORD103748,2025-07-09,CUST1389,Fashion,Casual Shirt,East,Marketplace,UPI,2,1304.53,0.1,2348.15,683.27
ORD103749,2025-02-22,CUST1621,Electronics,Power Bank,North,Website,UPI,2,1066.71,0.05,2026.75,325.93
ORD103750,2025-04-11,CUST1404,Electronics,Power Bank,West,Marketplace,UPI,3,1061.56,0.0,3184.68,484.92
ORD103751,2025-02-25,CUST1382,Electronics,Power Bank,South,Marketplace,Credit Card,1,1019.85,0.1,917.86,124.97
ORD103752,2025-04-30,CUST1950,Home & Kitchen,Air Fryer,East,Marketplace,Debit Card,1,5381.72,0.15,4574.46,834.52
ORD103753,2025-09-28,CUST2105,Home & Kitchen,Electric Kettle,Central,Marketplace,Debit Card,4,1582.39,0.2,5063.65,1039.99
ORD103754,2025-03-01,CUST1588,Electronics,Wireless Headphones,East,Mobile App,UPI,1,2584.87,0.0,2584.87,465.22
ORD103755,2025-06-16,CUST1072,Books,Python Programming,West,Mobile App,Credit Card,2,543.12,0.0,1086.24,295.47
ORD103756,2025-04-06,CUST1726,Electronics,Bluetooth Speaker,Central,Website,UPI,1,1726.96,0.05,1640.61,227.21
ORD103757,2025-11-28,CUST1685,Electronics,Bluetooth Speaker,North,Website,Debit Card,1,1921.21,0.05,1825.15,314.39
ORD103758,2025-06-22,CUST1040,Electronics,USB-C Hub,East,Mobile App,Cash on Delivery,4,1278.84,0.0,5115.36,844.36
ORD103759,2025-12-10,CUST1985,Electronics,Bluetooth Speaker,North,Website,UPI,2,1901.88,0.0,3803.76,433.46
ORD103760,2025-06-27,CUST1219,Home & Kitchen,Storage Container Set,West,Marketplace,Debit Card,1,946.81,0.0,946.81,218.01
ORD103761,2025-04-06,CUST1246,Electronics,Smart Watch,South,Mobile App,UPI,1,3371.78,0.0,3371.78,592.96
ORD103762,2025-09-18,CUST1717,Electronics,Wireless Headphones,North,Website,UPI,2,2495.89,0.2,3993.42,570.61
ORD103763,2025-10-15,CUST1947,Electronics,Wireless Headphones,Central,Marketplace,UPI,1,2550.93,0.05,2423.38,458.92
ORD103764,2025-11-23,CUST1619,Electronics,Power Bank,North,Website,UPI,1,925.76,0.0,925.76,140.4
ORD103765,2025-02-21,CUST1555,Beauty,Perfume,West,Website,Net Banking,1,1419.73,0.1,1277.76,371.77
ORD103766,2025-06-20,CUST1218,Home & Kitchen,Non-Stick Pan,East,Website,UPI,2,1211.43,0.1,2180.57,455.16
ORD103767,2025-04-20,CUST1617,Books,Python Programming,West,Mobile App,UPI,5,584.28,0.2,2337.12,581.71
ORD103768,2025-07-31,CUST1991,Home & Kitchen,Air Fryer,South,Website,Credit Card,1,5146.11,0.05,4888.8,1002.66
ORD103769,2025-06-24,CUST1428,Electronics,Smart Watch,North,Website,UPI,2,3055.63,0.1,5500.13,923.56
ORD103770,2025-03-06,CUST1174,Beauty,Sunscreen,West,Mobile App,UPI,3,662.57,0.1,1788.94,512.62
ORD103771,2025-11-20,CUST1725,Fashion,Cotton T-Shirt,North,Mobile App,Debit Card,1,734.13,0.0,734.13,203.79
ORD103772,2025-12-29,CUST1262,Fashion,Backpack,Central,Mobile App,UPI,2,1388.24,0.0,2776.48,823.05
ORD103773,2025-05-06,CUST1077,Books,Business Management,East,Mobile App,UPI,1,544.02,0.15,462.42,134.2
ORD103774,2025-09-09,CUST1744,Books,Machine Learning Basics,South,Marketplace,Cash on Delivery,4,838.25,0.1,3017.7,735.39
ORD103775,2025-06-19,CUST1221,Electronics,Power Bank,West,Mobile App,Debit Card,5,1090.2,0.1,4905.9,801.87
ORD103776,2025-10-05,CUST1646,Home & Kitchen,Mixer Grinder,Central,Marketplace,UPI,1,3690.83,0.0,3690.83,690.03
ORD103777,2025-04-01,CUST1100,Home & Kitchen,Air Fryer,East,Website,UPI,1,5242.34,0.1,4718.11,972.31
ORD103778,2025-01-25,CUST1291,Home & Kitchen,Electric Kettle,East,Website,Credit Card,1,1518.75,0.1,1366.88,296.26
ORD103779,2025-07-19,CUST1075,Fashion,Cotton T-Shirt,Central,Mobile App,Credit Card,2,763.38,0.15,1297.75,359.57
ORD103780,2025-05-27,CUST1316,Beauty,Face Wash,East,Mobile App,Debit Card,2,374.5,0.05,711.55,192.93
ORD103781,2025-03-21,CUST1518,Home & Kitchen,Electric Kettle,West,Website,Credit Card,4,1757.17,0.0,7028.68,1519.9
ORD103782,2025-08-16,CUST1919,Home & Kitchen,Non-Stick Pan,North,Website,UPI,2,1423.01,0.05,2703.72,525.0
ORD103783,2025-08-18,CUST1267,Fashion,Casual Shirt,South,Marketplace,UPI,1,1302.25,0.15,1106.91,333.56
ORD103784,2025-03-26,CUST1662,Fashion,Running Shoes,North,Marketplace,Credit Card,1,2438.67,0.1,2194.8,539.68
ORD103785,2025-08-09,CUST1520,Electronics,USB-C Hub,Central,Marketplace,Credit Card,2,1289.69,0.05,2450.41,293.49
ORD103786,2025-07-02,CUST1676,Books,Python Programming,Central,Mobile App,UPI,2,610.64,0.1,1099.15,285.07
ORD103787,2025-06-19,CUST2121,Home & Kitchen,Air Fryer,South,Mobile App,UPI,2,5325.41,0.15,9053.2,1612.25
ORD103788,2025-06-12,CUST1552,Electronics,Bluetooth Speaker,East,Website,Credit Card,1,1692.96,0.0,1692.96,242.71
ORD103789,2025-08-03,CUST1217,Electronics,Bluetooth Speaker,North,Website,UPI,2,1756.23,0.0,3512.46,549.53
ORD103790,2025-03-17,CUST1564,Books,Machine Learning Basics,South,Mobile App,Net Banking,2,952.49,0.1,1714.48,365.55
ORD103791,2025-10-12,CUST1932,Books,Data Analytics Guide,East,Website,Debit Card,1,755.39,0.15,642.08,195.72
ORD103792,2025-04-06,CUST1334,Electronics,Bluetooth Speaker,Central,Marketplace,Debit Card,2,1707.06,0.0,3414.12,572.14
ORD103793,2025-09-17,CUST1332,Beauty,Sunscreen,Central,Website,UPI,5,689.41,0.05,3274.7,1014.86
ORD103794,2025-07-16,CUST1581,Books,Python Programming,North,Website,UPI,1,558.02,0.25,418.52,95.41
ORD103795,2025-05-27,CUST1485,Fashion,Cotton T-Shirt,Central,Mobile App,Credit Card,3,644.49,0.15,1643.45,445.66
ORD103796,2025-05-12,CUST1395,Books,Data Analytics Guide,East,Marketplace,Credit Card,3,678.86,0.05,1934.75,545.52
ORD103798,2025-03-07,CUST1297,Home & Kitchen,Mixer Grinder,South,Mobile App,Net Banking,3,3768.89,0.1,10176.0,2063.99
ORD103799,2025-10-19,CUST1844,Electronics,USB-C Hub,South,Website,UPI,1,1178.21,0.2,942.57,126.67
ORD103800,2025-01-22,CUST2093,Beauty,Perfume,Central,Website,Credit Card,2,1236.94,0.1,2226.49,632.38
ORD103801,2025-06-17,CUST1796,Beauty,Face Wash,East,Website,Debit Card,3,393.0,0.15,1002.15,317.56
ORD103802,2025-02-09,CUST1907,Fashion,Running Shoes,North,Mobile App,UPI,2,2341.28,0.15,3980.18,1011.25
ORD103803,2025-05-04,CUST1167,Electronics,Bluetooth Speaker,South,Website,Debit Card,1,1735.84,0.05,1649.05,260.14
ORD103804,2025-06-17,CUST1264,Home & Kitchen,Electric Kettle,South,Website,UPI,5,1657.42,0.2,6629.68,1297.41
ORD103805,2025-08-17,CUST1317,Beauty,Moisturizer,South,Website,Debit Card,1,641.21,0.15,545.03,172.5
ORD103806,2025-02-07,CUST1413,Beauty,Shampoo,East,Website,UPI,1,538.79,0.2,431.03,144.85
ORD103807,2025-07-01,CUST1548,Books,Python Programming,North,Website,Cash on Delivery,2,631.04,0.1,1135.87,243.12
ORD103808,2025-08-14,CUST1517,Home & Kitchen,Electric Kettle,North,Website,Cash on Delivery,2,1535.7,0.15,2610.69,614.73
ORD103809,2025-03-28,CUST1466,Beauty,Shampoo,West,Website,Credit Card,1,494.83,0.15,420.61,158.9
ORD103810,2025-03-22,CUST1872,Beauty,Face Wash,Central,Website,Cash on Delivery,3,362.42,0.05,1032.9,304.84
ORD103811,2025-01-17,CUST1135,Electronics,Smart Watch,West,Mobile App,UPI,1,3585.55,0.05,3406.27,583.13
ORD103812,2025-04-30,CUST1614,Home & Kitchen,Storage Container Set,East,Marketplace,Credit Card,1,951.31,0.05,903.74,171.22
ORD103813,2025-08-24,CUST2044,Fashion,Casual Shirt,Central,Marketplace,Debit Card,1,1143.76,0.0,1143.76,228.66
ORD103814,2025-01-21,CUST1714,Home & Kitchen,Mixer Grinder,West,Marketplace,UPI,1,3294.17,0.2,2635.34,608.94
ORD103815,2025-01-21,CUST1319,Books,Data Analytics Guide,South,Marketplace,Debit Card,3,737.13,0.05,2100.82,553.44
ORD103816,2025-07-19,CUST1968,Home & Kitchen,Electric Kettle,South,Website,UPI,1,1689.07,0.1,1520.16,287.14
ORD103817,2025-09-15,CUST1353,Books,Business Management,East,Website,Credit Card,1,509.29,0.05,483.83,132.09
ORD103818,2025-08-05,CUST1228,Fashion,Cotton T-Shirt,Central,Website,UPI,2,676.81,0.15,1150.58,326.89
ORD103819,2025-02-03,CUST1568,Fashion,Denim Jeans,Central,Website,UPI,1,1605.48,0.0,1605.48,473.6
ORD103820,2025-06-23,CUST1625,Fashion,Denim Jeans,Central,Website,Debit Card,1,1595.48,0.05,1515.71,467.28
ORD103821,2025-07-26,CUST1283,Electronics,Bluetooth Speaker,North,Website,Credit Card,1,1760.33,0.1,1584.3,237.2
ORD103822,2025-08-08,CUST1941,Home & Kitchen,Mixer Grinder,South,Website,Debit Card,1,3705.37,0.15,3149.56,475.61
ORD103823,2025-10-19,CUST1895,Fashion,Casual Shirt,Central,Mobile App,Cash on Delivery,1,1176.39,0.0,1176.39,378.62
ORD103824,2025-02-12,CUST1531,Home & Kitchen,Non-Stick Pan,North,Marketplace,UPI,1,1295.28,0.0,1295.28,278.84
ORD103825,2025-03-04,CUST1412,Home & Kitchen,Mixer Grinder,South,Website,Credit Card,1,3636.48,0.1,3272.83,670.62
ORD103826,2025-04-29,CUST1478,Books,Business Management,West,Marketplace,Cash on Delivery,3,477.75,0.0,1433.25,402.47
ORD103827,2025-01-06,CUST1759,Beauty,Face Wash,West,Mobile App,Debit Card,3,412.07,0.15,1050.78,334.96
ORD103828,2025-11-06,CUST1113,Electronics,Wireless Headphones,South,Mobile App,Credit Card,2,2341.97,0.0,4683.94,924.0
ORD103829,2025-07-18,CUST1687,Books,Business Management,Central,Website,Debit Card,1,532.1,0.05,505.5,143.3
ORD103830,2025-11-22,CUST1699,Electronics,Wireless Headphones,North,Website,UPI,4,2388.83,0.05,9077.55,1361.2
ORD103831,2025-08-22,CUST1029,Electronics,Smart Watch,Central,Mobile App,Debit Card,3,3039.0,0.25,6837.75,1169.27
ORD103832,2025-08-02,CUST1026,Home & Kitchen,Mixer Grinder,South,Mobile App,Debit Card,1,3200.44,0.0,3200.44,576.84
ORD103833,2025-10-05,CUST1999,Fashion,Casual Shirt,South,Website,Cash on Delivery,2,1083.86,0.05,2059.33,589.47
ORD103834,2025-08-28,CUST1665,Beauty,Shampoo,North,Website,Debit Card,2,500.48,0.15,850.82,264.82
ORD103835,2025-03-12,CUST1214,Electronics,Power Bank,South,Mobile App,UPI,1,1080.96,0.1,972.86,185.04
ORD103836,2025-04-12,CUST1010,Home & Kitchen,Electric Kettle,North,Website,UPI,2,1518.61,0.1,2733.5,507.1
ORD103837,2025-10-06,CUST1395,Home & Kitchen,Air Fryer,West,Website,UPI,3,4987.38,0.15,12717.82,2888.33
ORD103838,2025-02-20,CUST1892,Home & Kitchen,Air Fryer,Central,Website,Credit Card,5,5045.37,0.1,22704.16,4484.15
ORD103839,2025-04-03,CUST1071,Books,Data Analytics Guide,East,Website,Cash on Delivery,1,786.68,0.0,786.68,173.75
ORD103840,2025-10-28,CUST1926,Books,Python Programming,Central,Website,UPI,1,644.05,0.0,644.05,161.69
ORD103841,2025-09-20,CUST1865,Home & Kitchen,Mixer Grinder,North,Mobile App,UPI,2,3771.48,0.1,6788.66,1501.66
ORD103842,2025-01-25,CUST1142,Home & Kitchen,Electric Kettle,West,Website,UPI,2,1571.83,0.1,2829.29,737.72
ORD103843,2025-11-22,CUST1582,Home & Kitchen,Mixer Grinder,South,Mobile App,Debit Card,1,3416.94,0.0,3416.94,624.04
ORD103844,2025-06-04,CUST1207,Fashion,Casual Shirt,Central,Marketplace,Credit Card,1,1296.67,0.1,1167.0,319.7
ORD103845,2025-10-30,CUST1338,Electronics,Power Bank,South,Website,Credit Card,1,933.95,0.05,887.25,124.92
ORD103846,2025-10-20,CUST1381,Home & Kitchen,Air Fryer,South,Website,Credit Card,4,4660.73,0.15,15846.48,3310.87
ORD103847,2025-01-30,CUST2027,Fashion,Running Shoes,North,Mobile App,Credit Card,1,2126.1,0.15,1807.18,518.56
ORD103848,2025-01-27,CUST1071,Fashion,Backpack,South,Mobile App,UPI,2,1490.9,0.05,2832.71,771.13
ORD103849,2025-11-19,CUST1513,Electronics,USB-C Hub,North,Website,Credit Card,1,1360.09,0.2,1088.07,214.0
ORD103850,2025-08-15,CUST1948,Home & Kitchen,Storage Container Set,West,Marketplace,Debit Card,4,967.54,0.1,3483.14,609.71
ORD103851,2025-09-04,CUST1035,Books,Python Programming,South,Website,Debit Card,1,654.73,0.05,621.99,177.41
ORD103852,2025-06-20,CUST1974,Electronics,Wireless Headphones,East,Mobile App,UPI,1,2610.99,0.05,2480.44,378.88
ORD103853,2025-12-14,CUST2122,Electronics,Bluetooth Speaker,South,Mobile App,UPI,1,1926.18,0.1,1733.56,343.25
ORD103854,2025-01-02,CUST1258,Home & Kitchen,Electric Kettle,East,Website,UPI,1,1751.89,0.05,1664.3,359.93
ORD103855,2025-02-19,CUST1907,Electronics,Smart Watch,North,Website,UPI,1,3601.29,0.15,3061.1,477.41
ORD103856,2025-09-25,CUST1215,Fashion,Denim Jeans,West,Website,Cash on Delivery,5,1438.55,0.15,6113.84,1590.68
ORD103857,2025-02-16,CUST1025,Electronics,Wireless Headphones,Central,Website,Credit Card,2,2273.37,0.15,3864.73,667.43
ORD103858,2025-08-08,CUST1906,Books,Fiction Novel,West,Website,Debit Card,2,429.98,0.2,687.97,173.94
ORD103859,2025-04-02,CUST1960,Books,Business Management,Central,Marketplace,Cash on Delivery,1,510.1,0.15,433.58,98.71
ORD103860,2025-10-11,CUST1036,Fashion,Denim Jeans,Central,Website,Cash on Delivery,1,1366.4,0.0,1366.4,401.19
ORD103861,2025-09-03,CUST1992,Electronics,USB-C Hub,East,Website,UPI,1,1282.83,0.05,1218.69,168.89
ORD103862,2025-09-10,CUST1258,Books,Machine Learning Basics,West,Mobile App,UPI,3,844.29,0.15,2152.94,480.84
ORD103863,2025-11-11,CUST1619,Electronics,Wireless Headphones,East,Mobile App,Credit Card,1,2410.31,0.1,2169.28,363.12
ORD103864,2025-12-19,CUST1153,Electronics,Power Bank,North,Website,Credit Card,3,1084.51,0.05,3090.85,464.92
ORD103865,2025-03-21,CUST1288,Home & Kitchen,Storage Container Set,South,Website,UPI,2,829.04,0.0,1658.08,329.62
ORD103866,2025-03-18,CUST1315,Fashion,Casual Shirt,East,Website,Cash on Delivery,1,1153.85,0.0,1153.85,313.81
ORD103867,2025-06-28,CUST1061,Books,Fiction Novel,Central,Marketplace,Credit Card,1,380.8,0.15,323.68,65.04
ORD103868,2025-09-11,CUST2173,Electronics,USB-C Hub,Unknown,Website,UPI,2,1329.03,0.05,2525.16,417.23
ORD103869,2025-02-05,CUST1920,Fashion,Casual Shirt,Central,Marketplace,Credit Card,2,1226.53,0.15,2085.1,551.42
ORD103870,2025-09-30,CUST1693,Electronics,Bluetooth Speaker,East,Marketplace,UPI,2,1652.0,0.15,2808.4,510.03
ORD103871,2025-07-04,CUST1307,Electronics,Bluetooth Speaker,South,Marketplace,Credit Card,1,1659.67,0.05,1576.69,235.49
ORD103872,2025-12-26,CUST1408,Fashion,Casual Shirt,North,Website,UPI,1,1079.34,0.0,1079.34,304.52
ORD103873,2025-11-01,CUST1229,Beauty,Moisturizer,East,Mobile App,Cash on Delivery,2,633.05,0.1,1139.49,323.51
ORD103874,2025-04-26,CUST2016,Books,Fiction Novel,Central,Website,Credit Card,5,411.89,0.2,1647.56,445.04
ORD103875,2025-03-14,CUST1518,Fashion,Backpack,North,Mobile App,Net Banking,1,1423.66,0.1,1281.29,382.76
ORD103876,2025-08-04,CUST2072,Beauty,Perfume,North,Mobile App,UPI,1,1249.24,0.05,1186.78,432.56
ORD103877,2025-05-22,CUST1758,Fashion,Cotton T-Shirt,South,Website,Cash on Delivery,1,741.1,0.2,592.88,171.91
ORD103878,2025-05-10,CUST1966,Beauty,Moisturizer,West,Mobile App,Credit Card,1,576.95,0.05,548.1,177.91
ORD103879,2025-08-31,CUST1294,Books,Fiction Novel,East,Mobile App,Cash on Delivery,3,374.31,0.05,1066.78,258.33
ORD103880,2025-02-01,CUST1397,Electronics,Bluetooth Speaker,North,Website,Debit Card,2,1620.36,0.1,2916.65,420.39
ORD103881,2025-12-02,CUST2052,Fashion,Denim Jeans,North,Website,Debit Card,2,1475.82,0.05,2804.06,787.07
ORD103882,2025-09-02,CUST1079,Electronics,Smart Watch,Central,Marketplace,Net Banking,1,3301.79,0.1,2971.61,579.1
ORD103883,2025-05-24,CUST1314,Home & Kitchen,Air Fryer,East,Website,Cash on Delivery,1,5056.35,0.0,5056.35,920.9
ORD103884,2025-06-20,CUST1275,Electronics,Smart Watch,West,Mobile App,Cash on Delivery,2,3191.4,0.25,4787.1,828.56
ORD103885,2025-09-10,CUST1232,Home & Kitchen,Electric Kettle,South,Website,UPI,1,1730.31,0.1,1557.28,295.37
ORD103886,2025-06-21,CUST1759,Fashion,Cotton T-Shirt,East,Website,UPI,1,652.32,0.1,587.09,188.39
ORD103887,2025-07-21,CUST1365,Books,Business Management,West,Website,UPI,1,506.27,0.1,455.64,114.25
ORD103888,2025-04-21,CUST1646,Books,Business Management,Central,Website,Credit Card,1,517.46,0.05,491.59,131.17
ORD103889,2025-11-18,CUST2081,Beauty,Sunscreen,West,Website,Debit Card,2,689.11,0.1,1240.4,420.01
ORD103890,2025-08-22,CUST2010,Beauty,Face Wash,Central,Website,Debit Card,4,399.73,0.1,1439.03,474.04
ORD103891,2025-02-09,CUST1102,Books,Python Programming,North,Mobile App,Cash on Delivery,3,545.93,0.05,1555.9,405.24
ORD103892,2025-12-06,CUST1505,Books,Machine Learning Basics,East,Marketplace,UPI,3,932.17,0.05,2656.68,645.24
ORD103893,2025-02-03,CUST1497,Electronics,Wireless Headphones,West,Mobile App,Net Banking,1,2640.88,0.1,2376.79,326.49
ORD103894,2025-01-01,CUST1287,Beauty,Perfume,Central,Mobile App,UPI,3,1401.72,0.05,3994.9,1068.03
ORD103895,2025-05-08,CUST1697,Home & Kitchen,Non-Stick Pan,West,Website,UPI,2,1268.35,0.2,2029.36,422.33
ORD103896,2025-09-26,CUST1045,Home & Kitchen,Air Fryer,North,Website,UPI,1,4769.01,0.0,4769.01,924.82
ORD103897,2025-05-16,CUST1030,Books,Data Analytics Guide,South,Website,Credit Card,1,720.41,0.05,684.39,164.87
ORD103898,2025-02-08,CUST1980,Books,Business Management,East,Mobile App,Credit Card,4,496.9,0.25,1490.7,425.83
ORD103899,2025-05-23,CUST2114,Electronics,Smart Watch,East,Mobile App,Cash on Delivery,1,3010.62,0.1,2709.56,402.17
ORD103900,2025-09-02,CUST2114,Fashion,Denim Jeans,West,Website,Debit Card,1,1472.13,0.1,1324.92,364.16
ORD103901,2025-01-31,CUST1458,Electronics,Bluetooth Speaker,East,Website,UPI,1,1691.5,0.05,1606.92,307.74
ORD103902,2025-08-25,CUST2013,Fashion,Backpack,North,Website,UPI,2,1538.34,0.1,2769.01,801.93
ORD103903,2025-06-15,CUST1809,Electronics,USB-C Hub,Central,Website,Debit Card,1,1401.08,0.2,1120.86,167.12
ORD103904,2025-07-26,CUST1960,Home & Kitchen,Air Fryer,East,Website,Credit Card,1,4923.98,0.0,4923.98,750.53
ORD103905,2025-08-06,CUST1482,Books,Data Analytics Guide,Central,Marketplace,Credit Card,3,803.48,0.0,2410.44,582.96
ORD103906,2025-06-03,CUST1259,Books,Fiction Novel,East,Mobile App,Credit Card,1,426.71,0.1,384.04,88.94
ORD103907,2025-09-26,CUST2174,Fashion,Backpack,West,Marketplace,Credit Card,2,1401.11,0.0,2802.22,858.31
ORD103908,2025-04-29,CUST1242,Fashion,Casual Shirt,East,Mobile App,UPI,1,1131.25,0.05,1074.69,292.12
ORD103909,2025-02-11,CUST1213,Beauty,Moisturizer,North,Website,UPI,2,603.89,0.05,1147.39,379.44
ORD103910,2025-12-20,CUST1235,Books,Fiction Novel,South,Website,Debit Card,1,387.64,0.0,387.64,112.48
ORD103911,2025-12-07,CUST2076,Electronics,Smart Watch,South,Marketplace,Credit Card,2,3545.31,0.0,7090.62,956.76
ORD103912,2025-06-13,CUST1377,Books,Machine Learning Basics,East,Website,Net Banking,2,832.94,0.0,1665.88,396.5
ORD103913,2025-02-10,CUST1643,Home & Kitchen,Air Fryer,West,Website,UPI,1,4544.32,0.1,4089.89,768.02
ORD103914,2025-01-05,CUST1832,Fashion,Denim Jeans,East,Mobile App,Credit Card,2,1641.27,0.0,3282.54,868.66
ORD103915,2025-02-26,CUST1644,Home & Kitchen,Storage Container Set,Central,Website,UPI,1,818.78,0.05,777.84,156.87
ORD103916,2025-12-25,CUST1086,Books,Fiction Novel,Central,Website,UPI,1,383.55,0.25,287.66,77.49
ORD103917,2025-09-07,CUST2152,Home & Kitchen,Electric Kettle,East,Mobile App,Debit Card,2,1566.82,0.05,2976.96,625.98
ORD103918,2025-03-16,CUST1920,Electronics,USB-C Hub,Central,Marketplace,Debit Card,3,1349.25,0.2,3238.2,550.83
ORD103919,2025-10-21,CUST1130,Home & Kitchen,Non-Stick Pan,Central,Website,Cash on Delivery,1,1409.22,0.0,1409.22,317.91
ORD103920,2025-06-23,CUST1809,Home & Kitchen,Air Fryer,North,Website,UPI,2,4921.37,0.1,8858.47,1820.45
ORD103921,2025-10-24,CUST1775,Electronics,USB-C Hub,North,Mobile App,Credit Card,2,1207.09,0.15,2052.05,363.63
ORD103922,2025-06-15,CUST1368,Home & Kitchen,Electric Kettle,East,Marketplace,Net Banking,2,1465.88,0.05,2785.17,542.57
ORD103923,2025-01-07,CUST1452,Electronics,Power Bank,Central,Website,UPI,2,1069.05,0.15,1817.38,271.35
ORD103924,2025-08-20,CUST1670,Home & Kitchen,Air Fryer,East,Website,Debit Card,3,4643.0,0.05,13232.55,2343.65
ORD103925,2025-09-22,CUST2053,Beauty,Shampoo,North,Website,Debit Card,1,478.97,0.05,455.02,151.77
ORD103926,2025-11-02,CUST1708,Books,Python Programming,East,Mobile App,Credit Card,4,619.44,0.0,2477.76,588.78
ORD103927,2025-02-06,CUST1296,Fashion,Casual Shirt,East,Website,Credit Card,1,1200.74,0.05,1140.7,330.21
ORD103928,2025-10-10,CUST1999,Fashion,Casual Shirt,East,Mobile App,Debit Card,1,1107.15,0.2,885.72,241.36
ORD103929,2025-04-13,CUST1548,Electronics,Bluetooth Speaker,West,Mobile App,UPI,1,1948.83,0.05,1851.39,317.85
ORD103930,2025-08-01,CUST1600,Electronics,Wireless Headphones,Central,Mobile App,UPI,1,2359.34,0.1,2123.41,293.12
ORD103931,2025-08-16,CUST1408,Fashion,Cotton T-Shirt,East,Marketplace,Cash on Delivery,1,719.34,0.15,611.44,169.22
ORD103932,2025-04-04,CUST1931,Home & Kitchen,Electric Kettle,Central,Mobile App,Cash on Delivery,1,1584.31,0.05,1505.09,332.32
ORD103933,2025-03-21,CUST1210,Home & Kitchen,Storage Container Set,North,Website,Credit Card,2,960.45,0.0,1920.9,387.67
ORD103934,2025-05-11,CUST1644,Beauty,Sunscreen,East,Marketplace,Credit Card,1,758.92,0.05,720.97,249.58
ORD103935,2025-06-24,CUST2152,Beauty,Shampoo,North,Website,Debit Card,1,526.73,0.0,526.73,168.41
ORD103936,2025-04-14,CUST1175,Books,Business Management,South,Website,UPI,1,506.03,0.15,430.13,114.72
ORD103937,2025-11-30,CUST1842,Books,Machine Learning Basics,East,Website,UPI,2,873.59,0.0,1747.18,484.01
ORD103938,2025-07-05,CUST1461,Fashion,Running Shoes,Central,Marketplace,Cash on Delivery,4,2086.43,0.1,7511.15,1877.81
ORD103939,2025-12-07,CUST1977,Home & Kitchen,Air Fryer,East,Website,UPI,1,4974.32,0.1,4476.89,931.51
ORD103940,2025-02-03,CUST1060,Beauty,Perfume,Central,Mobile App,UPI,1,1237.85,0.1,1114.06,349.17
ORD103941,2025-11-16,CUST2029,Fashion,Cotton T-Shirt,South,Mobile App,Credit Card,2,654.05,0.0,1308.1,372.95
ORD103942,2025-09-29,CUST2165,Books,Fiction Novel,Central,Website,UPI,1,431.83,0.2,345.46,83.83
ORD103943,2025-03-06,CUST1202,Beauty,Sunscreen,South,Website,Credit Card,2,642.49,0.1,1156.48,372.17
ORD103944,2025-05-21,CUST2037,Books,Machine Learning Basics,North,Mobile App,Debit Card,1,937.2,0.15,796.62,202.04
ORD103945,2025-08-25,CUST1499,Home & Kitchen,Storage Container Set,Central,Marketplace,Cash on Delivery,3,886.56,0.1,2393.71,595.47
ORD103946,2025-05-09,CUST1211,Books,Python Programming,East,Marketplace,Cash on Delivery,1,574.39,0.0,574.39,134.21
ORD103947,2025-11-19,CUST1010,Electronics,Power Bank,Central,Marketplace,Credit Card,5,1062.11,0.05,5045.02,936.96
ORD103948,2025-09-20,CUST1670,Fashion,Cotton T-Shirt,North,Marketplace,UPI,2,707.07,0.1,1272.73,364.93
ORD103949,2025-06-13,CUST1388,Electronics,USB-C Hub,East,Mobile App,UPI,2,1362.51,0.05,2588.77,460.3
ORD103950,2025-09-02,CUST2116,Home & Kitchen,Non-Stick Pan,West,Marketplace,UPI,5,1345.63,0.05,6391.74,1140.29
ORD103951,2025-12-02,CUST1144,Electronics,Smart Watch,West,Mobile App,Debit Card,1,3596.43,0.05,3416.61,528.48
ORD103952,2025-10-18,CUST1353,Electronics,Power Bank,South,Website,UPI,1,1068.78,0.05,1015.34,153.14
ORD103953,2025-10-05,CUST1135,Electronics,Power Bank,South,Marketplace,Credit Card,2,918.57,0.15,1561.57,135.58
ORD103954,2025-12-22,CUST1777,Home & Kitchen,Air Fryer,East,Mobile App,Cash on Delivery,1,5299.4,0.0,5299.4,1097.31
ORD103955,2025-08-01,CUST1148,Fashion,Backpack,West,Marketplace,Credit Card,2,1454.32,0.1,2617.78,733.22
ORD103956,2025-09-12,CUST1390,Electronics,Wireless Headphones,North,Website,Credit Card,1,2443.62,0.2,1954.9,351.91
ORD103957,2025-07-31,CUST1770,Books,Data Analytics Guide,North,Website,UPI,1,705.75,0.0,705.75,194.56
ORD103958,2025-09-08,CUST1736,Electronics,USB-C Hub,East,Mobile App,Credit Card,3,1180.24,0.1,3186.65,487.85
ORD103959,2025-04-23,CUST1563,Beauty,Perfume,East,Website,Debit Card,1,1291.22,0.25,968.42,286.73
ORD103960,2025-10-31,CUST1245,Fashion,Backpack,South,Mobile App,UPI,1,1378.52,0.0,1378.52,320.48
ORD103961,2025-07-29,CUST1951,Electronics,Smart Watch,North,Marketplace,Debit Card,2,3155.12,0.0,6310.24,824.51
ORD103962,2025-04-17,CUST1797,Electronics,USB-C Hub,Central,Mobile App,Debit Card,1,1206.21,0.0,1206.21,210.1
ORD103963,2025-10-26,CUST1479,Electronics,Wireless Headphones,South,Website,Debit Card,1,2694.57,0.05,2559.84,409.72
ORD103964,2025-07-25,CUST2048,Fashion,Backpack,North,Website,UPI,3,1339.35,0.0,4018.05,993.55
ORD103965,2025-02-13,CUST2099,Beauty,Shampoo,West,Website,Debit Card,1,518.05,0.15,440.34,144.65
ORD103966,2025-03-05,CUST1417,Books,Fiction Novel,South,Website,UPI,1,386.53,0.1,347.88,90.12
ORD103967,2025-10-04,CUST1931,Electronics,Smart Watch,South,Mobile App,Cash on Delivery,2,3357.76,0.1,6043.97,946.79
ORD103968,2025-08-14,CUST1397,Beauty,Moisturizer,West,Mobile App,UPI,5,633.96,0.25,2377.35,683.22
ORD103969,2025-03-29,CUST2165,Beauty,Perfume,Central,Website,UPI,3,1346.87,0.0,4040.61,1401.27
ORD103970,2025-08-11,CUST1897,Books,Data Analytics Guide,South,Website,Debit Card,2,758.76,0.0,1517.52,470.34
ORD103971,2025-10-23,CUST1910,Fashion,Cotton T-Shirt,South,Marketplace,Cash on Delivery,3,698.52,0.1,1886.0,493.02
ORD103972,2025-05-18,CUST2016,Fashion,Casual Shirt,West,Marketplace,UPI,2,1096.56,0.15,1864.15,537.6
ORD103973,2025-03-03,CUST2191,Books,Python Programming,Central,Mobile App,UPI,3,572.32,0.25,1287.72,295.18
ORD103974,2025-09-08,CUST1360,Electronics,Wireless Headphones,Central,Website,Credit Card,3,2639.64,0.25,5939.19,1189.38
ORD103975,2025-11-22,CUST1877,Books,Python Programming,East,Marketplace,Debit Card,1,620.85,0.0,620.85,124.4
ORD103976,2025-03-23,CUST1228,Home & Kitchen,Electric Kettle,South,Website,Credit Card,4,1616.24,0.05,6141.71,1144.31
ORD103977,2025-06-17,CUST1848,Home & Kitchen,Electric Kettle,Central,Mobile App,Debit Card,3,1616.19,0.25,3636.43,671.33
ORD103978,2025-06-28,CUST1798,Home & Kitchen,Storage Container Set,North,Mobile App,Debit Card,1,922.51,0.0,922.51,209.12
ORD103979,2025-01-20,CUST1359,Home & Kitchen,Air Fryer,North,Website,Net Banking,1,5353.61,0.15,4550.57,982.37
ORD103980,2025-01-03,CUST1669,Home & Kitchen,Air Fryer,West,Website,Credit Card,2,5371.65,0.2,8594.64,1528.29
ORD103981,2025-09-14,CUST1182,Home & Kitchen,Storage Container Set,North,Website,Debit Card,1,818.86,0.1,736.97,134.22
ORD103982,2025-04-17,CUST2163,Electronics,Wireless Headphones,North,Website,UPI,2,2526.33,0.2,4042.13,601.95
ORD103983,2025-03-20,CUST1746,Home & Kitchen,Storage Container Set,North,Marketplace,UPI,1,858.65,0.05,815.72,168.24
ORD103984,2025-01-20,CUST1578,Beauty,Moisturizer,North,Marketplace,Net Banking,1,655.4,0.25,491.55,152.66
ORD103985,2025-02-19,CUST1258,Books,Fiction Novel,West,Marketplace,Debit Card,2,381.03,0.15,647.75,157.87
ORD103986,2025-02-25,CUST1624,Home & Kitchen,Mixer Grinder,East,Website,Cash on Delivery,2,3493.9,0.15,5939.63,1125.38
ORD103987,2025-03-01,CUST1320,Electronics,USB-C Hub,Central,Mobile App,Credit Card,1,1336.98,0.0,1336.98,204.18
ORD103988,2025-08-10,CUST1656,Beauty,Moisturizer,East,Mobile App,UPI,1,567.06,0.05,538.71,149.12
ORD103989,2025-10-29,CUST1840,Home & Kitchen,Electric Kettle,East,Mobile App,Credit Card,1,1596.94,0.1,1437.25,259.49
ORD103990,2025-04-11,CUST1654,Beauty,Face Wash,West,Mobile App,Cash on Delivery,1,418.75,0.1,376.88,111.72
ORD103991,2025-09-03,CUST1758,Beauty,Sunscreen,Central,Mobile App,UPI,3,700.17,0.15,1785.43,585.94
ORD103992,2025-07-08,CUST1962,Fashion,Backpack,East,Website,Net Banking,3,1531.44,0.2,3675.46,1053.45
ORD103993,2025-07-10,CUST1617,Beauty,Moisturizer,East,Mobile App,Debit Card,3,643.47,0.0,1930.41,644.7
ORD103994,2025-04-10,CUST1600,Home & Kitchen,Electric Kettle,West,Mobile App,UPI,1,1721.35,0.0,1721.35,329.6
ORD103995,2025-01-23,CUST1030,Books,Data Analytics Guide,North,Marketplace,Debit Card,1,809.34,0.15,687.94,181.07
ORD103996,2025-02-01,CUST1726,Fashion,Running Shoes,North,Website,UPI,1,2417.56,0.05,2296.68,624.52
ORD103997,2025-08-02,CUST1934,Home & Kitchen,Air Fryer,Central,Marketplace,Debit Card,2,5330.46,0.0,10660.92,2557.86
ORD103998,2025-01-02,CUST1372,Electronics,Wireless Headphones,South,Website,Debit Card,2,2338.51,0.05,4443.17,762.56
ORD103999,2025-10-17,CUST2097,Beauty,Face Wash,North,Mobile App,UPI,1,437.86,0.1,394.07,132.03
ORD104000,2025-03-02,CUST2119,Home & Kitchen,Mixer Grinder,North,Website,Cash on Delivery,1,3391.29,0.0,3391.29,724.92
ORD104001,2025-05-15,CUST1305,Fashion,Cotton T-Shirt,West,Marketplace,Net Banking,1,668.06,0.05,634.66,165.63
ORD104002,2025-11-03,CUST2130,Books,Machine Learning Basics,Central,Mobile App,UPI,1,836.65,0.0,836.65,190.96
ORD104003,2025-12-31,CUST1614,Fashion,Cotton T-Shirt,West,Website,Credit Card,1,757.15,0.05,719.29,172.07
ORD104004,2025-12-07,CUST1900,Beauty,Face Wash,West,Website,UPI,4,411.95,0.1,1483.02,479.77
ORD104005,2025-09-30,CUST2197,Beauty,Face Wash,North,Marketplace,Debit Card,1,411.3,0.0,411.3,126.91
ORD104006,2025-10-28,CUST2045,Books,Machine Learning Basics,North,Marketplace,Cash on Delivery,3,838.68,0.05,2390.24,664.98
ORD104007,2025-02-26,CUST1247,Home & Kitchen,Mixer Grinder,West,Mobile App,UPI,2,3770.54,0.05,7164.03,1477.08
ORD104008,2025-06-11,CUST2142,Fashion,Running Shoes,Central,Mobile App,UPI,3,2244.65,0.15,5723.86,1452.49
ORD104009,2025-03-22,CUST1172,Electronics,USB-C Hub,West,Mobile App,UPI,3,1395.6,0.15,3558.78,563.37
ORD104010,2025-01-12,CUST1418,Fashion,Denim Jeans,East,Mobile App,UPI,1,1599.79,0.05,1519.8,414.82
ORD104011,2025-10-10,CUST1741,Electronics,Bluetooth Speaker,North,Mobile App,Cash on Delivery,1,1718.26,0.15,1460.52,237.17
ORD104012,2025-05-01,CUST1877,Fashion,Running Shoes,Central,Website,UPI,4,2353.52,0.15,8001.97,1846.28
ORD104013,2025-10-03,CUST1418,Books,Python Programming,Central,Mobile App,UPI,1,543.75,0.0,543.75,113.19
ORD104014,2025-02-13,CUST1595,Electronics,Wireless Headphones,West,Marketplace,UPI,1,2465.14,0.2,1972.11,369.87
ORD104015,2025-12-24,CUST1845,Fashion,Backpack,West,Website,UPI,1,1431.94,0.15,1217.15,329.23
ORD104016,2025-07-05,CUST1234,Books,Machine Learning Basics,South,Website,UPI,1,911.58,0.05,866.0,228.63
ORD104017,2025-04-25,CUST1004,Books,Business Management,East,Website,UPI,3,507.52,0.15,1294.18,323.95
ORD104018,2025-11-02,CUST1259,Books,Machine Learning Basics,East,Website,Debit Card,2,850.32,0.1,1530.58,363.81
ORD104019,2025-06-08,CUST1360,Electronics,Bluetooth Speaker,North,Website,Debit Card,1,1770.23,0.0,1770.23,215.97
ORD104020,2025-05-01,CUST1192,Electronics,USB-C Hub,West,Website,Net Banking,3,1384.48,0.1,3738.1,586.58
ORD104021,2025-05-17,CUST1162,Home & Kitchen,Mixer Grinder,South,Marketplace,Cash on Delivery,3,3692.28,0.15,9415.31,2105.43
ORD104022,2025-03-01,CUST1523,Home & Kitchen,Air Fryer,West,Marketplace,Cash on Delivery,1,4808.78,0.0,4808.78,1010.01
ORD104023,2025-10-27,CUST1563,Books,Business Management,Central,Website,Cash on Delivery,1,531.54,0.2,425.23,95.47
ORD104024,2025-10-18,CUST1379,Electronics,Power Bank,South,Mobile App,UPI,2,913.85,0.05,1736.32,210.81
ORD104025,2025-11-26,CUST1269,Beauty,Moisturizer,West,Website,Net Banking,4,564.46,0.1,2032.06,655.8
ORD104026,2025-12-10,CUST1618,Beauty,Moisturizer,South,Mobile App,Net Banking,2,622.35,0.0,1244.7,374.78
ORD104027,2025-08-29,CUST1639,Home & Kitchen,Electric Kettle,North,Website,UPI,1,1457.46,0.15,1238.84,214.52
ORD104028,2025-09-24,CUST1059,Fashion,Running Shoes,West,Website,Debit Card,2,2264.18,0.05,4301.94,1068.3
ORD104029,2025-05-30,CUST1863,Home & Kitchen,Mixer Grinder,Central,Mobile App,UPI,2,3353.4,0.0,6706.8,1450.86
ORD104030,2025-10-05,CUST1802,Books,Fiction Novel,North,Mobile App,Credit Card,2,371.19,0.0,742.38,199.84
ORD104031,2025-07-16,CUST1737,Beauty,Shampoo,East,Marketplace,Credit Card,3,453.23,0.05,1291.71,481.14
ORD104032,2025-05-03,CUST1456,Fashion,Casual Shirt,West,Mobile App,Cash on Delivery,1,1228.75,0.1,1105.88,341.27
ORD104033,2025-07-11,CUST1566,Books,Business Management,West,Marketplace,Cash on Delivery,2,540.87,0.1,973.57,277.54
ORD104034,2025-11-28,CUST1035,Beauty,Perfume,South,Website,Net Banking,1,1215.47,0.15,1033.15,307.81
ORD104035,2025-12-29,CUST1180,Fashion,Running Shoes,Central,Mobile App,Debit Card,1,2258.6,0.05,2145.67,571.76
ORD104036,2025-05-27,CUST1694,Electronics,Power Bank,North,Mobile App,Credit Card,1,1076.74,0.0,1076.74,188.64
ORD104037,2025-04-17,CUST1357,Fashion,Cotton T-Shirt,East,Mobile App,UPI,1,650.37,0.25,487.78,112.1
ORD104038,2025-05-28,CUST1087,Electronics,Power Bank,East,Mobile App,Credit Card,1,1065.55,0.05,1012.27,187.83
ORD104039,2025-01-12,CUST1871,Electronics,Wireless Headphones,North,Website,UPI,1,2488.04,0.1,2239.24,383.78
ORD104040,2025-08-30,CUST1908,Fashion,Backpack,East,Website,Debit Card,1,1374.75,0.15,1168.54,381.99
ORD104041,2025-12-08,CUST1834,Beauty,Sunscreen,East,Website,Credit Card,2,754.75,0.15,1283.08,409.73
ORD104042,2025-09-26,CUST2026,Electronics,USB-C Hub,East,Marketplace,Credit Card,1,1425.6,0.1,1283.04,233.56
ORD104043,2025-06-07,CUST1902,Home & Kitchen,Storage Container Set,North,Website,Debit Card,2,814.48,0.1,1466.06,256.62
ORD104044,2025-12-24,CUST1376,Beauty,Perfume,South,Website,UPI,1,1345.75,0.05,1278.46,435.39
ORD104045,2025-05-17,CUST1775,Books,Business Management,West,Mobile App,Cash on Delivery,1,531.19,0.2,424.95,109.98
ORD104046,2025-06-07,CUST2128,Home & Kitchen,Air Fryer,West,Website,Debit Card,2,5348.74,0.05,10162.61,2151.34
ORD104047,2025-07-21,CUST1139,Fashion,Backpack,West,Mobile App,Credit Card,2,1404.65,0.05,2668.84,789.35
ORD104048,2025-05-11,CUST1154,Electronics,Power Bank,North,Mobile App,UPI,2,1024.69,0.1,1844.44,323.1
ORD104049,2025-06-12,CUST1764,Electronics,Smart Watch,East,Website,Cash on Delivery,4,3053.93,0.05,11604.93,1733.85
ORD104050,2025-11-19,CUST1589,Home & Kitchen,Air Fryer,West,Mobile App,Credit Card,4,4828.5,0.1,17382.6,3714.6
ORD104051,2025-02-11,CUST2053,Electronics,Wireless Headphones,West,Marketplace,UPI,4,2641.57,0.0,10566.28,1393.9
ORD104052,2025-01-28,CUST1702,Electronics,Bluetooth Speaker,Central,Website,Net Banking,1,1691.2,0.25,1268.4,178.4
ORD104053,2025-07-05,CUST1353,Home & Kitchen,Air Fryer,South,Mobile App,UPI,1,4548.95,0.2,3639.16,567.48
ORD104054,2025-02-20,CUST1953,Electronics,Wireless Headphones,South,Marketplace,Debit Card,1,2259.14,0.1,2033.23,351.25
ORD104055,2025-09-17,CUST1822,Books,Python Programming,South,Website,Debit Card,3,616.55,0.0,1849.65,400.33
ORD104056,2025-08-02,CUST1186,Books,Machine Learning Basics,West,Website,Cash on Delivery,2,870.46,0.15,1479.78,355.04
ORD104057,2025-11-07,CUST1813,Beauty,Sunscreen,East,Marketplace,Net Banking,2,762.06,0.0,1524.12,451.09
ORD104058,2025-04-20,CUST1907,Fashion,Backpack,West,Marketplace,UPI,1,1470.8,0.15,1250.18,327.58
ORD104059,2025-02-12,CUST2129,Beauty,Shampoo,South,Website,Debit Card,2,510.19,0.1,918.34,296.39
ORD104060,2025-09-03,CUST1509,Beauty,Shampoo,West,Website,UPI,1,493.15,0.0,493.15,161.88
ORD104061,2025-05-10,CUST1036,Books,Python Programming,North,Mobile App,UPI,4,583.09,0.25,1749.27,390.53
ORD104062,2025-07-14,CUST1868,Books,Fiction Novel,North,Marketplace,UPI,1,380.99,0.05,361.94,87.8
ORD104063,2025-05-08,CUST2109,Beauty,Perfume,South,Mobile App,UPI,1,1173.58,0.1,1056.22,345.09
ORD104064,2025-05-02,CUST1979,Electronics,Power Bank,North,Website,UPI,2,1007.43,0.1,1813.37,354.96
ORD104065,2025-09-24,CUST1676,Books,Fiction Novel,North,Mobile App,UPI,2,384.52,0.05,730.59,208.04
ORD104066,2025-12-09,CUST1361,Fashion,Backpack,East,Website,Credit Card,2,1439.98,0.0,2879.96,765.04
ORD104067,2025-05-03,CUST1132,Home & Kitchen,Non-Stick Pan,West,Marketplace,Debit Card,1,1234.75,0.0,1234.75,187.65
ORD104068,2025-05-11,CUST1713,Fashion,Casual Shirt,Central,Mobile App,Cash on Delivery,1,1171.2,0.05,1112.64,276.79
ORD104069,2025-11-21,CUST1391,Electronics,Smart Watch,West,Website,UPI,3,3272.91,0.05,9327.79,1426.14
ORD104070,2025-04-28,CUST1625,Home & Kitchen,Air Fryer,North,Website,UPI,2,4917.24,0.2,7867.58,1827.01
ORD104071,2025-03-27,CUST1647,Beauty,Sunscreen,Central,Mobile App,UPI,1,723.46,0.05,687.29,224.38
ORD104072,2025-09-13,CUST1356,Books,Fiction Novel,South,Marketplace,UPI,2,431.32,0.1,776.38,206.44
ORD104073,2025-08-25,CUST1325,Home & Kitchen,Non-Stick Pan,North,Marketplace,Net Banking,1,1192.47,0.0,1192.47,249.84
ORD104074,2025-04-02,CUST1807,Fashion,Denim Jeans,South,Marketplace,Debit Card,2,1524.45,0.1,2744.01,731.24
ORD104075,2025-12-31,CUST1385,Home & Kitchen,Mixer Grinder,North,Mobile App,UPI,1,3424.92,0.15,2911.18,608.01
ORD104076,2025-10-22,CUST1757,Books,Business Management,West,Marketplace,Credit Card,2,480.6,0.2,768.96,196.07
ORD104077,2025-11-14,CUST1502,Books,Fiction Novel,North,Website,UPI,1,373.81,0.05,355.12,83.38
ORD104078,2025-11-16,CUST2162,Home & Kitchen,Non-Stick Pan,East,Website,UPI,1,1409.68,0.0,1409.68,278.34
ORD104079,2025-04-02,CUST2101,Fashion,Casual Shirt,West,Mobile App,Credit Card,1,1093.98,0.05,1039.28,260.34
ORD104080,2025-05-08,CUST1117,Books,Data Analytics Guide,East,Website,Cash on Delivery,3,798.98,0.2,1917.55,500.12
ORD104081,2025-09-27,CUST1922,Electronics,Smart Watch,West,Website,Cash on Delivery,1,2995.36,0.05,2845.59,439.72
ORD104082,2025-02-18,CUST1145,Electronics,Bluetooth Speaker,Central,Website,Debit Card,3,1965.07,0.0,5895.21,820.57
ORD104083,2025-12-31,CUST1203,Fashion,Cotton T-Shirt,East,Mobile App,Credit Card,1,735.41,0.25,551.56,165.27
ORD104084,2025-08-20,CUST1695,Home & Kitchen,Air Fryer,East,Website,Credit Card,1,5042.73,0.1,4538.46,1011.42
ORD104085,2025-05-30,CUST1330,Beauty,Perfume,West,Mobile App,UPI,4,1425.18,0.0,5700.72,1691.61
ORD104086,2025-12-08,CUST1686,Home & Kitchen,Non-Stick Pan,North,Marketplace,Credit Card,1,1301.85,0.05,1236.76,276.43
ORD104087,2025-02-12,CUST2160,Electronics,Power Bank,South,Mobile App,Cash on Delivery,1,1085.85,0.1,977.26,151.38
ORD104088,2025-05-04,CUST1821,Beauty,Sunscreen,West,Website,UPI,1,703.65,0.2,562.92,168.77
ORD104089,2025-03-17,CUST1717,Electronics,Bluetooth Speaker,South,Website,UPI,5,1785.8,0.15,7589.65,1068.2
ORD104090,2025-01-26,CUST1437,Beauty,Shampoo,East,Website,UPI,3,498.89,0.05,1421.84,456.13
ORD104091,2025-11-24,CUST1111,Fashion,Cotton T-Shirt,North,Marketplace,Debit Card,2,768.56,0.2,1229.7,379.49
ORD104092,2025-03-18,CUST1203,Electronics,Smart Watch,East,Website,UPI,1,3341.08,0.05,3174.03,586.79
ORD104093,2025-06-28,CUST1083,Fashion,Running Shoes,North,Marketplace,UPI,2,2521.79,0.05,4791.4,1532.11
ORD104094,2025-06-01,CUST2080,Electronics,Smart Watch,South,Mobile App,Net Banking,1,3054.96,0.05,2902.21,640.26
ORD104095,2025-11-05,CUST1331,Books,Business Management,Central,Marketplace,UPI,1,459.33,0.1,413.4,93.96
ORD104096,2025-07-03,CUST1169,Fashion,Running Shoes,North,Mobile App,UPI,1,2282.39,0.25,1711.79,529.61
ORD104097,2025-09-16,CUST1799,Books,Machine Learning Basics,West,Mobile App,Net Banking,2,812.45,0.0,1624.9,396.85
ORD104098,2025-03-07,CUST1120,Electronics,Wireless Headphones,Central,Mobile App,UPI,2,2527.92,0.2,4044.67,793.14
ORD104099,2025-08-17,CUST1990,Home & Kitchen,Electric Kettle,North,Marketplace,UPI,2,1635.93,0.0,3271.86,702.25
ORD104100,2025-05-14,CUST1011,Books,Fiction Novel,East,Mobile App,UPI,2,362.7,0.15,616.59,148.76
ORD104101,2025-11-26,CUST1138,Fashion,Cotton T-Shirt,Central,Mobile App,UPI,2,756.37,0.15,1285.83,359.65
ORD104102,2025-02-14,CUST1380,Home & Kitchen,Mixer Grinder,North,Mobile App,Credit Card,1,3814.24,0.25,2860.68,455.96
ORD104103,2025-01-09,CUST1239,Beauty,Face Wash,Central,Mobile App,Credit Card,2,377.96,0.0,755.92,241.89
ORD104104,2025-02-13,CUST1437,Books,Fiction Novel,East,Marketplace,UPI,1,428.23,0.1,385.41,89.0
ORD104105,2025-08-30,CUST1843,Home & Kitchen,Air Fryer,South,Website,UPI,1,5309.02,0.05,5043.57,1032.57
ORD104106,2025-06-05,CUST1592,Beauty,Face Wash,Central,Website,Net Banking,1,360.75,0.2,288.6,93.84
ORD104107,2025-09-02,CUST1498,Books,Python Programming,West,Mobile App,Net Banking,1,600.06,0.1,540.05,152.46
ORD104108,2025-12-15,CUST1645,Fashion,Running Shoes,South,Marketplace,Credit Card,1,2301.72,0.1,2071.55,642.21
ORD104109,2025-12-02,CUST1704,Electronics,USB-C Hub,Central,Mobile App,Credit Card,4,1330.52,0.05,5055.98,837.8
ORD104110,2025-02-10,CUST1384,Beauty,Face Wash,East,Mobile App,UPI,2,408.43,0.05,776.02,247.93
ORD104111,2025-05-26,CUST1898,Beauty,Face Wash,North,Marketplace,Debit Card,1,376.19,0.0,376.19,118.78
ORD104112,2025-10-13,CUST2185,Beauty,Sunscreen,East,Mobile App,UPI,1,754.77,0.1,679.29,213.34
ORD104113,2025-10-24,CUST1069,Electronics,USB-C Hub,North,Marketplace,Debit Card,1,1255.8,0.1,1130.22,90.42
ORD104114,2025-04-19,CUST2006,Home & Kitchen,Mixer Grinder,Central,Website,Cash on Delivery,1,3549.02,0.0,3549.02,763.11
ORD104115,2025-02-08,CUST1286,Fashion,Denim Jeans,West,Website,Credit Card,1,1578.38,0.1,1420.54,409.02
ORD104116,2025-07-10,CUST1202,Electronics,Smart Watch,South,Website,Cash on Delivery,4,3547.23,0.15,12060.58,2077.17
ORD104117,2025-05-31,CUST1203,Books,Python Programming,East,website,Net Banking,1,649.15,0.15,551.78,117.4
ORD104118,2025-03-27,CUST1472,Electronics,Bluetooth Speaker,Central,Marketplace,UPI,1,1724.57,0.15,1465.88,307.8
ORD104119,2025-04-12,CUST2045,Home & Kitchen,Air Fryer,West,Website,Net Banking,1,4928.47,0.15,4189.2,980.84
ORD104120,2025-04-07,CUST1818,Electronics,USB-C Hub,East,Website,Debit Card,1,1264.4,0.1,1137.96,201.81
ORD104121,2025-01-11,CUST1340,Electronics,USB-C Hub,South,Marketplace,Debit Card,1,1255.19,0.0,1255.19,207.61
ORD104122,2025-08-31,CUST2107,Fashion,Denim Jeans,Central,Mobile App,UPI,2,1498.45,0.2,2397.52,697.0
ORD104123,2025-04-13,CUST1887,Home & Kitchen,Storage Container Set,Central,Website,Cash on Delivery,4,915.48,0.05,3478.82,637.95
ORD104124,2025-09-13,CUST1547,Books,Data Analytics Guide,South,Website,UPI,3,753.97,0.0,2261.91,521.14
ORD104125,2025-11-24,CUST1346,Electronics,USB-C Hub,North,Mobile App,Net Banking,1,1286.69,0.0,1286.69,221.23
ORD104126,2025-05-20,CUST1269,Beauty,Sunscreen,South,Website,Cash on Delivery,1,657.95,0.0,657.95,216.21
ORD104127,2025-04-04,CUST1887,Books,Fiction Novel,East,Website,UPI,2,403.75,0.1,726.75,162.93
ORD104128,2025-10-17,CUST1946,Books,Business Management,North,Marketplace,Debit Card,2,516.43,0.05,981.22,214.8
ORD104129,2025-03-19,CUST1225,Books,Python Programming,North,Website,UPI,3,602.04,0.05,1715.81,397.92
ORD104130,2025-09-12,CUST2186,Books,Fiction Novel,West,Website,Cash on Delivery,1,377.09,0.15,320.53,81.04
ORD104131,2025-03-08,CUST1192,Fashion,Casual Shirt,North,Mobile App,Credit Card,1,1218.8,0.0,1218.8,330.35
ORD104132,2025-06-16,CUST1697,Fashion,Running Shoes,South,Website,Debit Card,5,2267.71,0.1,10204.7,3082.89
ORD104133,2025-01-26,CUST2001,Electronics,Smart Watch,South,Mobile App,UPI,3,3561.46,0.0,10684.38,1826.73
ORD104134,2025-07-18,CUST1531,Fashion,Casual Shirt,South,Mobile App,UPI,2,1272.19,0.1,2289.94,638.98
ORD104135,2025-05-28,CUST1967,Beauty,Sunscreen,Central,Mobile App,UPI,2,660.35,0.15,1122.6,330.35
ORD104136,2025-09-15,CUST1121,Fashion,Cotton T-Shirt,North,Website,UPI,3,693.11,0.05,1975.36,518.71
ORD104137,2025-11-12,CUST1909,Fashion,Backpack,West,Mobile App,UPI,2,1284.83,0.05,2441.18,742.39
ORD104138,2025-04-23,CUST1664,Books,Fiction Novel,South,Website,Debit Card,3,386.13,0.05,1100.47,208.9
ORD104139,2025-07-20,CUST2106,Beauty,Face Wash,Central,Mobile App,Cash on Delivery,1,413.99,0.05,393.29,129.36
ORD104140,2025-01-01,CUST1695,Home & Kitchen,Electric Kettle,North,Website,Cash on Delivery,1,1478.09,0.1,1330.28,233.27
ORD104141,2025-05-10,CUST1441,Electronics,Smart Watch,Central,Website,Credit Card,1,3563.86,0.15,3029.28,445.63
ORD104142,2025-10-06,CUST2015,Home & Kitchen,Mixer Grinder,North,Marketplace,Cash on Delivery,1,3386.06,0.1,3047.45,558.07
ORD104143,2025-09-03,CUST1028,Beauty,Sunscreen,West,Website,Debit Card,2,762.2,0.15,1295.74,406.19
ORD104144,2025-11-14,CUST1376,Home & Kitchen,Storage Container Set,South,Website,Debit Card,2,944.04,0.25,1416.06,273.62
ORD104145,2025-09-02,CUST1394,Fashion,Casual Shirt,East,Website,Credit Card,2,1189.23,0.05,2259.54,736.0
ORD104146,2025-04-16,CUST1295,Home & Kitchen,Mixer Grinder,West,Mobile App,UPI,1,3843.53,0.2,3074.82,664.48
ORD104147,2025-08-26,CUST1810,Electronics,USB-C Hub,North,Mobile App,Credit Card,2,1253.13,0.15,2130.32,267.53
ORD104148,2025-04-26,CUST1349,Electronics,Wireless Headphones,West,Website,UPI,1,2477.82,0.0,2477.82,399.09
ORD104149,2025-06-10,CUST1575,Fashion,Running Shoes,North,Website,UPI,3,2388.52,0.2,5732.45,1492.02
ORD104150,2025-10-01,CUST1068,Books,Machine Learning Basics,Central,Website,Cash on Delivery,1,967.57,0.0,967.57,250.4
ORD104151,2025-11-29,CUST1544,Books,Python Programming,North,Marketplace,Credit Card,1,658.64,0.0,658.64,136.18
ORD104152,2025-03-17,CUST1526,Electronics,USB-C Hub,South,Mobile App,Debit Card,1,1302.46,0.2,1041.97,169.7
ORD104153,2025-02-09,CUST1464,Fashion,Denim Jeans,North,Mobile App,Debit Card,5,1620.68,0.15,6887.89,1803.79
ORD104154,2025-11-26,CUST1196,Books,Fiction Novel,Central,Mobile App,Credit Card,2,431.19,0.2,689.9,223.89
ORD104155,2025-05-07,CUST1218,Books,Python Programming,Central,Website,UPI,1,572.22,0.0,572.22,145.54
ORD104156,2025-05-16,CUST2132,Books,Business Management,North,Website,Cash on Delivery,1,531.58,0.05,505.0,125.53
ORD104157,2025-11-14,CUST1813,Electronics,Smart Watch,North,Mobile App,Debit Card,3,3174.65,0.2,7619.16,1381.11
ORD104158,2025-10-17,CUST1065,Fashion,Running Shoes,East,Website,Net Banking,2,2469.34,0.1,4444.81,1200.14
ORD104159,2025-04-18,CUST1414,Books,Business Management,South,Marketplace,UPI,1,451.08,0.0,451.08,125.64
ORD104160,2025-12-26,CUST1767,Electronics,USB-C Hub,South,Marketplace,Cash on Delivery,1,1177.05,0.0,1177.05,217.84
ORD104161,2025-01-05,CUST1159,Fashion,Denim Jeans,East,Marketplace,UPI,1,1539.48,0.05,1462.51,409.69
ORD104162,2025-05-15,CUST1315,Electronics,Bluetooth Speaker,Central,Website,UPI,4,1673.8,0.1,6025.68,959.09
ORD104163,2025-05-13,CUST2188,Electronics,Smart Watch,Central,Marketplace,UPI,2,3455.84,0.2,5529.34,975.04
ORD104164,2025-05-19,CUST1330,Home & Kitchen,Air Fryer,Central,Website,Net Banking,2,4681.74,0.2,7490.78,1685.21
ORD104165,2025-12-01,CUST1368,Home & Kitchen,Air Fryer,Central,Mobile App,Debit Card,5,5167.26,0.0,25836.3,5575.07
ORD104166,2025-07-10,CUST1097,Electronics,USB-C Hub,East,Mobile App,Net Banking,3,1259.92,0.05,3590.77,642.72
ORD104167,2025-08-17,CUST1753,Fashion,Denim Jeans,North,Website,UPI,2,1520.13,0.1,2736.23,722.27
ORD104168,2025-07-11,CUST1943,Electronics,Smart Watch,West,Mobile App,UPI,2,3187.87,0.1,5738.17,842.77
ORD104169,2025-10-26,CUST1021,Fashion,Running Shoes,Central,Mobile App,Credit Card,3,2082.72,0.2,4998.53,1501.67
ORD104170,2025-04-30,CUST1158,Beauty,Perfume,Central,Mobile App,UPI,4,1389.12,0.05,5278.66,1564.69
ORD104171,2025-04-19,CUST1134,Fashion,Backpack,Central,Website,Debit Card,4,1493.41,0.15,5077.59,1282.98
ORD104172,2025-08-19,CUST1764,Beauty,Face Wash,North,Mobile App,UPI,1,421.32,0.0,421.32,124.15
ORD104173,2025-03-04,CUST1717,Fashion,Running Shoes,Central,Mobile App,UPI,2,2108.83,0.0,4217.66,1282.02
ORD104174,2025-11-24,CUST1482,Beauty,Perfume,South,Website,Credit Card,1,1240.59,0.25,930.44,242.59
ORD104175,2025-07-27,CUST1245,Beauty,Shampoo,East,Marketplace,Credit Card,2,527.94,0.0,1055.88,355.66
ORD104176,2025-12-21,CUST1126,Books,Fiction Novel,North,Marketplace,UPI,1,410.99,0.2,328.79,81.9
ORD104177,2025-04-01,CUST1117,Beauty,Shampoo,South,Website,Credit Card,2,481.76,0.05,915.34,260.0
ORD104178,2025-09-20,CUST1294,Fashion,Running Shoes,Central,Website,UPI,1,2262.92,0.0,2262.92,596.25
ORD104179,2025-09-05,CUST1993,Beauty,Face Wash,West,Website,Debit Card,1,360.61,0.1,324.55,96.46
ORD104180,2025-05-27,CUST1840,Beauty,Perfume,North,Website,UPI,1,1401.01,0.05,1330.96,439.19
ORD104181,2025-11-08,CUST1575,Beauty,Sunscreen,East,Website,Credit Card,2,751.04,0.1,1351.87,364.31
ORD104182,2025-12-24,CUST1302,Fashion,Denim Jeans,East,Website,UPI,2,1620.31,0.0,3240.62,821.65
ORD104183,2025-12-02,CUST1277,Electronics,Bluetooth Speaker,West,Website,Credit Card,2,1781.88,0.15,3029.2,500.44
ORD104184,2025-06-20,CUST2025,Home & Kitchen,Electric Kettle,East,Website,Net Banking,1,1722.81,0.05,1636.67,294.91
ORD104185,2025-07-12,CUST1958,Electronics,Bluetooth Speaker,North,Marketplace,Cash on Delivery,2,1735.29,0.0,3470.58,605.03
ORD104186,2025-10-27,CUST2104,Fashion,Casual Shirt,South,Website,UPI,1,1092.71,0.2,874.17,231.87
ORD104187,2025-10-01,CUST1591,Electronics,Bluetooth Speaker,North,Marketplace,Credit Card,3,1798.06,0.25,4045.64,795.82
ORD104188,2025-02-22,CUST1902,Electronics,Bluetooth Speaker,North,Website,UPI,3,1910.38,0.05,5444.58,882.26
ORD104189,2025-08-16,CUST1759,Beauty,Sunscreen,Central,Website,UPI,1,644.41,0.2,515.53,159.52
ORD104190,2025-03-08,CUST1294,Beauty,Face Wash,South,Mobile App,Cash on Delivery,1,366.03,0.1,329.43,104.7
ORD104191,2025-11-28,CUST1638,Electronics,Wireless Headphones,South,Website,UPI,2,2434.55,0.15,4138.74,769.42
ORD104192,2025-04-23,CUST1122,Electronics,Smart Watch,East,Website,Net Banking,1,3359.19,0.1,3023.27,500.48
ORD104193,2025-01-22,CUST2174,Fashion,Cotton T-Shirt,Central,Mobile App,Credit Card,1,675.97,0.0,675.97,175.31
ORD104194,2025-09-17,CUST1200,Fashion,Backpack,Central,Mobile App,Debit Card,3,1284.56,0.25,2890.26,769.98
ORD104195,2025-12-05,CUST1945,Electronics,USB-C Hub,North,Website,UPI,1,1313.14,0.0,1313.14,239.75
ORD104196,2025-12-21,Unknown,Beauty,Shampoo,East,Marketplace,Cash on Delivery,3,513.19,0.05,1462.59,484.91
ORD104197,2025-09-02,CUST1982,Beauty,Shampoo,West,Mobile App,Credit Card,2,462.14,0.05,878.07,271.14
ORD104198,2025-02-01,CUST1235,Books,Fiction Novel,North,Website,Cash on Delivery,1,435.07,0.2,348.06,85.22
ORD104199,2025-10-06,CUST1969,Books,Data Analytics Guide,West,Website,UPI,1,817.12,0.25,612.84,184.19
ORD104200,2025-05-10,CUST2025,Home & Kitchen,Storage Container Set,North,Mobile App,Credit Card,1,966.25,0.0,966.25,214.71
ORD104201,2025-05-01,CUST1452,Beauty,Sunscreen,South,Mobile App,Net Banking,1,695.93,0.0,695.93,247.8
ORD104202,2025-04-05,CUST1507,Fashion,Casual Shirt,East,Marketplace,UPI,1,1259.02,0.15,1070.17,335.22
ORD104203,2025-05-14,CUST1718,Electronics,Power Bank,East,Website,UPI,1,1095.36,0.0,1095.36,151.89
ORD104204,2025-02-11,CUST1690,Fashion,Running Shoes,North,Website,Cash on Delivery,3,2430.71,0.05,6927.52,1788.56
ORD104205,2025-10-23,CUST1385,Home & Kitchen,Air Fryer,North,Website,UPI,1,4501.15,0.05,4276.09,819.14
ORD104206,2025-01-17,CUST1088,Electronics,Wireless Headphones,West,Website,Debit Card,1,2558.15,0.1,2302.34,427.94
ORD104207,2025-07-13,CUST1101,Books,Machine Learning Basics,South,Website,Cash on Delivery,1,943.51,0.15,801.98,224.56
ORD104208,2025-05-19,CUST1886,Fashion,Cotton T-Shirt,South,Website,Net Banking,1,751.42,0.15,638.71,162.57
ORD104209,2025-01-21,CUST1245,Fashion,Denim Jeans,East,Mobile App,UPI,2,1392.52,0.0,2785.04,783.74
ORD104210,2025-07-11,CUST1616,Home & Kitchen,Storage Container Set,West,Mobile App,Cash on Delivery,3,965.48,0.0,2896.44,503.46
ORD104211,2025-09-12,CUST1956,Home & Kitchen,Electric Kettle,East,Website,Debit Card,1,1613.67,0.0,1613.67,293.38
ORD104212,2025-08-05,CUST1381,Books,Business Management,Central,Marketplace,Debit Card,1,540.47,0.15,459.4,107.71
ORD104213,2025-08-30,CUST1931,Fashion,Running Shoes,South,Website,Debit Card,1,2338.18,0.15,1987.45,540.96
ORD104214,2025-09-21,CUST1899,Beauty,Face Wash,Central,Mobile App,UPI,1,392.16,0.1,352.94,99.19
ORD104215,2025-12-17,CUST2082,Electronics,Bluetooth Speaker,North,Website,Cash on Delivery,1,1837.76,0.0,1837.76,280.53
ORD104216,2025-03-18,CUST1329,Fashion,Denim Jeans,West,Website,UPI,2,1430.62,0.05,2718.18,627.14
ORD104217,2025-03-24,CUST1341,Fashion,Casual Shirt,West,Mobile App,UPI,1,1296.55,0.05,1231.72,370.46
ORD104218,2025-07-01,CUST1921,Books,Business Management,East,Website,UPI,1,495.23,0.15,420.95,108.98
ORD104219,2025-03-24,CUST1269,Electronics,Power Bank,Central,Marketplace,Cash on Delivery,2,901.0,0.25,1351.5,205.48
ORD104220,2025-06-27,CUST1005,Home & Kitchen,Storage Container Set,Central,Website,Cash on Delivery,1,829.87,0.15,705.39,122.05
ORD104221,2025-04-15,CUST2110,Beauty,Shampoo,West,Website,Credit Card,3,500.8,0.15,1277.04,356.3
ORD104222,2025-04-23,CUST1865,Home & Kitchen,Storage Container Set,East,Website,UPI,2,819.7,0.1,1475.46,299.48
ORD104223,2025-04-21,CUST2089,Fashion,Casual Shirt,North,Mobile App,Debit Card,4,1247.5,0.2,3992.0,860.96
ORD104224,2025-06-13,CUST1366,Books,Business Management,West,Marketplace,Net Banking,1,515.41,0.1,463.87,98.57
ORD104225,2025-12-06,CUST2012,Beauty,Sunscreen,Central,Mobile App,UPI,2,697.45,0.05,1325.16,426.65
ORD104226,2025-04-25,CUST1498,Fashion,Running Shoes,North,Mobile App,Credit Card,2,2347.79,0.1,4226.02,1188.33
ORD104227,2025-12-01,CUST1685,Home & Kitchen,Electric Kettle,North,Website,UPI,1,1526.41,0.05,1450.09,277.5
ORD104228,2025-10-03,CUST1825,Home & Kitchen,Air Fryer,West,Mobile App,Credit Card,2,5386.52,0.15,9157.08,2143.19
ORD104229,2025-07-28,CUST2002,Beauty,Shampoo,West,Mobile App,Cash on Delivery,1,456.36,0.1,410.72,151.4
ORD104230,2025-04-09,CUST2003,Electronics,Smart Watch,North,Mobile App,Cash on Delivery,5,3325.37,0.25,12470.14,2382.41
ORD104231,2025-02-03,CUST1719,Beauty,Face Wash,West,Mobile App,UPI,1,393.61,0.05,373.93,116.38
ORD104232,2025-08-10,CUST1318,Books,Business Management,South,Website,UPI,1,485.09,0.05,460.84,111.36
ORD104233,2025-11-14,CUST1570,Books,Fiction Novel,South,Mobile App,Net Banking,1,392.73,0.15,333.82,63.78
ORD104234,2025-03-03,CUST1568,Beauty,Face Wash,North,Website,Cash on Delivery,2,418.36,0.2,669.38,229.04
ORD104235,2025-05-04,CUST1200,Beauty,Moisturizer,East,Mobile App,UPI,2,602.2,0.05,1144.18,375.0
ORD104236,2025-09-13,CUST1083,Books,Business Management,Central,Marketplace,Cash on Delivery,1,452.78,0.1,407.5,105.16
ORD104237,2025-05-08,CUST1867,Fashion,Cotton T-Shirt,Central,Mobile App,Credit Card,1,718.61,0.0,718.61,206.5
ORD104238,2025-02-11,CUST1405,Home & Kitchen,Electric Kettle,Central,Mobile App,Net Banking,3,1732.91,0.25,3899.05,867.61
ORD104239,2025-08-30,CUST2095,Home & Kitchen,Non-Stick Pan,East,Marketplace,Debit Card,3,1341.09,0.1,3620.94,799.31
ORD104240,2025-11-24,CUST1932,Fashion,Denim Jeans,Central,Website,Debit Card,5,1630.84,0.15,6931.07,1878.96
ORD104241,2025-10-20,CUST1932,Electronics,Power Bank,North,Website,Net Banking,1,1010.12,0.2,808.1,110.25
ORD104242,2025-10-30,CUST2115,Electronics,USB-C Hub,South,Website,Credit Card,2,1276.33,0.1,2297.39,363.97
ORD104243,2025-10-15,CUST1725,Books,Business Management,East,Website,Cash on Delivery,2,480.69,0.15,817.17,214.57
ORD104244,2025-02-08,CUST1473,Books,Data Analytics Guide,Central,Mobile App,Credit Card,1,725.98,0.1,653.38,140.4
ORD104245,2025-12-08,CUST1408,Books,Machine Learning Basics,Central,Mobile App,UPI,1,878.99,0.1,791.09,179.16
ORD104246,2025-10-12,CUST1454,Home & Kitchen,Mixer Grinder,West,Website,UPI,2,3655.72,0.0,7311.44,1443.2
ORD104247,2025-08-20,CUST1796,Books,Data Analytics Guide,West,Website,Cash on Delivery,2,813.34,0.0,1626.68,343.67
ORD104248,2025-06-06,CUST1333,Beauty,Shampoo,North,Marketplace,UPI,1,455.36,0.0,455.36,133.73
ORD104249,2025-10-06,CUST2021,Beauty,Face Wash,North,Website,Debit Card,2,387.88,0.05,736.97,227.97
ORD104250,2025-03-01,CUST1164,Electronics,Smart Watch,South,Mobile App,UPI,2,3051.76,0.05,5798.34,739.27
ORD104251,2025-04-28,CUST1639,Fashion,Backpack,North,Mobile App,Credit Card,1,1327.5,0.1,1194.75,333.44
ORD104252,2025-01-20,CUST1772,Fashion,Denim Jeans,North,Website,Credit Card,3,1503.33,0.05,4284.49,1076.99
ORD104253,2025-07-02,CUST1354,Books,Machine Learning Basics,West,Marketplace,UPI,1,881.04,0.25,660.78,174.02
ORD104254,2025-11-11,CUST1112,Home & Kitchen,Storage Container Set,North,Mobile App,Credit Card,1,910.09,0.0,910.09,197.09
ORD104255,2025-06-23,CUST1247,Books,Fiction Novel,West,Website,Credit Card,3,359.69,0.05,1025.12,273.89
ORD104256,2025-06-16,CUST1726,Home & Kitchen,Air Fryer,Central,Website,Credit Card,2,4898.36,0.0,9796.72,1977.96
ORD104257,2025-05-20,CUST1769,Beauty,Face Wash,North,Website,UPI,1,427.89,0.1,385.1,105.64
ORD104258,2025-12-01,CUST1006,Home & Kitchen,Electric Kettle,Central,Mobile App,UPI,4,1698.19,0.15,5773.85,1579.07
ORD104259,2025-07-13,CUST1266,Books,Fiction Novel,East,Mobile App,UPI,1,404.57,0.0,404.57,119.34
ORD104260,2025-06-16,CUST1662,Beauty,Moisturizer,North,Website,UPI,1,628.61,0.25,471.46,148.87
ORD104261,2025-09-01,CUST1438,Beauty,Sunscreen,East,Website,Net Banking,1,640.8,0.05,608.76,178.78
ORD104262,2025-05-02,CUST1364,Fashion,Backpack,West,Website,UPI,1,1385.59,0.25,1039.19,303.91
ORD104263,2025-12-10,CUST1236,Home & Kitchen,Electric Kettle,East,Website,UPI,1,1680.01,0.15,1428.01,305.6
ORD104264,2025-10-12,CUST1305,Fashion,Cotton T-Shirt,East,Website,UPI,2,662.64,0.1,1192.75,293.98
ORD104265,2025-02-20,CUST1234,Home & Kitchen,Storage Container Set,South,Marketplace,Cash on Delivery,1,927.77,0.1,834.99,166.62
ORD104266,2025-03-12,CUST1210,Books,Data Analytics Guide,North,Website,Debit Card,5,780.75,0.1,3513.38,976.74
ORD104267,2025-03-30,CUST1692,Fashion,Cotton T-Shirt,West,Marketplace,Debit Card,3,729.57,0.0,2188.71,643.98
ORD104268,2025-05-21,CUST2099,Electronics,Smart Watch,South,Website,Debit Card,1,3336.56,0.2,2669.25,391.66
ORD104269,2025-11-04,CUST1779,Beauty,Face Wash,East,Website,Credit Card,1,370.1,0.05,351.6,115.99
ORD104270,2025-11-05,CUST2064,Electronics,Power Bank,North,Website,Debit Card,1,971.01,0.1,873.91,173.93
ORD104271,2025-02-28,CUST1457,Fashion,Casual Shirt,North,Mobile App,Credit Card,1,1098.87,0.1,988.98,320.57
ORD104272,2025-12-12,CUST1305,Books,Business Management,Central,Mobile App,UPI,3,505.2,0.2,1212.48,290.87
ORD104273,2025-06-04,CUST1245,Electronics,Bluetooth Speaker,North,Website,Net Banking,2,1943.59,0.0,3887.18,633.52
ORD104274,2025-06-17,CUST2138,Electronics,USB-C Hub,Central,Mobile App,Debit Card,1,1362.61,0.1,1226.35,131.06
ORD104275,2025-06-07,CUST1384,Electronics,USB-C Hub,North,Marketplace,Cash on Delivery,1,1401.1,0.0,1401.1,273.48
ORD104276,2025-06-12,CUST1266,Books,Business Management,South,Website,Credit Card,2,465.87,0.0,931.74,266.66
ORD104277,2025-12-12,CUST1715,Electronics,Power Bank,South,Mobile App,Cash on Delivery,2,914.88,0.1,1646.78,223.84
ORD104278,2025-10-23,CUST1766,Electronics,USB-C Hub,South,Marketplace,UPI,1,1183.6,0.15,1006.06,173.55
ORD104279,2025-11-28,CUST1282,Electronics,USB-C Hub,North,Marketplace,Credit Card,1,1385.67,0.05,1316.39,226.49
ORD104280,2025-01-20,CUST1536,Home & Kitchen,Electric Kettle,East,Website,UPI,2,1747.8,0.05,3320.82,604.91
ORD104281,2025-07-20,CUST1938,Fashion,Denim Jeans,North,Mobile App,UPI,2,1614.66,0.05,3067.85,848.91
ORD104282,2025-02-04,CUST1177,Home & Kitchen,Electric Kettle,West,Website,UPI,5,1582.06,0.05,7514.78,1295.37
ORD104283,2025-11-13,CUST1406,Home & Kitchen,Non-Stick Pan,East,Website,Net Banking,2,1262.67,0.1,2272.81,459.1
ORD104284,2025-10-24,CUST1584,Home & Kitchen,Air Fryer,South,Marketplace,UPI,1,5096.58,0.15,4332.09,764.63
ORD104285,2025-02-06,CUST1473,Electronics,Smart Watch,North,Website,UPI,2,2980.1,0.05,5662.19,1065.9
ORD104286,2025-09-19,CUST1179,Electronics,USB-C Hub,West,Mobile App,Debit Card,1,1242.58,0.1,1118.32,193.69
ORD104287,2025-02-11,CUST1597,Home & Kitchen,Non-Stick Pan,North,Website,Debit Card,1,1183.0,0.1,1064.7,188.19
ORD104288,2025-11-19,CUST1864,Books,Python Programming,North,Mobile App,Cash on Delivery,2,545.02,0.1,981.04,203.14
ORD104289,2025-06-12,CUST1003,Home & Kitchen,Non-Stick Pan,North,Mobile App,UPI,1,1340.72,0.15,1139.61,271.04
ORD104290,2025-05-23,CUST1268,Home & Kitchen,Mixer Grinder,East,Mobile App,UPI,1,3707.21,0.0,3707.21,734.49
ORD104291,2025-08-28,CUST1630,Fashion,Denim Jeans,North,Mobile App,Cash on Delivery,4,1556.01,0.1,5601.64,1436.24
ORD104292,2025-07-10,CUST1973,Electronics,USB-C Hub,North,Website,Cash on Delivery,2,1402.16,0.05,2664.1,564.4
ORD104293,2025-10-12,CUST1417,Electronics,Power Bank,North,Mobile App,Debit Card,2,972.4,0.05,1847.56,320.16
ORD104294,2025-11-07,CUST1310,Beauty,Perfume,North,Website,Debit Card,3,1224.74,0.1,3306.8,1093.62
ORD104295,2025-02-25,CUST1192,Electronics,Power Bank,West,Mobile App,Cash on Delivery,1,906.08,0.0,906.08,168.23
ORD104296,2025-06-11,CUST1594,Electronics,Smart Watch,East,Website,Debit Card,1,3614.28,0.0,3614.28,601.75
ORD104297,2025-10-02,CUST1913,Home & Kitchen,Electric Kettle,South,Marketplace,Debit Card,1,1689.46,0.05,1604.99,317.6
ORD104298,2025-07-08,CUST1317,Electronics,Wireless Headphones,East,Mobile App,UPI,4,2692.18,0.05,10230.28,2033.04
ORD104299,2025-08-18,CUST1857,Books,Machine Learning Basics,East,Mobile App,Credit Card,1,891.61,0.05,847.03,198.53
ORD104300,2025-07-08,CUST1386,Beauty,Moisturizer,North,Marketplace,UPI,1,540.48,0.1,486.43,157.61
ORD104301,2025-04-11,CUST2071,Electronics,Power Bank,South,Website,Credit Card,1,1076.58,0.1,968.92,170.54
ORD104302,2025-08-07,CUST1201,Beauty,Sunscreen,South,Mobile App,Credit Card,1,641.02,0.25,480.76,150.3
ORD104303,2025-03-18,CUST1078,Fashion,Running Shoes,West,Mobile App,Credit Card,2,2317.73,0.25,3476.6,886.5
ORD104304,2025-09-16,CUST1095,Home & Kitchen,Air Fryer,Central,Mobile App,UPI,4,5451.74,0.05,20716.61,4347.81
ORD104305,2025-03-16,CUST1060,Beauty,Face Wash,North,Website,UPI,5,423.74,0.05,2012.76,621.85
ORD104306,2025-07-26,CUST2174,Home & Kitchen,Mixer Grinder,East,Marketplace,Net Banking,3,3798.44,0.15,9686.02,2213.22
ORD104307,2025-08-27,CUST2006,Fashion,Denim Jeans,North,Website,Debit Card,2,1526.16,0.05,2899.7,859.55
ORD104308,2025-03-21,CUST1180,Fashion,Denim Jeans,West,Marketplace,UPI,1,1403.8,0.15,1193.23,365.11
ORD104309,2025-08-10,CUST1805,Books,Fiction Novel,Central,Website,Debit Card,4,402.08,0.05,1527.9,348.51
ORD104310,2025-02-08,CUST1075,Books,Data Analytics Guide,North,Website,Debit Card,2,790.97,0.05,1502.84,440.55
ORD104311,2025-10-05,CUST1901,Fashion,Casual Shirt,South,Website,Credit Card,1,1186.27,0.1,1067.64,279.51
ORD104312,2025-12-28,CUST1999,Fashion,Casual Shirt,West,Marketplace,Credit Card,1,1242.35,0.2,993.88,327.32
ORD104313,2025-09-19,CUST1181,Home & Kitchen,Air Fryer,East,Website,UPI,2,4861.66,0.15,8264.82,1334.36
ORD104314,2025-07-17,CUST1767,Home & Kitchen,Storage Container Set,Central,Website,Debit Card,1,897.52,0.2,718.02,141.85
ORD104315,2025-08-30,CUST1790,Books,Fiction Novel,East,Website,Net Banking,1,433.68,0.0,433.68,109.93
ORD104316,2025-03-18,CUST1537,Books,Fiction Novel,Central,Mobile App,UPI,2,401.97,0.1,723.55,179.42
ORD104317,2025-09-06,CUST1852,Beauty,Shampoo,North,Mobile App,Credit Card,3,505.17,0.05,1439.73,382.08
ORD104318,2025-05-05,CUST1812,Books,Business Management,South,Website,Net Banking,1,515.73,0.1,464.16,121.37
ORD104319,2025-09-15,CUST1290,Books,Business Management,Central,Marketplace,Credit Card,1,482.46,0.0,482.46,115.94
ORD104320,2025-04-28,CUST1744,Home & Kitchen,Mixer Grinder,Central,Mobile App,Net Banking,1,3183.72,0.05,3024.53,447.61
ORD104321,2025-06-11,CUST2110,Fashion,Casual Shirt,Central,Website,UPI,2,1110.63,0.05,2110.2,536.43
ORD104322,2025-03-12,CUST1271,Electronics,Wireless Headphones,North,Website,UPI,1,2744.74,0.25,2058.55,360.24
ORD104323,2025-03-10,CUST2109,Home & Kitchen,Storage Container Set,West,Website,Debit Card,1,871.84,0.2,697.47,120.77
ORD104324,2025-05-22,CUST1634,Beauty,Sunscreen,Central,Website,UPI,1,758.95,0.15,645.11,201.35
ORD104325,2025-06-06,CUST2030,Electronics,Power Bank,South,Mobile App,Credit Card,1,899.98,0.0,899.98,170.28
ORD104326,2025-07-20,CUST1580,Books,Business Management,South,Mobile App,Debit Card,1,497.81,0.0,497.81,133.35
ORD104327,2025-12-23,CUST1521,Fashion,Backpack,West,Mobile App,Cash on Delivery,2,1334.6,0.1,2402.28,679.3
ORD104328,2025-12-01,CUST1374,Electronics,Smart Watch,North,Website,Cash on Delivery,2,3081.42,0.0,6162.84,1063.27
ORD104329,2025-09-17,CUST1448,Books,Business Management,Central,Mobile App,Net Banking,1,510.12,0.1,459.11,115.95
ORD104330,2025-10-19,CUST1022,Books,Fiction Novel,North,Mobile App,Debit Card,1,425.39,0.15,361.58,79.97
ORD104331,2025-08-24,CUST2004,Home & Kitchen,Storage Container Set,South,Website,Cash on Delivery,3,903.81,0.15,2304.72,438.02
ORD104332,2025-02-18,CUST1017,Electronics,Smart Watch,Central,Marketplace,Credit Card,1,3047.83,0.0,3047.83,463.96
ORD104333,2025-01-12,CUST1356,Books,Python Programming,North,Marketplace,Cash on Delivery,1,593.62,0.0,593.62,147.41
ORD104334,2025-03-08,CUST1320,Books,Python Programming,South,Mobile App,UPI,3,601.9,0.2,1444.56,313.89
ORD104335,2025-06-24,CUST2098,Fashion,Casual Shirt,West,Mobile App,UPI,1,1086.15,0.05,1031.84,291.38
ORD104336,2025-07-24,CUST1521,Beauty,Shampoo,North,Website,Net Banking,4,483.04,0.1,1738.94,633.13
ORD104337,2025-06-13,CUST1557,Fashion,Denim Jeans,East,Mobile App,UPI,3,1536.5,0.15,3918.08,1178.14
ORD104338,2025-12-02,CUST1054,Electronics,USB-C Hub,Central,Mobile App,Debit Card,1,1246.5,0.05,1184.18,213.21
ORD104339,2025-02-06,CUST1183,Beauty,Perfume,West,Website,Cash on Delivery,1,1391.54,0.0,1391.54,459.22
ORD104340,2025-11-24,CUST1401,Books,Python Programming,East,Marketplace,Credit Card,2,613.18,0.1,1103.72,314.95
ORD104341,2025-07-26,CUST1926,Fashion,Running Shoes,East,Website,Net Banking,1,2425.58,0.0,2425.58,705.72
ORD104342,2025-12-01,CUST1659,Home & Kitchen,Mixer Grinder,North,Website,Debit Card,1,3676.91,0.1,3309.22,755.32
ORD104343,2025-04-30,CUST1864,Books,Python Programming,South,Mobile App,UPI,2,581.84,0.05,1105.5,284.07
ORD104344,2025-08-27,CUST1289,Books,Business Management,West,Mobile App,Debit Card,3,475.24,0.05,1354.43,290.57
ORD104345,2025-08-14,CUST2195,Beauty,Sunscreen,Central,Website,UPI,2,678.21,0.0,1356.42,423.28
ORD104346,2025-03-23,CUST1041,Books,Business Management,South,Website,Debit Card,2,501.85,0.1,903.33,234.79
ORD104347,2025-02-15,CUST1262,Books,Python Programming,Central,Marketplace,UPI,3,588.69,0.1,1589.46,355.2
ORD104348,2025-09-04,CUST1016,Fashion,Cotton T-Shirt,West,Website,Net Banking,1,709.17,0.0,709.17,209.79
ORD104349,2025-12-24,CUST1390,Beauty,Face Wash,West,Website,Debit Card,2,392.64,0.0,785.28,248.42
ORD104350,2025-12-28,CUST1499,Books,Data Analytics Guide,West,Website,Net Banking,5,748.35,0.1,3367.58,940.4
ORD104351,2025-06-02,CUST1772,Home & Kitchen,Non-Stick Pan,West,Mobile App,Debit Card,3,1395.97,0.05,3978.51,611.15
ORD104352,2025-12-28,CUST1183,Electronics,Smart Watch,East,Website,Credit Card,3,3480.19,0.2,8352.46,1244.11
ORD104353,2025-06-13,CUST1991,Electronics,Smart Watch,West,Website,UPI,2,3127.56,0.0,6255.12,890.96
ORD104354,2025-04-07,CUST1407,Fashion,Backpack,Central,Mobile App,Debit Card,1,1487.1,0.15,1264.03,327.69
ORD104355,2025-10-22,CUST1061,Books,Business Management,Central,Mobile App,UPI,3,451.57,0.0,1354.71,378.94
ORD104356,2025-05-28,CUST1930,Electronics,Smart Watch,Central,Mobile App,UPI,1,3580.75,0.1,3222.68,391.97
ORD104357,2025-12-28,CUST1222,Fashion,Cotton T-Shirt,South,Website,UPI,3,768.06,0.0,2304.18,575.73
ORD104358,2025-03-06,CUST1892,Fashion,Running Shoes,North,Mobile App,Net Banking,1,2281.12,0.0,2281.12,657.68
ORD104359,2025-02-07,CUST1037,Electronics,USB-C Hub,South,Website,UPI,1,1398.05,0.1,1258.24,153.11
ORD104360,2025-01-23,CUST1350,Fashion,Cotton T-Shirt,North,Mobile App,Credit Card,3,649.13,0.1,1752.65,556.62
ORD104361,2025-10-02,CUST1344,Fashion,Cotton T-Shirt,North,Mobile App,UPI,1,659.18,0.25,494.38,159.56
ORD104362,2025-07-18,CUST1888,Home & Kitchen,Mixer Grinder,South,Website,Credit Card,1,3267.94,0.05,3104.54,516.43
ORD104363,2025-09-18,CUST1620,Electronics,Power Bank,Central,Website,UPI,3,956.41,0.05,2725.77,297.33
ORD104364,2025-12-02,CUST1660,Fashion,Casual Shirt,North,Mobile App,Credit Card,1,1104.73,0.0,1104.73,350.49
ORD104365,2025-12-22,CUST1787,Fashion,Cotton T-Shirt,Central,Mobile App,UPI,2,707.1,0.1,1272.78,329.36
ORD104366,2025-02-04,CUST1895,Books,Data Analytics Guide,East,Website,Cash on Delivery,5,689.57,0.0,3447.85,945.42
ORD104367,2025-11-13,CUST1916,Home & Kitchen,Storage Container Set,West,Website,Net Banking,1,826.58,0.1,743.92,171.51
ORD104368,2025-11-18,CUST2000,Fashion,Casual Shirt,West,Website,Cash on Delivery,1,1150.85,0.2,920.68,289.58
ORD104369,2025-10-31,CUST2031,Electronics,Power Bank,East,Mobile App,UPI,2,1005.63,0.15,1709.57,285.64
ORD104370,2025-08-17,CUST1345,Electronics,Wireless Headphones,Central,Marketplace,Debit Card,4,2381.4,0.2,7620.48,1394.28
ORD104371,2025-06-23,CUST2148,Electronics,Power Bank,North,Website,UPI,2,1057.31,0.0,2114.62,357.4
ORD104372,2025-12-26,CUST2155,Fashion,Backpack,South,Mobile App,Net Banking,3,1422.04,0.2,3412.9,1049.26
ORD104373,2025-09-11,CUST1417,Fashion,Denim Jeans,West,Website,UPI,1,1585.15,0.15,1347.38,340.16
ORD104374,2025-12-18,CUST1195,Home & Kitchen,Mixer Grinder,North,Website,UPI,3,3178.09,0.15,8104.13,1576.58
ORD104375,2025-01-17,CUST1498,Fashion,Casual Shirt,Central,Mobile App,Cash on Delivery,1,1279.57,0.0,1279.57,376.51
ORD104376,2025-11-11,CUST1614,Electronics,Bluetooth Speaker,Central,Mobile App,UPI,1,1706.72,0.15,1450.71,237.7
ORD104377,2025-06-23,CUST1932,Beauty,Sunscreen,East,Website,Net Banking,1,713.41,0.1,642.07,189.59
ORD104378,2025-08-04,CUST1107,Electronics,USB-C Hub,North,Marketplace,Cash on Delivery,2,1417.59,0.1,2551.66,410.93
ORD104379,2025-01-20,CUST1741,Electronics,Power Bank,East,Website,UPI,2,1089.76,0.1,1961.57,336.94
ORD104380,2025-08-15,CUST1649,Books,Data Analytics Guide,West,Mobile App,Debit Card,2,778.94,0.1,1402.09,371.45
ORD104381,2025-03-21,CUST1020,Fashion,Running Shoes,East,Website,UPI,3,2413.19,0.0,7239.57,1783.45
ORD104382,2025-01-29,CUST1135,Beauty,Perfume,Central,Mobile App,Credit Card,2,1284.65,0.05,2440.84,733.4
ORD104383,2025-08-27,CUST1726,Electronics,Power Bank,East,Mobile App,Net Banking,1,937.55,0.1,843.8,142.13
ORD104384,2025-03-20,CUST1592,Fashion,Casual Shirt,North,Website,Cash on Delivery,2,1185.66,0.15,2015.62,577.7
ORD104385,2025-02-10,CUST1133,Electronics,Wireless Headphones,Central,Website,Net Banking,1,2723.19,0.1,2450.87,391.85
ORD104386,2025-11-27,CUST1564,Fashion,Backpack,North,Mobile App,Cash on Delivery,3,1442.38,0.0,4327.14,1039.93
ORD104387,2025-09-28,CUST2045,Fashion,Backpack,West,Website,UPI,1,1490.62,0.05,1416.09,338.65
ORD104388,2025-10-23,CUST1954,Books,Data Analytics Guide,North,Website,Debit Card,1,704.8,0.05,669.56,171.29
ORD104389,2025-12-28,CUST1476,Fashion,Running Shoes,North,Marketplace,UPI,2,2184.72,0.05,4150.97,1312.55
ORD104390,2025-09-28,CUST1808,Electronics,Smart Watch,Central,Website,Cash on Delivery,1,3476.96,0.0,3476.96,483.35
ORD104391,2025-02-12,CUST2072,Books,Fiction Novel,South,Mobile App,Debit Card,1,369.01,0.2,295.21,70.37
ORD104392,2025-01-02,CUST1899,Books,Python Programming,Central,Website,Net Banking,3,571.52,0.1,1543.1,370.91
ORD104393,2025-04-07,CUST1704,Fashion,Denim Jeans,East,Mobile App,UPI,2,1624.6,0.15,2761.82,716.06
ORD104394,2025-07-30,CUST1011,Electronics,USB-C Hub,South,Mobile App,Cash on Delivery,1,1204.24,0.1,1083.82,164.02
ORD104395,2025-04-29,CUST1376,Electronics,USB-C Hub,South,Mobile App,Credit Card,1,1226.89,0.1,1104.2,175.39
ORD104396,2025-12-20,CUST1813,Electronics,Bluetooth Speaker,Central,Marketplace,Cash on Delivery,2,1770.61,0.0,3541.22,652.62
ORD104397,2025-03-14,CUST1982,Electronics,Wireless Headphones,North,Mobile App,Credit Card,1,2646.91,0.2,2117.53,335.76
ORD104398,2025-09-19,CUST1442,Home & Kitchen,Non-Stick Pan,Central,Mobile App,UPI,2,1324.59,0.05,2516.72,582.04
ORD104399,2025-03-27,CUST2133,Fashion,Backpack,Central,Mobile App,Credit Card,1,1516.8,0.1,1365.12,449.61
ORD104400,2025-09-21,CUST1735,Books,Data Analytics Guide,South,Marketplace,Debit Card,2,766.07,0.1,1378.93,298.71
ORD104401,2025-04-30,CUST1214,Beauty,Shampoo,North,Mobile App,Debit Card,1,458.16,0.1,412.34,134.82
ORD104402,2025-03-31,CUST1757,Electronics,Smart Watch,Central,Website,Debit Card,1,3324.86,0.2,2659.89,474.91
ORD104403,2025-02-15,CUST1568,Fashion,Backpack,Central,Mobile App,UPI,3,1519.97,0.2,3647.93,975.0
ORD104404,2025-01-05,CUST2090,Electronics,Power Bank,East,Website,Net Banking,2,974.53,0.1,1754.15,265.08
ORD104405,2025-02-05,CUST1988,Home & Kitchen,Electric Kettle,North,Marketplace,Debit Card,2,1511.94,0.15,2570.3,474.72
ORD104406,2025-01-13,CUST2081,Beauty,Shampoo,East,Mobile App,Credit Card,1,532.4,0.0,532.4,155.59
ORD104407,2025-03-03,CUST1637,Home & Kitchen,Air Fryer,Central,Website,Credit Card,1,4528.18,0.25,3396.14,579.25
ORD104408,2025-12-21,CUST1904,Fashion,Running Shoes,South,Mobile App,Cash on Delivery,1,2374.53,0.0,2374.53,591.21
ORD104409,2025-04-01,CUST2106,Beauty,Shampoo,East,Website,Debit Card,1,523.16,0.05,497.0,159.14
ORD104410,2025-06-16,CUST1645,Beauty,Sunscreen,North,Website,Net Banking,1,764.74,0.15,650.03,200.3
ORD104411,2025-03-08,CUST1096,Electronics,USB-C Hub,South,Mobile App,Net Banking,2,1221.83,0.1,2199.29,400.5
ORD104412,2025-03-10,CUST1923,Electronics,Bluetooth Speaker,South,Website,Cash on Delivery,1,1936.05,0.0,1936.05,330.21
ORD104413,2025-12-12,CUST2165,Home & Kitchen,Mixer Grinder,South,Mobile App,UPI,2,3618.82,0.15,6151.99,1110.9
ORD104414,2025-08-23,CUST1467,Fashion,Cotton T-Shirt,East,Marketplace,Debit Card,2,721.77,0.05,1371.36,377.47
ORD104415,2025-08-05,CUST1345,Fashion,Casual Shirt,North,Mobile App,Cash on Delivery,5,1298.43,0.05,6167.54,1779.73
ORD104416,2025-03-05,CUST1502,Beauty,Face Wash,West,Website,Credit Card,1,427.3,0.2,341.84,92.76
ORD104417,2025-10-20,CUST1241,Beauty,Perfume,Central,Mobile App,Cash on Delivery,4,1406.71,0.1,5064.16,1803.07
ORD104418,2025-06-09,CUST1087,Electronics,USB-C Hub,East,Website,Cash on Delivery,2,1258.43,0.0,2516.86,480.84
ORD104419,2025-02-23,CUST1443,Home & Kitchen,Non-Stick Pan,Central,Mobile App,Credit Card,1,1329.98,0.1,1196.98,265.56
ORD104420,2025-06-16,CUST2129,Books,Business Management,Central,Website,UPI,1,459.3,0.1,413.37,103.69
ORD104421,2025-07-08,CUST1543,Beauty,Moisturizer,East,Marketplace,Debit Card,1,580.95,0.0,580.95,203.27
ORD104422,2025-11-26,CUST1006,Electronics,Wireless Headphones,West,Website,Cash on Delivery,2,2434.2,0.15,4138.14,633.09
ORD104423,2025-02-17,CUST2027,Electronics,Wireless Headphones,Central,Mobile App,Debit Card,2,2320.01,0.0,4640.02,747.93
ORD104424,2025-08-26,CUST1777,Books,Data Analytics Guide,West,Mobile App,Cash on Delivery,4,818.82,0.1,2947.75,676.08
ORD104425,2025-09-10,CUST1475,Home & Kitchen,Non-Stick Pan,East,Website,Credit Card,1,1230.32,0.0,1230.32,205.05
ORD104426,2025-09-05,CUST1665,Beauty,Shampoo,South,Website,Debit Card,1,543.02,0.1,488.72,170.02
ORD104427,2025-06-23,CUST1186,Electronics,Smart Watch,South,Mobile App,Debit Card,1,3374.14,0.0,3374.14,502.33
ORD104428,2025-02-10,CUST1015,Beauty,Face Wash,East,Website,Credit Card,1,397.18,0.15,337.6,103.91
ORD104429,2025-12-28,CUST1517,Electronics,USB-C Hub,North,Website,UPI,2,1333.08,0.2,2132.93,332.92
ORD104430,2025-05-20,CUST1144,Books,Machine Learning Basics,Central,Mobile App,Debit Card,1,860.95,0.25,645.71,151.51
ORD104431,2025-03-12,CUST1480,Electronics,Wireless Headphones,North,Website,Debit Card,1,2390.62,0.05,2271.09,333.99
ORD104432,2025-08-27,CUST1789,Electronics,Power Bank,Central,Mobile App,UPI,2,1076.43,0.1,1937.57,346.47
ORD104433,2025-05-12,CUST1763,Electronics,USB-C Hub,South,Mobile App,UPI,5,1352.8,0.0,6764.0,929.74
ORD104434,2025-02-08,CUST1425,Electronics,Wireless Headphones,West,Website,Cash on Delivery,1,2471.25,0.15,2100.56,324.25
ORD104435,2025-08-05,CUST1863,Books,Data Analytics Guide,West,Website,Debit Card,5,689.85,0.1,3104.32,737.06
ORD104436,2025-10-02,CUST1602,Fashion,Cotton T-Shirt,West,Mobile App,Credit Card,2,688.28,0.05,1307.73,378.76
ORD104437,2025-09-05,CUST1737,Home & Kitchen,Non-Stick Pan,West,Mobile App,Net Banking,5,1248.61,0.1,5618.74,1065.59
ORD104438,2025-09-07,CUST1423,Books,Machine Learning Basics,East,Website,UPI,4,947.28,0.2,3031.3,852.0
ORD104439,2025-06-11,CUST1736,Beauty,Moisturizer,West,Marketplace,Credit Card,1,600.26,0.1,540.23,164.86
ORD104440,2025-09-11,CUST2190,Books,Fiction Novel,North,Website,Credit Card,2,400.24,0.1,720.43,182.22
ORD104441,2025-02-23,CUST1790,Electronics,Wireless Headphones,Central,Mobile App,UPI,1,2482.51,0.15,2110.13,310.4
ORD104442,2025-03-15,CUST1422,Fashion,Backpack,South,Marketplace,UPI,2,1374.47,0.05,2611.49,698.83
ORD104443,2025-09-15,CUST1502,Books,Data Analytics Guide,Central,Website,Credit Card,1,768.41,0.0,768.41,160.15
ORD104444,2025-12-22,CUST1723,Fashion,Backpack,West,Mobile App,Net Banking,3,1404.86,0.1,3793.12,1096.26
ORD104445,2025-12-02,CUST2180,Electronics,Wireless Headphones,East,Mobile App,UPI,3,2474.71,0.25,5568.1,750.32
ORD104446,2025-07-31,CUST1728,Home & Kitchen,Electric Kettle,West,Marketplace,UPI,2,1633.4,0.0,3266.8,686.93
ORD104447,2025-05-16,CUST1735,Fashion,Backpack,West,Website,UPI,1,1366.57,0.15,1161.58,292.17
ORD104448,2025-05-02,CUST1212,Fashion,Running Shoes,West,Website,UPI,1,2518.31,0.05,2392.39,662.91
ORD104449,2025-08-22,CUST1934,Home & Kitchen,Mixer Grinder,East,Website,UPI,2,3573.35,0.1,6432.03,1514.63
ORD104450,2025-07-18,CUST1994,Beauty,Face Wash,West,Marketplace,UPI,1,402.93,0.0,402.93,128.71
ORD104451,2025-01-25,CUST1092,Home & Kitchen,Storage Container Set,North,Marketplace,Credit Card,2,843.08,0.15,1433.24,250.2
ORD104452,2025-05-10,CUST2155,Fashion,Cotton T-Shirt,East,Website,Net Banking,4,697.72,0.1,2511.79,707.33
ORD104453,2025-03-31,CUST1885,Books,Machine Learning Basics,West,Mobile App,Cash on Delivery,4,898.31,0.05,3413.58,899.22
ORD104454,2025-12-23,CUST2046,Fashion,Backpack,East,Website,Credit Card,2,1278.44,0.1,2301.19,669.39
ORD104455,2025-08-21,CUST1817,Books,Business Management,East,Mobile App,Debit Card,2,463.37,0.15,787.73,203.08
ORD104456,2025-01-12,CUST1198,Beauty,Sunscreen,Central,Marketplace,Credit Card,2,731.63,0.1,1316.93,501.05
ORD104457,2025-09-07,CUST2063,Books,Python Programming,West,Mobile App,Net Banking,1,572.54,0.15,486.66,120.16
ORD104458,2025-04-10,CUST1581,Electronics,Bluetooth Speaker,South,Website,Debit Card,2,1658.34,0.0,3316.68,583.41
ORD104459,2025-06-19,CUST2171,Beauty,Shampoo,West,Website,UPI,2,530.07,0.05,1007.13,295.82
ORD104460,2025-08-01,CUST1004,Beauty,Sunscreen,West,Mobile App,UPI,1,630.44,0.0,630.44,202.26
ORD104461,2025-03-23,CUST1567,Books,Data Analytics Guide,West,Website,Credit Card,1,751.88,0.05,714.29,194.15
ORD104462,2025-04-02,CUST1624,Books,Fiction Novel,West,Mobile App,UPI,2,422.62,0.25,633.93,162.48
ORD104463,2025-12-27,CUST1043,Home & Kitchen,Mixer Grinder,Central,Marketplace,Net Banking,1,3179.64,0.15,2702.69,434.99
ORD104464,2025-09-14,CUST1522,Books,Fiction Novel,South,Mobile App,Debit Card,2,427.42,0.0,854.84,222.09
ORD104465,2025-10-03,CUST1062,Home & Kitchen,Air Fryer,East,Mobile App,UPI,1,4776.73,0.2,3821.38,888.05
ORD104466,2025-08-12,CUST1431,Books,Python Programming,West,Website,Cash on Delivery,3,559.58,0.0,1678.74,465.41
ORD104467,2025-03-13,CUST1990,Books,Data Analytics Guide,East,Mobile App,UPI,2,813.68,0.05,1545.99,367.37
ORD104468,2025-11-27,CUST1038,Electronics,Smart Watch,West,Website,Debit Card,3,3369.78,0.1,9098.41,1161.44
ORD104469,2025-07-01,CUST1152,Home & Kitchen,Electric Kettle,Central,Marketplace,Credit Card,1,1567.46,0.05,1489.09,290.06
ORD104470,2025-05-13,CUST1388,Fashion,Casual Shirt,Central,Marketplace,Cash on Delivery,1,1119.96,0.0,1119.96,285.84
ORD104471,2025-06-11,CUST1095,Beauty,Moisturizer,South,Marketplace,Net Banking,2,656.86,0.0,1313.72,419.93
ORD104472,2025-07-01,CUST1820,Home & Kitchen,Non-Stick Pan,East,Website,Credit Card,1,1182.31,0.1,1064.08,204.88
ORD104473,2025-10-17,CUST1367,Fashion,Unknown,East,Mobile App,Cash on Delivery,1,692.31,0.2,553.85,168.81
ORD104474,2025-03-31,CUST2049,Electronics,Power Bank,North,Website,UPI,1,1090.28,0.2,872.22,147.36
ORD104475,2025-09-13,CUST2031,Books,Fiction Novel,West,Mobile App,Net Banking,1,432.06,0.0,432.06,92.22
ORD104476,2025-09-03,CUST1063,Fashion,Denim Jeans,Central,Mobile App,Net Banking,4,1399.76,0.0,5599.04,1622.32
ORD104477,2025-01-21,CUST1154,Books,Python Programming,North,Mobile App,UPI,1,656.66,0.2,525.33,116.29
ORD104478,2025-10-20,CUST1066,Fashion,Casual Shirt,North,Website,Credit Card,1,1225.41,0.1,1102.87,300.15
ORD104479,2025-09-24,CUST1794,Fashion,Backpack,West,Mobile App,Debit Card,3,1330.78,0.1,3593.11,1137.84
ORD104480,2025-02-20,CUST1972,Fashion,Running Shoes,North,Marketplace,UPI,1,2073.55,0.0,2073.55,575.44
ORD104481,2025-09-23,CUST1144,Electronics,Wireless Headphones,East,Website,Net Banking,1,2494.89,0.2,1995.91,305.95
ORD104482,2025-07-05,CUST1591,Beauty,Shampoo,West,Website,Net Banking,1,518.51,0.0,518.51,165.63
ORD104483,2025-05-31,CUST1204,Electronics,USB-C Hub,Central,Website,Credit Card,1,1331.52,0.15,1131.79,199.33
ORD104484,2025-09-14,CUST1867,Beauty,Shampoo,Central,Marketplace,UPI,2,478.33,0.0,956.66,327.86
ORD104485,2025-09-03,CUST1801,Electronics,Power Bank,Central,Mobile App,UPI,3,1056.0,0.0,3168.0,562.0
ORD104486,2025-07-11,CUST1558,Home & Kitchen,Storage Container Set,Central,Mobile App,Net Banking,4,934.63,0.05,3551.59,733.89
ORD104487,2025-12-06,CUST1420,Home & Kitchen,Mixer Grinder,Central,Website,UPI,2,3769.9,0.15,6408.83,1182.33
ORD104488,2025-10-18,CUST1801,Electronics,Smart Watch,North,Mobile App,UPI,3,3523.55,0.0,10570.65,1500.94
ORD104489,2025-09-10,CUST1593,Electronics,Wireless Headphones,West,Mobile App,Debit Card,2,2516.09,0.25,3774.14,416.08
ORD104490,2025-01-05,CUST2173,Fashion,Running Shoes,Central,Website,UPI,1,2221.35,0.0,2221.35,613.71
ORD104491,2025-11-23,CUST2164,Home & Kitchen,Mixer Grinder,West,Mobile App,Cash on Delivery,1,3515.57,0.0,3515.57,630.61
ORD104492,2025-07-25,CUST1639,Fashion,Denim Jeans,South,Mobile App,Cash on Delivery,1,1614.8,0.1,1453.32,450.41
ORD104493,2025-09-06,CUST1702,Beauty,Face Wash,North,Website,UPI,1,396.44,0.15,336.97,113.18
ORD104494,2025-01-01,CUST1876,Books,Data Analytics Guide,Central,Website,UPI,1,708.16,0.05,672.75,191.42
ORD104495,2025-06-17,CUST1391,Books,Machine Learning Basics,East,Website,Credit Card,1,953.35,0.2,762.68,200.09
ORD104496,2025-01-26,CUST2198,Electronics,Wireless Headphones,Central,Marketplace,UPI,1,2628.98,0.0,2628.98,424.77
ORD104497,2025-09-15,CUST1054,Fashion,Cotton T-Shirt,West,Mobile App,Credit Card,1,657.58,0.2,526.06,147.85
ORD104498,2025-07-08,CUST1053,Electronics,Bluetooth Speaker,North,Mobile App,Credit Card,1,1977.1,0.15,1680.54,253.44
ORD104499,2025-12-06,CUST1866,Home & Kitchen,Mixer Grinder,North,Mobile App,Debit Card,3,3689.03,0.1,9960.38,2228.55
ORD104500,2025-10-25,CUST1013,Beauty,Shampoo,Central,Mobile App,Net Banking,2,456.64,0.05,867.62,278.09
ORD104501,2025-03-10,CUST1308,Electronics,Wireless Headphones,West,Mobile App,UPI,1,2295.08,0.1,2065.57,359.61
ORD104502,2025-01-05,CUST1691,Fashion,Running Shoes,East,Mobile App,Debit Card,1,2105.65,0.05,2000.37,471.2
ORD104503,2025-02-13,CUST1197,Fashion,Cotton T-Shirt,East,Website,UPI,5,632.07,0.05,3002.33,810.55
ORD104504,2025-12-10,CUST1548,Books,Fiction Novel,East,Website,Cash on Delivery,2,430.86,0.15,732.46,168.58
ORD104505,2025-01-16,CUST1983,Electronics,USB-C Hub,West,Website,Credit Card,5,1281.45,0.2,5125.8,854.08
ORD104506,2025-01-31,CUST1955,Home & Kitchen,Non-Stick Pan,Central,Website,Cash on Delivery,1,1336.42,0.2,1069.14,282.91
ORD104507,2025-03-08,CUST1026,Books,Business Management,Central,Website,Net Banking,2,485.29,0.1,873.52,227.58
ORD104508,2025-03-28,CUST1449,Fashion,Running Shoes,East,Website,UPI,1,2430.48,0.1,2187.43,647.76
ORD104509,2025-11-20,CUST1627,Home & Kitchen,Electric Kettle,Central,Website,UPI,1,1471.82,0.1,1324.64,258.48
ORD104510,2025-12-19,CUST1574,Beauty,Face Wash,Central,Website,UPI,1,379.26,0.15,322.37,101.78
ORD104511,2025-07-18,CUST1683,Books,Business Management,North,Mobile App,Debit Card,2,478.81,0.1,861.86,207.57
ORD104512,2025-08-18,CUST1187,Electronics,Power Bank,North,Website,Credit Card,1,965.36,0.15,820.56,125.08
ORD104513,2025-07-13,CUST1292,Home & Kitchen,Air Fryer,East,Website,UPI,3,4990.68,0.1,13474.84,3184.29
ORD104514,2025-01-15,CUST2168,Beauty,Face Wash,West,Mobile App,Debit Card,2,371.23,0.2,593.97,199.71
ORD104515,2025-03-12,CUST1931,Electronics,Power Bank,West,Website,Debit Card,1,945.75,0.1,851.18,155.9
ORD104516,2025-03-17,CUST1506,Books,Machine Learning Basics,Central,Mobile App,Net Banking,1,923.05,0.05,876.9,208.39
ORD104517,2025-10-11,CUST1178,Fashion,Cotton T-Shirt,South,Marketplace,UPI,1,701.08,0.05,666.03,183.67
ORD104518,2025-03-21,CUST1476,Beauty,Perfume,West,Website,Credit Card,1,1423.05,0.05,1351.9,436.28
ORD104519,2025-09-02,CUST1524,Fashion,Casual Shirt,West,Website,UPI,3,1114.91,0.0,3344.73,909.47
ORD104520,2025-09-26,CUST1796,Books,Machine Learning Basics,Central,Website,UPI,2,926.92,0.15,1575.76,359.7
ORD104521,2025-09-18,CUST1490,Home & Kitchen,Storage Container Set,East,Mobile App,Credit Card,2,857.75,0.0,1715.5,349.47
ORD104522,2025-03-02,CUST1364,Fashion,Casual Shirt,Central,Website,Credit Card,1,1284.48,0.15,1091.81,309.58
ORD104523,2025-04-17,CUST1196,Electronics,Wireless Headphones,North,Website,Net Banking,4,2721.44,0.1,9797.18,1782.29
ORD104524,2025-10-19,CUST1364,Electronics,Bluetooth Speaker,West,Website,Cash on Delivery,4,1750.86,0.0,7003.44,1149.71
ORD104525,2025-01-19,CUST1941,Electronics,Smart Watch,North,Website,Net Banking,1,3343.63,0.0,3343.63,511.78
ORD104526,2025-03-24,CUST1024,Electronics,USB-C Hub,North,Mobile App,UPI,3,1218.93,0.0,3656.79,564.25
ORD104527,2025-01-19,CUST1528,Electronics,Bluetooth Speaker,South,Mobile App,UPI,3,1788.42,0.0,5365.26,788.2
ORD104528,2025-02-11,CUST1165,Home & Kitchen,Mixer Grinder,North,Marketplace,UPI,1,3586.24,0.0,3586.24,819.55
ORD104529,2025-06-02,CUST1323,Electronics,Bluetooth Speaker,West,Mobile App,UPI,1,1843.81,0.15,1567.24,242.32
ORD104530,2025-10-18,CUST1172,Books,Business Management,Central,Marketplace,Debit Card,2,482.79,0.05,917.3,247.37
ORD104531,2025-06-27,CUST1344,Home & Kitchen,Electric Kettle,North,Mobile App,Credit Card,2,1444.89,0.15,2456.31,448.86
ORD104532,2025-10-16,CUST1137,Beauty,Perfume,South,Website,UPI,1,1359.67,0.1,1223.7,380.76
ORD104533,2025-10-17,CUST1863,Electronics,USB-C Hub,East,Mobile App,Net Banking,3,1203.69,0.05,3430.52,561.69
ORD104534,2025-06-29,CUST1214,Home & Kitchen,Mixer Grinder,North,Website,Cash on Delivery,1,3220.21,0.15,2737.18,512.95
ORD104535,2025-05-16,CUST2183,Home & Kitchen,Non-Stick Pan,Central,Website,UPI,1,1421.01,0.25,1065.76,221.35
ORD104536,2025-09-24,CUST2147,Books,Data Analytics Guide,North,Website,Debit Card,1,704.92,0.15,599.18,168.18
ORD104537,2025-05-03,CUST1392,Electronics,USB-C Hub,East,Mobile App,Debit Card,1,1392.98,0.1,1253.68,277.85
ORD104538,2025-09-18,CUST1482,Fashion,Cotton T-Shirt,North,Website,Credit Card,5,662.63,0.15,2816.18,850.61
ORD104539,2025-02-25,CUST1249,Fashion,Casual Shirt,Central,Marketplace,Cash on Delivery,3,1102.08,0.05,3140.93,765.18
ORD104540,2025-06-15,CUST2080,Books,Data Analytics Guide,South,Mobile App,UPI,5,784.21,0.05,3725.0,869.66
ORD104541,2025-01-07,CUST1308,Fashion,Denim Jeans,North,Mobile App,Net Banking,2,1581.56,0.0,3163.12,1010.43
ORD104542,2025-02-01,CUST1934,Home & Kitchen,Electric Kettle,South,Mobile App,Cash on Delivery,2,1595.01,0.15,2711.52,512.04
ORD104543,2025-10-01,CUST1741,Electronics,Power Bank,Central,Website,Credit Card,1,922.97,0.0,922.97,156.25
ORD104544,2025-01-07,CUST1929,Books,Machine Learning Basics,North,Mobile App,Net Banking,1,986.5,0.1,887.85,183.59
ORD104545,2025-12-20,CUST1432,Electronics,Bluetooth Speaker,East,Website,Credit Card,3,1675.71,0.25,3770.35,592.74
ORD104546,2025-06-04,CUST1610,Fashion,Cotton T-Shirt,Central,Mobile App,UPI,5,748.11,0.1,3366.5,1005.28
ORD104547,2025-06-29,CUST1491,Beauty,Moisturizer,North,Website,Cash on Delivery,2,586.61,0.1,1055.9,379.58
ORD104548,2025-03-25,CUST1755,Home & Kitchen,Air Fryer,West,Mobile App,UPI,1,5224.66,0.05,4963.43,1025.79
ORD104549,2025-08-06,CUST1153,Beauty,Shampoo,Central,Mobile App,Net Banking,2,517.44,0.1,931.39,281.48
ORD104550,2025-08-16,CUST2169,Electronics,Power Bank,North,Marketplace,Debit Card,1,930.79,0.05,884.25,126.78
ORD104551,2025-05-16,CUST1551,Beauty,Moisturizer,North,Website,Credit Card,2,615.11,0.15,1045.69,330.04
ORD104552,2025-04-24,CUST1135,Home & Kitchen,Mixer Grinder,East,Mobile App,UPI,1,3597.08,0.05,3417.23,661.52
ORD104553,2025-10-08,CUST2106,Electronics,USB-C Hub,East,Website,Debit Card,1,1252.03,0.2,1001.62,132.5
ORD104554,2025-12-05,CUST1221,Beauty,Perfume,South,Mobile App,Cash on Delivery,1,1260.22,0.1,1134.2,380.57
ORD104555,2025-11-17,CUST2114,Beauty,Sunscreen,North,Mobile App,Debit Card,2,706.79,0.1,1272.22,420.18
ORD104556,2025-09-14,CUST1397,Home & Kitchen,Mixer Grinder,Central,Website,Net Banking,1,3736.69,0.15,3176.19,678.64
ORD104557,2025-10-11,CUST1887,Electronics,Smart Watch,West,Website,Net Banking,2,3048.75,0.15,5182.88,844.54
ORD104558,2025-12-22,CUST1665,Home & Kitchen,Mixer Grinder,Central,Mobile App,Credit Card,1,3335.99,0.05,3169.19,535.97
ORD104559,2025-05-03,CUST1285,Electronics,Power Bank,East,Mobile App,Credit Card,3,909.35,0.1,2455.25,466.15
ORD104560,2025-09-18,CUST1479,Books,Machine Learning Basics,North,Website,Debit Card,1,861.22,0.05,818.16,166.85
ORD104561,2025-04-16,CUST2081,Electronics,Power Bank,West,Website,Cash on Delivery,1,978.91,0.0,978.91,155.67
ORD104562,2025-10-02,CUST2060,Electronics,Wireless Headphones,Central,Website,Credit Card,1,2276.11,0.1,2048.5,412.89
ORD104563,2025-10-24,CUST1424,Electronics,Smart Watch,East,Website,Net Banking,2,3145.31,0.25,4717.96,729.62
ORD104564,2025-08-01,CUST1514,Electronics,Bluetooth Speaker,North,Mobile App,Debit Card,4,1695.7,0.05,6443.66,840.63
ORD104565,2025-10-07,CUST1914,Fashion,Cotton T-Shirt,North,Website,Net Banking,2,641.78,0.05,1219.38,332.42
ORD104566,2025-07-04,CUST2021,Electronics,Smart Watch,East,Website,Cash on Delivery,1,3127.93,0.1,2815.14,480.83
ORD104567,2025-02-23,CUST1774,Electronics,Power Bank,South,Mobile App,UPI,1,1029.59,0.05,978.11,150.52
ORD104568,2025-08-14,CUST1302,Fashion,Casual Shirt,Central,Website,Credit Card,1,1191.51,0.15,1012.78,288.38
ORD104569,2025-07-04,CUST2055,Electronics,Wireless Headphones,West,Mobile App,UPI,1,2746.88,0.25,2060.16,289.42
ORD104570,2025-06-12,CUST1479,Fashion,Running Shoes,West,Website,UPI,2,2156.61,0.15,3666.24,945.15
ORD104571,2025-12-23,CUST2075,Fashion,Cotton T-Shirt,East,Website,Debit Card,4,651.69,0.15,2215.75,668.28
ORD104572,2025-04-01,CUST1922,Beauty,Moisturizer,East,Website,UPI,3,580.35,0.0,1741.05,476.23
ORD104573,2025-02-22,CUST1156,Electronics,Bluetooth Speaker,Central,Marketplace,Debit Card,3,1945.23,0.1,5252.12,737.68
ORD104574,2025-01-27,CUST1123,Beauty,Sunscreen,East,Website,UPI,1,756.67,0.15,643.17,193.98
ORD104575,2025-11-05,CUST1513,Books,Fiction Novel,South,Mobile App,UPI,2,379.44,0.25,569.16,137.23
ORD104576,2025-11-11,CUST1909,Electronics,Power Bank,Central,Website,UPI,2,977.58,0.0,1955.16,306.63
ORD104577,2025-07-16,CUST1263,Electronics,Smart Watch,East,Mobile App,UPI,2,3265.55,0.05,6204.54,1104.87
ORD104578,2025-06-07,CUST1271,Beauty,Shampoo,North,Mobile App,Debit Card,1,486.38,0.2,389.1,116.8
ORD104579,2025-11-06,CUST1234,Electronics,USB-C Hub,South,Mobile App,Debit Card,3,1218.91,0.1,3291.06,585.61
ORD104580,2025-04-29,CUST1696,Fashion,Cotton T-Shirt,North,Website,UPI,4,651.1,0.0,2604.4,727.28
ORD104581,2025-01-06,CUST1703,Books,Data Analytics Guide,North,Marketplace,UPI,1,807.62,0.15,686.48,151.4
ORD104582,2025-05-13,CUST1949,Fashion,Casual Shirt,North,Website,Net Banking,2,1305.87,0.05,2481.15,716.69
ORD104583,2025-08-17,CUST2116,Books,Fiction Novel,North,Mobile App,UPI,4,408.75,0.0,1635.0,348.39
ORD104584,2025-11-23,CUST1121,Books,Fiction Novel,North,Website,Net Banking,1,434.03,0.1,390.63,119.06
ORD104585,2025-12-03,CUST1590,Electronics,Bluetooth Speaker,East,Website,Cash on Delivery,2,1732.3,0.25,2598.45,442.46
ORD104586,2025-07-05,CUST1683,Home & Kitchen,Storage Container Set,Central,Website,UPI,2,860.35,0.1,1548.63,319.1
ORD104587,2025-01-25,CUST1078,Books,Python Programming,East,Website,Credit Card,2,566.05,0.05,1075.49,239.62
ORD104588,2025-09-24,CUST1040,Fashion,Backpack,West,Marketplace,Credit Card,1,1313.13,0.0,1313.13,366.6
ORD104589,2025-07-17,CUST1082,Fashion,Running Shoes,Central,Mobile App,Net Banking,1,2498.14,0.05,2373.23,565.66
ORD104590,2025-08-11,CUST1769,Home & Kitchen,Non-Stick Pan,South,Mobile App,Credit Card,3,1332.27,0.0,3996.81,858.81
ORD104591,2025-07-26,CUST1619,Books,Business Management,West,Website,Net Banking,3,530.78,0.2,1273.87,318.38
ORD104592,2025-12-02,CUST1470,Fashion,Casual Shirt,West,Mobile App,UPI,1,1209.47,0.05,1149.0,330.79
ORD104593,2025-02-01,CUST1096,Home & Kitchen,Storage Container Set,Central,Website,UPI,2,913.25,0.1,1643.85,345.05
ORD104594,2025-09-12,CUST1131,Electronics,Bluetooth Speaker,Central,Marketplace,Cash on Delivery,1,1740.93,0.0,1740.93,318.9
ORD104595,2025-11-14,CUST1608,Home & Kitchen,Air Fryer,South,Mobile App,Debit Card,1,5433.38,0.15,4618.37,1017.47
ORD104596,2025-05-01,CUST1248,Fashion,Denim Jeans,East,Mobile App,UPI,5,1501.99,0.0,7509.95,2299.89
ORD104597,2025-10-22,CUST1039,Beauty,Sunscreen,East,Mobile App,UPI,1,768.85,0.2,615.08,199.55
ORD104598,2025-05-21,CUST1182,Electronics,Power Bank,South,Marketplace,Credit Card,2,1030.76,0.0,2061.52,361.89
ORD104599,2025-03-01,CUST1109,Home & Kitchen,Non-Stick Pan,North,Website,Debit Card,1,1372.24,0.0,1372.24,233.86
ORD104600,2025-08-17,CUST1471,Fashion,Cotton T-Shirt,South,Website,Credit Card,3,709.27,0.0,2127.81,583.45
ORD104601,2025-10-12,CUST2087,Home & Kitchen,Non-Stick Pan,South,Website,Cash on Delivery,1,1360.67,0.1,1224.6,202.56
ORD104602,2025-04-09,CUST1661,Beauty,Perfume,North,Website,Debit Card,2,1374.33,0.0,2748.66,791.36
ORD104603,2025-09-14,CUST1858,Beauty,Shampoo,North,Website,Debit Card,1,484.32,0.2,387.46,114.7
ORD104604,2025-09-10,CUST1542,Electronics,Power Bank,West,Website,Debit Card,2,953.93,0.0,1907.86,380.17
ORD104605,2025-07-28,CUST1435,Books,Business Management,West,Mobile App,UPI,1,496.85,0.1,447.16,117.66
ORD104606,2025-06-06,CUST1114,Beauty,Sunscreen,Central,Marketplace,UPI,1,674.58,0.1,607.12,194.25
ORD104607,2025-01-21,CUST1258,Electronics,Smart Watch,East,Website,Credit Card,1,3072.98,0.1,2765.68,476.97
ORD104608,2025-05-14,CUST1961,Books,Fiction Novel,South,Mobile App,UPI,5,433.1,0.1,1948.95,553.28
ORD104609,2025-07-26,CUST1139,Books,Python Programming,Central,Website,UPI,2,601.32,0.05,1142.51,293.18
ORD104610,2025-08-05,CUST1004,Books,Data Analytics Guide,South,Marketplace,UPI,2,817.78,0.0,1635.56,450.89
ORD104611,2025-10-06,CUST2028,Home & Kitchen,Mixer Grinder,West,Website,Net Banking,1,3471.04,0.05,3297.49,590.15
ORD104612,2025-05-14,CUST2134,Electronics,Power Bank,Central,Website,UPI,1,955.59,0.05,907.81,163.01
ORD104613,2025-12-09,CUST1256,Beauty,Perfume,East,Mobile App,Cash on Delivery,1,1329.1,0.15,1129.73,337.38
ORD104614,2025-02-23,CUST1417,Fashion,Backpack,Central,Mobile App,Credit Card,1,1326.52,0.1,1193.87,303.08
ORD104615,2025-12-29,CUST1268,Beauty,Shampoo,North,Mobile App,UPI,2,502.81,0.15,854.78,288.93
ORD104616,2025-02-08,CUST1970,Home & Kitchen,Storage Container Set,South,Marketplace,UPI,1,980.79,0.1,882.71,182.34
ORD104617,2025-12-03,CUST1009,Electronics,Bluetooth Speaker,North,Website,Debit Card,2,1756.24,0.1,3161.23,590.5
ORD104618,2025-04-14,CUST1278,Books,Data Analytics Guide,North,Website,Cash on Delivery,1,680.03,0.0,680.03,153.18
ORD104619,2025-12-08,CUST1174,Electronics,Bluetooth Speaker,West,Mobile App,Credit Card,1,1790.42,0.05,1700.9,282.86
ORD104620,2025-01-05,CUST1499,Home & Kitchen,Non-Stick Pan,South,Mobile App,Credit Card,3,1384.05,0.0,4152.15,898.48
ORD104621,2025-11-19,CUST1370,Home & Kitchen,Mixer Grinder,West,Website,UPI,1,3313.73,0.25,2485.3,559.1
ORD104622,2025-11-05,CUST1485,Books,Data Analytics Guide,East,Marketplace,Net Banking,3,795.37,0.2,1908.89,386.04
ORD104623,2025-06-30,CUST1398,Electronics,Smart Watch,South,Mobile App,Debit Card,3,3585.72,0.15,9143.59,1567.79
ORD104624,2025-04-13,CUST1521,Beauty,Moisturizer,West,Marketplace,Debit Card,1,652.27,0.05,619.66,204.26
ORD104625,2025-06-13,CUST1945,Beauty,Sunscreen,North,Website,Cash on Delivery,2,760.95,0.0,1521.9,522.29
ORD104626,2025-11-20,CUST1843,Books,Business Management,East,Marketplace,Debit Card,1,463.3,0.1,416.97,93.34
ORD104627,2025-04-27,CUST1970,Fashion,Running Shoes,North,Marketplace,Cash on Delivery,2,2287.0,0.1,4116.6,1111.33
ORD104628,2025-08-13,CUST1629,Beauty,Perfume,South,Marketplace,UPI,1,1394.07,0.15,1184.96,382.98
ORD104629,2025-02-13,CUST1502,Electronics,USB-C Hub,North,Marketplace,UPI,1,1366.65,0.2,1093.32,148.32
ORD104630,2025-01-15,CUST1549,Home & Kitchen,Air Fryer,South,Marketplace,UPI,1,5053.27,0.15,4295.28,751.6
ORD104631,2025-07-02,CUST1245,Fashion,Denim Jeans,West,Mobile App,Credit Card,1,1387.12,0.15,1179.05,369.88
ORD104632,2025-01-12,CUST1517,Beauty,Face Wash,South,Website,UPI,1,362.33,0.1,326.1,88.23
ORD104633,2025-10-20,CUST1746,Fashion,Denim Jeans,Central,Website,Credit Card,1,1572.05,0.05,1493.45,385.9
ORD104634,2025-08-02,CUST1725,Books,Business Management,South,Website,Net Banking,4,464.69,0.05,1765.82,468.75
ORD104635,2025-05-08,CUST2048,Electronics,Smart Watch,East,Mobile App,UPI,1,3209.85,0.0,3209.85,504.22
ORD104636,2025-07-27,CUST2177,Fashion,Cotton T-Shirt,South,Marketplace,Credit Card,1,762.61,0.1,686.35,197.13
ORD104637,2025-11-04,CUST1040,Electronics,USB-C Hub,East,Marketplace,Net Banking,3,1218.32,0.25,2741.22,500.34
ORD104638,2025-08-02,CUST1733,Electronics,Wireless Headphones,Central,Mobile App,Credit Card,1,2443.52,0.05,2321.34,328.87
ORD104639,2025-10-22,CUST1570,Books,Python Programming,West,Marketplace,Debit Card,1,622.8,0.15,529.38,120.66
ORD104640,2025-08-21,CUST1267,Home & Kitchen,Non-Stick Pan,South,Marketplace,Debit Card,1,1392.61,0.05,1322.98,220.09
ORD104641,2025-07-03,CUST1861,Books,Business Management,East,Website,UPI,1,472.34,0.1,425.11,106.46
ORD104642,2025-06-11,CUST1639,Electronics,Wireless Headphones,South,Mobile App,UPI,1,2468.06,0.05,2344.66,327.98
ORD104643,2025-10-07,CUST1364,Fashion,Running Shoes,South,Website,UPI,1,2100.85,0.05,1995.81,474.62
ORD104644,2025-08-18,CUST1272,Fashion,Casual Shirt,East,Website,Cash on Delivery,1,1137.92,0.0,1137.92,297.05
ORD104645,2025-11-02,CUST1172,Electronics,Wireless Headphones,North,Website,UPI,3,2261.91,0.05,6446.44,981.7
ORD104646,2025-04-25,CUST2148,Home & Kitchen,Non-Stick Pan,West,Mobile App,UPI,1,1375.09,0.15,1168.83,246.87
ORD104647,2025-08-16,CUST1900,Home & Kitchen,Electric Kettle,West,Mobile App,Debit Card,1,1574.02,0.0,1574.02,332.86
ORD104648,2025-08-09,CUST1233,Home & Kitchen,Mixer Grinder,North,Website,Credit Card,1,3841.93,0.05,3649.83,541.11
ORD104649,2025-06-12,CUST1223,Electronics,Smart Watch,North,Website,UPI,1,3116.32,0.1,2804.69,369.27
ORD104650,2025-06-10,CUST1061,Books,Business Management,Central,Website,Cash on Delivery,3,523.21,0.15,1334.19,370.97
ORD104651,2025-07-24,CUST1295,Electronics,Bluetooth Speaker,Central,Mobile App,UPI,2,1787.11,0.1,3216.8,554.82
ORD104652,2025-07-11,CUST1198,Beauty,Sunscreen,South,Mobile App,UPI,1,638.86,0.05,606.92,166.04
ORD104653,2025-10-09,CUST1241,Fashion,Backpack,North,Website,UPI,2,1340.27,0.0,2680.54,684.93
ORD104654,2025-02-12,CUST1875,Home & Kitchen,Electric Kettle,Central,Website,UPI,2,1445.38,0.2,2312.61,507.65
ORD104655,2025-07-20,CUST1068,Books,Fiction Novel,West,Website,Credit Card,2,435.79,0.0,871.58,207.26
ORD104656,2025-12-26,CUST1133,Beauty,Moisturizer,Central,Website,Debit Card,1,559.25,0.15,475.36,153.71
ORD104657,2025-04-11,CUST1798,Books,Data Analytics Guide,West,Mobile App,Cash on Delivery,1,813.99,0.0,813.99,187.83
ORD104658,2025-03-14,CUST1255,Electronics,Bluetooth Speaker,West,Website,Debit Card,3,1882.77,0.0,5648.31,889.75
ORD104659,2025-06-27,CUST2136,Books,Machine Learning Basics,Central,Website,UPI,1,985.17,0.0,985.17,243.71
ORD104660,2025-10-25,CUST1593,Electronics,Power Bank,West,Website,UPI,1,903.27,0.05,858.11,94.5
ORD104661,2025-09-17,CUST2021,Home & Kitchen,Mixer Grinder,East,Mobile App,Cash on Delivery,1,3462.9,0.15,2943.46,593.0
ORD104662,2025-04-24,CUST1365,Home & Kitchen,Storage Container Set,North,Mobile App,UPI,3,896.41,0.15,2285.85,502.65
ORD104663,2025-05-03,CUST1915,Fashion,Running Shoes,East,Website,Debit Card,1,2355.71,0.15,2002.35,569.01
ORD104664,2025-02-26,CUST1425,Electronics,Bluetooth Speaker,East,Website,Debit Card,1,1750.77,0.0,1750.77,272.58
ORD104665,2025-11-19,CUST1592,Electronics,Smart Watch,North,Website,Credit Card,3,3138.61,0.05,8945.04,1232.33
ORD104666,2025-12-18,CUST1702,Electronics,Smart Watch,Central,Marketplace,Net Banking,1,3052.61,0.0,3052.61,584.88
ORD104667,2025-08-19,CUST1338,Fashion,Cotton T-Shirt,West,Website,Debit Card,1,749.38,0.05,711.91,184.63
ORD104668,2025-01-22,CUST1618,Beauty,Sunscreen,East,Website,Credit Card,1,759.54,0.05,721.56,223.37
ORD104669,2025-06-16,CUST1494,Home & Kitchen,Mixer Grinder,South,Marketplace,Debit Card,1,3717.68,0.0,3717.68,817.65
ORD104670,2025-01-26,CUST1322,Home & Kitchen,Mixer Grinder,East,Marketplace,UPI,1,3420.19,0.05,3249.18,566.66
ORD104671,2025-03-08,CUST1255,Fashion,Cotton T-Shirt,North,Marketplace,Credit Card,3,672.7,0.1,1816.29,496.87
ORD104672,2025-06-02,CUST1892,Beauty,Sunscreen,Central,Website,Credit Card,2,677.61,0.1,1219.7,409.86
ORD104673,2025-04-17,CUST1631,Books,Data Analytics Guide,North,Mobile App,Debit Card,3,732.82,0.0,2198.46,703.5
ORD104674,2025-01-24,CUST2175,Books,Machine Learning Basics,Central,Mobile App,Debit Card,1,968.47,0.15,823.2,184.29
ORD104675,2025-08-31,CUST1220,Fashion,Running Shoes,West,Mobile App,Credit Card,3,2353.36,0.1,6354.07,1753.7
ORD104676,2025-12-15,CUST1004,Electronics,Power Bank,North,Website,UPI,2,1003.53,0.0,2007.06,260.6
ORD104677,2025-11-09,CUST1355,Home & Kitchen,Electric Kettle,South,Website,Debit Card,1,1453.68,0.05,1381.0,253.08
ORD104678,2025-11-23,CUST1185,Electronics,USB-C Hub,Central,Mobile App,UPI,2,1425.65,0.15,2423.6,347.83
ORD104679,2025-03-16,CUST2124,Fashion,Running Shoes,East,Marketplace,Credit Card,1,2392.39,0.2,1913.91,562.86
ORD104680,2025-09-16,CUST1228,Beauty,Sunscreen,North,Website,Net Banking,2,693.03,0.0,1386.06,442.96
ORD104681,2025-01-18,CUST1390,Beauty,Perfume,South,Mobile App,UPI,2,1277.18,0.1,2298.92,659.62
ORD104682,2025-10-22,CUST2136,Electronics,USB-C Hub,South,Marketplace,Net Banking,1,1183.64,0.0,1183.64,215.61
ORD104683,2025-11-01,CUST1596,Fashion,Backpack,South,Mobile App,Credit Card,2,1392.49,0.0,2784.98,676.36
ORD104684,2025-11-12,CUST1849,Electronics,Wireless Headphones,East,Website,Credit Card,1,2335.15,0.15,1984.88,247.74
ORD104685,2025-11-12,CUST1172,Books,Data Analytics Guide,Central,Marketplace,UPI,1,755.76,0.15,642.4,143.67
ORD104686,2025-07-17,CUST1730,Electronics,Smart Watch,North,Website,UPI,1,3416.28,0.2,2733.02,442.68
ORD104687,2025-09-06,CUST1398,Fashion,Running Shoes,North,Mobile App,UPI,1,2227.99,0.0,2227.99,631.07
ORD104688,2025-01-04,CUST1847,Home & Kitchen,Mixer Grinder,West,Mobile App,UPI,1,3489.23,0.1,3140.31,708.11
ORD104689,2025-04-03,CUST1657,Fashion,Casual Shirt,North,Mobile App,Credit Card,4,1294.81,0.1,4661.32,1240.35
ORD104690,2025-12-02,CUST1498,Home & Kitchen,Electric Kettle,West,Marketplace,Credit Card,1,1717.46,0.0,1717.46,394.87
ORD104691,2025-04-10,CUST1659,Fashion,Backpack,North,Marketplace,Credit Card,1,1318.42,0.05,1252.5,324.91
ORD104692,2025-06-29,CUST1419,Fashion,Running Shoes,East,Website,Credit Card,4,2252.56,0.15,7658.7,1794.36
ORD104693,2025-11-12,CUST1604,Books,Data Analytics Guide,South,Mobile App,Credit Card,1,785.52,0.15,667.69,197.97
ORD104694,2025-08-20,CUST1125,Fashion,Backpack,East,Mobile App,Debit Card,2,1402.33,0.0,2804.66,860.09
ORD104695,2025-01-23,CUST1488,Fashion,Backpack,East,Website,UPI,1,1260.4,0.05,1197.38,323.07
ORD104696,2025-06-01,CUST1577,Home & Kitchen,Mixer Grinder,South,Website,Cash on Delivery,5,3300.55,0.0,16502.75,2961.01
ORD104697,2025-10-19,CUST1638,Electronics,Bluetooth Speaker,South,Mobile App,Debit Card,1,1949.64,0.1,1754.68,240.52
ORD104698,2025-09-07,CUST1696,Home & Kitchen,Storage Container Set,Central,Mobile App,Net Banking,1,836.57,0.15,711.08,123.82
ORD104699,2025-07-06,CUST1459,Electronics,Wireless Headphones,South,Marketplace,Debit Card,3,2274.9,0.1,6142.23,867.43
ORD104700,2025-12-30,CUST1909,Electronics,USB-C Hub,North,Website,UPI,2,1212.96,0.25,1819.44,283.69
ORD104701,2025-03-11,CUST1992,Electronics,Smart Watch,East,Mobile App,UPI,1,3142.19,0.0,3142.19,478.86
ORD104702,2025-08-30,CUST1620,Beauty,Sunscreen,Central,Marketplace,Debit Card,3,700.31,0.0,2100.93,682.94
ORD104703,2025-03-07,CUST1933,Beauty,Moisturizer,South,Website,Net Banking,1,649.57,0.0,649.57,189.99
ORD104704,2025-02-12,CUST1590,Home & Kitchen,Non-Stick Pan,East,Mobile App,UPI,2,1269.09,0.1,2284.36,344.22
ORD104705,2025-10-28,CUST1077,Fashion,Running Shoes,West,Marketplace,Cash on Delivery,1,2189.6,0.15,1861.16,542.7
ORD104706,2025-03-05,CUST1155,Home & Kitchen,Mixer Grinder,North,Website,Credit Card,1,3365.29,0.15,2860.5,583.52
ORD104707,2025-05-01,CUST1961,Home & Kitchen,Electric Kettle,North,Mobile App,Cash on Delivery,1,1563.38,0.1,1407.04,294.49
ORD104708,2025-08-28,CUST1201,Home & Kitchen,Electric Kettle,South,Marketplace,UPI,2,1716.71,0.25,2575.06,540.2
ORD104709,2025-12-25,CUST1184,Fashion,Casual Shirt,South,Mobile App,Cash on Delivery,2,1239.14,0.0,2478.28,764.7
ORD104710,2025-06-21,CUST1123,Beauty,Sunscreen,North,Marketplace,Cash on Delivery,2,747.86,0.0,1495.72,502.97
ORD104711,2025-07-18,CUST2148,Home & Kitchen,Air Fryer,West,Mobile App,Cash on Delivery,1,5164.69,0.0,5164.69,1073.19
ORD104712,2025-08-29,CUST1894,Home & Kitchen,Storage Container Set,South,Website,Credit Card,2,987.65,0.05,1876.54,312.29
ORD104713,2025-09-16,CUST2165,Electronics,Bluetooth Speaker,South,Website,Debit Card,2,1710.87,0.05,3250.65,604.22
ORD104714,2025-04-01,CUST1035,Fashion,Casual Shirt,South,Website,UPI,1,1216.82,0.0,1216.82,308.09
ORD104715,2025-01-17,CUST2072,Home & Kitchen,Non-Stick Pan,North,Marketplace,Debit Card,1,1244.55,0.1,1120.1,234.2
ORD104716,2025-01-28,CUST1558,Electronics,USB-C Hub,West,Mobile App,Debit Card,1,1382.76,0.0,1382.76,210.87
ORD104717,2025-05-04,CUST1706,Electronics,Power Bank,East,Mobile App,Net Banking,2,1028.34,0.1,1851.01,259.02
ORD104718,2025-02-07,CUST2190,Books,Fiction Novel,South,Website,Debit Card,1,425.41,0.15,361.6,82.19
ORD104719,2025-03-24,CUST1237,Electronics,Wireless Headphones,Central,Website,Net Banking,2,2257.09,0.1,4062.76,644.43
ORD104720,2025-10-01,CUST1710,Books,Machine Learning Basics,North,Website,UPI,3,894.72,0.05,2549.95,561.4
ORD104721,2025-02-09,CUST1916,Books,Business Management,West,Website,Debit Card,3,536.47,0.25,1207.06,318.26
ORD104722,2025-10-24,CUST1751,Home & Kitchen,Electric Kettle,West,Website,Cash on Delivery,3,1647.79,0.2,3954.7,916.17
ORD104723,2025-12-26,CUST1981,Electronics,Bluetooth Speaker,North,Website,Debit Card,2,1790.36,0.15,3043.61,449.18
ORD104724,2025-08-18,CUST1710,Fashion,Running Shoes,East,Mobile App,Cash on Delivery,2,2505.22,0.1,4509.4,1190.73
ORD104725,2025-11-06,CUST1747,Books,Data Analytics Guide,South,Website,Debit Card,2,757.69,0.05,1439.61,339.72
ORD104726,2025-09-11,CUST1735,Home & Kitchen,Electric Kettle,East,Website,Net Banking,2,1465.16,0.1,2637.29,412.44
ORD104727,2025-05-21,CUST1008,Books,Data Analytics Guide,North,Mobile App,UPI,1,764.0,0.15,649.4,154.51
ORD104728,2025-05-18,CUST1304,Books,Business Management,West,Website,Credit Card,3,456.23,0.1,1231.82,320.01
ORD104729,2025-12-04,CUST1397,Home & Kitchen,Storage Container Set,Central,Mobile App,UPI,1,971.99,0.1,874.79,179.21
ORD104730,2025-04-22,CUST1762,Beauty,Face Wash,East,Marketplace,Credit Card,1,398.15,0.05,378.24,129.75
ORD104731,2025-06-03,CUST1894,Books,Fiction Novel,East,Website,Debit Card,2,397.89,0.15,676.41,162.11
ORD104732,2025-05-21,CUST1390,Books,Data Analytics Guide,North,Website,Credit Card,1,763.99,0.2,611.19,138.76
ORD104733,2025-04-01,CUST1324,Beauty,Sunscreen,Central,Website,UPI,3,701.53,0.25,1578.44,520.65
ORD104734,2025-11-18,CUST1555,Home & Kitchen,Air Fryer,South,Website,UPI,2,4908.88,0.0,9817.76,1762.63
ORD104735,2025-08-10,CUST1790,Beauty,Face Wash,North,Mobile App,UPI,1,405.61,0.1,365.05,124.74
ORD104736,2025-12-14,CUST1756,Electronics,Wireless Headphones,South,Website,Credit Card,4,2649.44,0.05,10067.87,1856.26
ORD104737,2025-12-20,CUST1097,Fashion,Denim Jeans,South,Website,UPI,1,1508.34,0.15,1282.09,334.44
ORD104738,2025-06-19,CUST1852,Electronics,Power Bank,East,Mobile App,Cash on Delivery,1,1046.78,0.1,942.1,149.27
ORD104739,2025-05-19,CUST1264,Books,Machine Learning Basics,Central,Website,Credit Card,1,822.28,0.1,740.05,158.83
ORD104740,2025-05-20,CUST1283,Home & Kitchen,Air Fryer,Central,Mobile App,Debit Card,1,4802.1,0.1,4321.89,811.3
ORD104741,2025-01-04,CUST1084,Books,Python Programming,Central,Website,UPI,1,603.13,0.1,542.82,152.37
ORD104742,2025-01-10,CUST1270,Home & Kitchen,Electric Kettle,East,Mobile App,UPI,2,1526.16,0.1,2747.09,478.21
ORD104743,2025-02-10,CUST1522,Books,Machine Learning Basics,South,Website,Cash on Delivery,3,868.56,0.25,1954.26,474.37
ORD104744,2025-12-10,CUST1751,Home & Kitchen,Non-Stick Pan,West,Website,UPI,1,1307.49,0.05,1242.12,298.41
ORD104745,2025-10-07,CUST1294,Electronics,Smart Watch,East,Website,Debit Card,1,3572.51,0.2,2858.01,600.17
ORD104746,2025-01-24,CUST1851,Electronics,USB-C Hub,East,Website,Debit Card,2,1313.25,0.05,2495.17,419.48
ORD104747,2025-05-23,CUST1320,Books,Python Programming,North,Mobile App,UPI,1,594.27,0.1,534.84,116.74
ORD104748,2025-09-30,CUST2198,Books,Machine Learning Basics,Central,Website,UPI,2,843.42,0.05,1602.5,496.24
ORD104749,2025-02-25,CUST1679,Home & Kitchen,Non-Stick Pan,South,Website,Cash on Delivery,1,1296.05,0.1,1166.44,268.47
ORD104750,2025-02-22,CUST1445,Books,Fiction Novel,North,Mobile App,Net Banking,1,425.3,0.1,382.77,81.66
ORD104751,2025-01-05,CUST1101,Electronics,Bluetooth Speaker,Central,Marketplace,Debit Card,1,1843.38,0.05,1751.21,285.62
ORD104752,2025-11-24,CUST1048,Beauty,Shampoo,East,Website,UPI,3,452.57,0.15,1154.05,422.2
ORD104753,2025-12-04,CUST1419,Home & Kitchen,Air Fryer,South,Mobile App,Credit Card,1,5452.66,0.0,5452.66,856.77
ORD104754,2025-04-05,CUST1517,Beauty,Sunscreen,Central,Mobile App,UPI,2,726.6,0.1,1307.88,413.95
ORD104755,2025-03-26,CUST1246,Books,Machine Learning Basics,East,Marketplace,Net Banking,1,845.96,0.05,803.66,193.75
ORD104756,2025-07-31,CUST2060,Electronics,Smart Watch,Central,Mobile App,UPI,1,3519.23,0.1,3167.31,502.94
ORD104757,2025-08-15,CUST2143,Beauty,Sunscreen,South,Mobile App,Credit Card,1,722.48,0.1,650.23,221.87
ORD104758,2025-10-03,CUST1367,Books,Machine Learning Basics,East,Marketplace,Credit Card,1,917.62,0.1,825.86,213.28
ORD104759,2025-04-29,CUST1731,Electronics,Power Bank,Central,Marketplace,Debit Card,1,977.67,0.1,879.9,150.81
ORD104760,2025-08-14,CUST1313,Fashion,Casual Shirt,West,Website,UPI,1,1080.37,0.05,1026.35,272.12
ORD104761,2025-01-14,CUST1691,Beauty,Moisturizer,South,Website,Credit Card,1,586.09,0.05,556.79,181.48
ORD104762,2025-10-31,CUST1679,Home & Kitchen,Mixer Grinder,East,Mobile App,Credit Card,3,3158.46,0.0,9475.38,1868.72
ORD104763,2025-11-06,CUST1348,Home & Kitchen,Air Fryer,East,Website,UPI,1,4666.59,0.1,4199.93,929.74
ORD104764,2025-11-10,CUST2038,Books,Python Programming,Central,Website,Cash on Delivery,2,583.45,0.0,1166.9,283.82
ORD104765,2025-10-08,CUST1819,Home & Kitchen,Non-Stick Pan,North,Website,Debit Card,2,1208.98,0.1,2176.16,509.8
ORD104766,2025-09-06,CUST1906,Electronics,Power Bank,South,Mobile App,Debit Card,1,935.4,0.25,701.55,133.17
ORD104767,2025-02-27,CUST1332,Home & Kitchen,Air Fryer,South,Mobile App,Credit Card,1,4620.46,0.1,4158.41,888.54
ORD104768,2025-12-06,CUST1579,Beauty,Moisturizer,South,Website,Debit Card,1,568.6,0.05,540.17,185.46
ORD104769,2025-06-26,CUST1641,Fashion,Cotton T-Shirt,North,Mobile App,Cash on Delivery,2,662.66,0.15,1126.52,373.51
ORD104770,2025-10-09,CUST1360,Fashion,Backpack,South,Website,UPI,2,1501.99,0.15,2553.38,687.87
ORD104771,2025-09-11,CUST1931,Electronics,USB-C Hub,Central,Mobile App,Net Banking,1,1394.02,0.0,1394.02,209.4
ORD104772,2025-01-21,CUST1405,Home & Kitchen,Air Fryer,North,Website,UPI,1,5109.83,0.1,4598.85,950.59
ORD104773,2025-02-19,CUST1980,Home & Kitchen,Mixer Grinder,East,Website,Credit Card,1,3460.08,0.05,3287.08,643.98
ORD104774,2025-12-17,CUST1353,Electronics,Smart Watch,North,Mobile App,Net Banking,1,3420.93,0.25,2565.7,456.89
ORD104775,2025-04-09,CUST1405,Electronics,USB-C Hub,South,Website,UPI,1,1226.89,0.05,1165.55,219.97
ORD104776,2025-07-21,CUST1937,Home & Kitchen,Non-Stick Pan,East,Mobile App,Debit Card,1,1379.21,0.0,1379.21,300.72
ORD104777,2025-07-27,CUST1702,Books,Machine Learning Basics,North,Mobile App,Debit Card,2,827.79,0.15,1407.24,334.25
ORD104778,2025-04-12,CUST1116,Books,Fiction Novel,West,Website,Debit Card,1,391.16,0.2,312.93,93.26
ORD104779,2025-08-19,CUST1175,Electronics,USB-C Hub,North,Marketplace,Net Banking,1,1227.19,0.1,1104.47,147.69
ORD104780,2025-12-02,CUST1246,Electronics,Power Bank,West,Mobile App,Debit Card,2,1004.88,0.05,1909.27,273.98
ORD104781,2025-04-01,CUST1784,Electronics,Bluetooth Speaker,Central,Website,UPI,2,1859.36,0.05,3532.78,581.68
ORD104782,2025-08-29,CUST1505,Home & Kitchen,Air Fryer,East,Website,Cash on Delivery,1,5050.3,0.1,4545.27,1148.94
ORD104783,2025-09-29,CUST1247,Fashion,Running Shoes,Central,Website,Cash on Delivery,1,2247.54,0.2,1798.03,510.24
ORD104784,2025-12-09,CUST1353,Books,Business Management,East,Mobile App,UPI,1,465.13,0.0,465.13,117.25
ORD104785,2025-10-05,CUST1441,Electronics,Bluetooth Speaker,South,Website,Credit Card,2,1915.08,0.1,3447.14,498.3
ORD104786,2025-06-22,CUST1314,Electronics,Wireless Headphones,East,Website,UPI,1,2263.69,0.15,1924.14,314.55
ORD104787,2025-02-18,CUST1736,Fashion,Casual Shirt,East,Mobile App,Debit Card,2,1256.08,0.05,2386.55,636.6
ORD104788,2025-12-22,CUST2089,Home & Kitchen,Electric Kettle,North,Website,Credit Card,2,1722.75,0.1,3100.95,506.03
ORD104789,2025-08-26,CUST1881,Fashion,Backpack,West,Marketplace,UPI,2,1271.06,0.15,2160.8,635.39
ORD104790,2025-05-27,CUST1886,Home & Kitchen,Storage Container Set,South,Mobile App,Debit Card,1,835.56,0.15,710.23,138.8
ORD104791,2025-04-23,CUST1570,Fashion,Running Shoes,South,Marketplace,UPI,1,2180.9,0.1,1962.81,525.81
ORD104792,2025-03-09,CUST1149,Books,Business Management,Central,Website,UPI,1,494.91,0.25,371.18,103.45
ORD104793,2025-06-11,CUST1172,Home & Kitchen,Non-Stick Pan,East,Marketplace,Cash on Delivery,1,1426.53,0.0,1426.53,269.03
ORD104794,2025-10-21,CUST1500,Fashion,Running Shoes,West,Mobile App,Debit Card,2,2084.02,0.05,3959.64,1102.73
ORD104795,2025-08-19,CUST1050,Home & Kitchen,Storage Container Set,Central,Website,Debit Card,1,850.17,0.15,722.64,201.77
ORD104796,2025-08-01,CUST1491,Home & Kitchen,Mixer Grinder,Central,Website,Credit Card,3,3461.79,0.2,8308.3,1824.94
ORD104797,2025-06-06,CUST2111,Electronics,Power Bank,South,Mobile App,Cash on Delivery,2,1063.77,0.1,1914.79,299.24
ORD104798,2025-12-01,CUST1531,Fashion,Cotton T-Shirt,North,Website,Cash on Delivery,4,730.54,0.1,2629.94,750.34
ORD104799,2025-04-19,CUST1819,Home & Kitchen,Air Fryer,North,Mobile App,Debit Card,3,5334.27,0.0,16002.81,2985.96
ORD104800,2025-10-17,CUST2191,Fashion,Casual Shirt,West,Mobile App,UPI,2,1183.57,0.2,1893.71,536.91
ORD104801,2025-02-16,CUST1284,Books,Python Programming,Central,Mobile App,Credit Card,3,575.51,0.05,1640.2,364.78
ORD104802,2025-05-22,CUST1804,Fashion,Denim Jeans,West,Website,UPI,1,1522.45,0.1,1370.21,327.69
ORD104803,2025-09-22,CUST1838,Home & Kitchen,Mixer Grinder,South,Website,Cash on Delivery,2,3307.39,0.15,5622.56,1283.79
ORD104804,2025-12-06,CUST2101,Electronics,Bluetooth Speaker,South,Mobile App,UPI,1,1846.34,0.05,1754.02,283.53
ORD104805,2025-09-03,CUST1346,Beauty,Shampoo,Central,Marketplace,Cash on Delivery,1,459.33,0.05,436.36,153.61
ORD104806,2025-07-24,CUST1157,Books,Data Analytics Guide,East,Website,Credit Card,3,686.03,0.25,1543.57,332.08
ORD104807,2025-08-04,CUST1852,Home & Kitchen,Electric Kettle,North,Mobile App,Debit Card,1,1664.28,0.05,1581.07,315.27
ORD104808,2025-05-23,CUST1516,Home & Kitchen,Non-Stick Pan,West,Website,Credit Card,1,1304.66,0.15,1108.96,249.0
ORD104809,2025-04-29,CUST1354,Home & Kitchen,Storage Container Set,Central,Marketplace,UPI,2,874.39,0.25,1311.58,257.54
ORD104810,2025-11-28,CUST1553,Books,Data Analytics Guide,South,Website,Cash on Delivery,1,703.52,0.05,668.34,191.4
ORD104811,2025-12-18,CUST1135,Home & Kitchen,Storage Container Set,East,Website,Net Banking,3,888.16,0.0,2664.48,607.97
ORD104812,2025-10-29,CUST1003,Home & Kitchen,Air Fryer,North,Website,Cash on Delivery,1,5368.38,0.0,5368.38,853.19
ORD104813,2025-04-05,CUST1132,Electronics,Bluetooth Speaker,Central,Marketplace,Credit Card,1,1674.51,0.0,1674.51,282.85
ORD104814,2025-05-08,CUST1339,Fashion,Running Shoes,East,Mobile App,UPI,1,2326.9,0.2,1861.52,551.24
ORD104815,2025-01-22,CUST1741,Fashion,Casual Shirt,North,Mobile App,UPI,1,1229.79,0.1,1106.81,294.42
ORD104816,2025-10-31,CUST1808,Beauty,Shampoo,North,Website,UPI,1,456.05,0.0,456.05,141.34
ORD104817,2025-04-28,CUST1985,Fashion,Cotton T-Shirt,South,Mobile App,Credit Card,1,632.21,0.05,600.6,135.0
ORD104818,2025-05-11,CUST1627,Books,Business Management,West,Mobile App,Credit Card,1,515.02,0.05,489.27,124.62
ORD104819,2025-09-27,CUST2188,Electronics,Wireless Headphones,South,Mobile App,Credit Card,1,2730.0,0.1,2457.0,365.54
ORD104820,2025-01-27,CUST1988,Books,Machine Learning Basics,Central,Mobile App,Debit Card,1,890.16,0.05,845.65,204.98
ORD104821,2025-11-16,CUST1514,Home & Kitchen,Storage Container Set,North,Website,Credit Card,1,851.24,0.2,680.99,152.67
ORD104822,2025-04-07,CUST1505,Books,Business Management,West,Marketplace,UPI,1,477.86,0.0,477.86,103.47
ORD104823,2025-04-27,CUST1654,Books,Data Analytics Guide,Central,Marketplace,UPI,2,763.84,0.2,1222.14,312.11
ORD104824,2025-01-19,CUST1368,Books,Machine Learning Basics,Central,Website,Debit Card,1,960.2,0.1,864.18,221.31
ORD104825,2025-06-18,CUST1985,Electronics,Smart Watch,East,Mobile App,Credit Card,1,3620.64,0.1,3258.58,556.63
ORD104826,2025-06-25,CUST1592,Fashion,Running Shoes,North,Mobile App,Credit Card,3,2343.38,0.15,5975.62,1669.97
ORD104827,2025-08-29,CUST2138,Fashion,Backpack,Central,Mobile App,Credit Card,4,1481.84,0.05,5630.99,1315.32
ORD104828,2025-10-21,CUST1770,Fashion,Casual Shirt,North,Website,Debit Card,2,1260.01,0.1,2268.02,703.21
ORD104829,2025-10-19,CUST1848,Beauty,Face Wash,North,Mobile App,Net Banking,2,411.71,0.05,782.25,256.31
ORD104830,2025-11-26,CUST1290,Home & Kitchen,Air Fryer,West,Mobile App,UPI,1,4841.54,0.15,4115.31,839.44
ORD104831,2025-07-04,CUST2076,Electronics,Power Bank,Central,Mobile App,Cash on Delivery,1,1036.57,0.05,984.74,148.16
ORD104832,2025-08-19,CUST1946,Home & Kitchen,Electric Kettle,East,Mobile App,UPI,2,1550.46,0.05,2945.87,579.25
ORD104833,2025-02-24,CUST1716,Beauty,Sunscreen,East,Website,UPI,2,656.5,0.05,1247.35,383.68
ORD104834,2025-05-27,CUST2045,Electronics,Smart Watch,South,Mobile App,UPI,1,3071.78,0.15,2611.01,494.7
ORD104835,2025-10-10,CUST1905,Home & Kitchen,Electric Kettle,West,Mobile App,Credit Card,2,1722.11,0.2,2755.38,552.63
ORD104836,2025-12-30,CUST2079,Books,Fiction Novel,East,Website,UPI,2,365.59,0.05,694.62,180.32
ORD104837,2025-08-15,CUST2184,Electronics,Bluetooth Speaker,South,Mobile App,UPI,2,1690.15,0.0,3380.3,528.05
ORD104838,2025-05-10,CUST1876,Home & Kitchen,Electric Kettle,East,Marketplace,Debit Card,2,1568.88,0.15,2667.1,476.99
ORD104839,2025-12-22,CUST1253,Books,Data Analytics Guide,West,Marketplace,UPI,1,807.71,0.2,646.17,173.31
ORD104840,2025-04-16,CUST1985,Electronics,Power Bank,Central,Website,UPI,5,1017.47,0.15,4324.25,606.0
ORD104841,2025-02-05,CUST1777,Books,Machine Learning Basics,South,Mobile App,Debit Card,2,814.99,0.1,1466.98,356.22
ORD104842,2025-06-09,CUST1144,Home & Kitchen,Mixer Grinder,South,Mobile App,Credit Card,1,3673.62,0.1,3306.26,715.16
ORD104843,2025-03-26,CUST1869,Home & Kitchen,Mixer Grinder,South,Website,Debit Card,1,3429.66,0.1,3086.69,498.43
ORD104844,2025-05-18,CUST1145,Fashion,Cotton T-Shirt,North,Website,UPI,1,673.28,0.0,673.28,203.04
ORD104845,2025-04-14,CUST1985,Books,Machine Learning Basics,West,Mobile App,UPI,1,865.49,0.0,865.49,217.33
ORD104846,2025-11-26,CUST1855,Beauty,Moisturizer,East,Marketplace,UPI,1,551.49,0.1,496.34,160.14
ORD104847,2025-10-31,CUST1712,Electronics,Smart Watch,Central,Website,Cash on Delivery,2,3061.5,0.1,5510.7,1029.25
ORD104848,2025-12-21,CUST1031,Fashion,Casual Shirt,Central,Mobile App,Cash on Delivery,3,1198.59,0.25,2696.83,793.95
ORD104849,2025-01-29,CUST1374,Home & Kitchen,Electric Kettle,East,Website,Net Banking,2,1470.45,0.15,2499.76,458.96
ORD104850,2025-10-27,CUST1222,Fashion,Cotton T-Shirt,North,Website,UPI,1,652.21,0.0,652.21,182.44
ORD104851,2025-06-04,CUST2181,Home & Kitchen,Mixer Grinder,East,Mobile App,UPI,2,3334.45,0.0,6668.9,1334.59
ORD104852,2025-04-28,CUST1388,Fashion,Denim Jeans,Central,Mobile App,Credit Card,1,1411.18,0.0,1411.18,395.34
ORD104853,2025-06-01,CUST1280,Home & Kitchen,Air Fryer,Central,Mobile App,Cash on Delivery,3,4748.09,0.05,13532.06,2925.27
ORD104854,2025-05-03,CUST1104,Beauty,Moisturizer,East,Website,Credit Card,2,616.62,0.0,1233.24,382.62
ORD104855,2025-06-23,CUST1274,Electronics,Power Bank,West,Website,Cash on Delivery,4,981.21,0.25,2943.63,335.79
ORD104856,2025-09-09,CUST1298,Fashion,Denim Jeans,West,Marketplace,Cash on Delivery,1,1578.5,0.2,1262.8,346.25
ORD104857,2025-03-06,CUST1762,Home & Kitchen,Air Fryer,West,Mobile App,UPI,1,5159.2,0.2,4127.36,958.64
ORD104858,2025-08-11,CUST1422,Home & Kitchen,Non-Stick Pan,East,Mobile App,UPI,2,1177.46,0.1,2119.43,483.06
ORD104859,2025-04-17,CUST1237,Beauty,Sunscreen,West,Mobile App,UPI,3,703.17,0.15,1793.08,599.37
ORD104860,2025-12-21,CUST1534,Fashion,Unknown,West,Website,Debit Card,2,740.48,0.05,1406.91,363.9
ORD104861,2025-04-22,CUST1213,Fashion,Denim Jeans,South,Mobile App,Debit Card,1,1463.54,0.2,1170.83,391.99
ORD104862,2025-06-15,CUST1896,Home & Kitchen,Storage Container Set,North,Website,UPI,5,918.74,0.1,4134.33,844.75
ORD104863,2025-04-09,CUST1399,Electronics,Smart Watch,West,Mobile App,Cash on Delivery,3,3178.73,0.15,8105.76,1171.78
ORD104864,2025-10-25,CUST1828,Fashion,Denim Jeans,East,Mobile App,UPI,3,1638.11,0.0,4914.33,1303.22
ORD104865,2025-05-18,CUST2173,Beauty,Face Wash,Central,Website,Debit Card,2,376.5,0.1,677.7,219.77
ORD104866,2025-04-29,CUST1886,Electronics,Smart Watch,West,Marketplace,Credit Card,1,3315.94,0.0,3315.94,520.17
ORD104867,2025-04-08,CUST1387,Books,Data Analytics Guide,North,Website,UPI,1,757.48,0.0,757.48,209.44
ORD104868,2025-03-30,CUST2026,Beauty,Shampoo,Central,Mobile App,Net Banking,1,504.22,0.0,504.22,179.38
ORD104869,2025-01-02,CUST1345,Electronics,Wireless Headphones,Central,Marketplace,Credit Card,5,2374.2,0.1,10683.9,1288.27
ORD104870,2025-02-03,CUST1804,Electronics,Wireless Headphones,North,Mobile App,UPI,3,2615.82,0.0,7847.46,1450.59
ORD104871,2025-08-11,CUST1744,Home & Kitchen,Electric Kettle,North,Website,Credit Card,1,1755.32,0.0,1755.32,344.65
ORD104872,2025-06-13,CUST1655,Electronics,Smart Watch,South,Mobile App,UPI,2,3127.8,0.0,6255.6,930.33
ORD104873,2025-08-06,CUST1546,Fashion,Denim Jeans,East,Website,Credit Card,1,1430.35,0.05,1358.83,368.61
ORD104874,2025-11-05,CUST1419,Beauty,Moisturizer,East,Website,Net Banking,4,653.94,0.1,2354.18,713.98
ORD104875,2025-12-11,CUST1951,Electronics,Smart Watch,North,Mobile App,UPI,2,3045.91,0.0,6091.82,929.43
ORD104876,2025-04-18,CUST1321,Books,Business Management,Central,Mobile App,Debit Card,1,540.48,0.0,540.48,143.32
ORD104877,2025-07-05,CUST1029,Home & Kitchen,Electric Kettle,North,Website,UPI,1,1662.7,0.1,1496.43,311.22
ORD104878,2025-01-22,CUST1554,Home & Kitchen,Mixer Grinder,North,Mobile App,UPI,3,3357.28,0.05,9568.25,1819.26
ORD104879,2025-11-04,CUST1213,Electronics,USB-C Hub,Central,Mobile App,Debit Card,1,1218.44,0.0,1218.44,173.82
ORD104880,2025-07-12,CUST1050,Fashion,Casual Shirt,East,Marketplace,Credit Card,4,1123.64,0.05,4269.83,1140.85
ORD104881,2025-08-15,CUST1155,Home & Kitchen,Electric Kettle,East,Mobile App,Debit Card,1,1549.48,0.0,1549.48,333.56
ORD104882,2025-08-27,CUST1683,Home & Kitchen,Non-Stick Pan,South,Website,UPI,2,1264.07,0.25,1896.1,374.2
ORD104883,2025-12-28,CUST1849,Books,Machine Learning Basics,West,Mobile App,Debit Card,1,941.82,0.15,800.55,150.65
ORD104884,2025-09-08,CUST1625,Books,Data Analytics Guide,Central,Mobile App,Debit Card,1,813.05,0.15,691.09,188.14
ORD104885,2025-08-20,CUST1969,Books,Machine Learning Basics,West,Mobile App,Net Banking,1,918.56,0.1,826.7,187.57
ORD104886,2025-04-22,CUST1353,Home & Kitchen,Air Fryer,North,Website,UPI,1,4873.25,0.05,4629.59,859.46
ORD104887,2025-03-22,CUST2083,Home & Kitchen,Mixer Grinder,Central,Website,Debit Card,1,3846.83,0.15,3269.81,787.33
ORD104888,2025-08-14,CUST1891,Beauty,Perfume,South,Marketplace,Net Banking,1,1245.75,0.05,1183.46,370.16
ORD104889,2025-10-17,CUST1518,Home & Kitchen,Non-Stick Pan,South,Website,Credit Card,1,1345.55,0.15,1143.72,234.94
ORD104890,2025-06-02,CUST1844,Fashion,Casual Shirt,East,Website,Debit Card,2,1111.42,0.25,1667.13,462.9
ORD104891,2025-12-25,CUST1191,Electronics,Smart Watch,West,Mobile App,UPI,1,3580.98,0.05,3401.93,708.66
ORD104892,2025-06-17,CUST1770,Books,Machine Learning Basics,West,Mobile App,UPI,1,934.77,0.1,841.29,213.19
ORD104893,2025-08-16,CUST1710,Fashion,Backpack,East,Marketplace,Credit Card,3,1363.35,0.05,3885.55,1064.23
ORD104894,2025-02-26,CUST1666,Home & Kitchen,Non-Stick Pan,North,Mobile App,Cash on Delivery,1,1277.04,0.15,1085.48,213.29
ORD104895,2025-06-16,CUST1990,Books,Fiction Novel,East,Marketplace,Cash on Delivery,2,359.66,0.1,647.39,149.2
ORD104896,2025-01-07,CUST1140,Fashion,Denim Jeans,South,Mobile App,Credit Card,3,1369.54,0.05,3903.19,786.92
ORD104897,2025-12-16,CUST2124,Home & Kitchen,Non-Stick Pan,North,Mobile App,Credit Card,1,1269.35,0.1,1142.42,222.39
ORD104898,2025-06-29,CUST1662,Books,Data Analytics Guide,North,Marketplace,Cash on Delivery,3,677.89,0.15,1728.62,394.11
ORD104899,2025-04-05,CUST1344,Books,Fiction Novel,Central,Mobile App,Debit Card,1,372.03,0.1,334.83,81.44
ORD104900,2025-03-02,CUST1129,Fashion,Backpack,East,Mobile App,Net Banking,3,1519.28,0.15,3874.16,1056.65
ORD104901,2025-11-14,CUST1365,Fashion,Casual Shirt,Central,Mobile App,UPI,4,1269.56,0.15,4316.5,1269.06
ORD104902,2025-12-13,CUST2077,Electronics,Smart Watch,West,Mobile App,Debit Card,4,3389.55,0.2,10846.56,1684.34
ORD104903,2025-02-26,CUST1156,Beauty,Perfume,Central,Mobile App,Debit Card,3,1187.57,0.1,3206.44,993.85
ORD104904,2025-12-01,CUST1738,Home & Kitchen,Electric Kettle,North,Website,Cash on Delivery,2,1741.38,0.0,3482.76,612.38
ORD104905,2025-05-18,CUST1702,Fashion,Running Shoes,North,Mobile App,UPI,1,2271.61,0.2,1817.29,473.24
ORD104906,2025-05-07,CUST2069,Books,Data Analytics Guide,South,Marketplace,Credit Card,1,755.91,0.0,755.91,175.22
ORD104907,2025-02-23,CUST1798,Electronics,Power Bank,North,Website,Credit Card,3,999.86,0.1,2699.62,468.23
ORD104908,2025-09-15,CUST1688,Books,Machine Learning Basics,South,Mobile App,UPI,1,978.06,0.15,831.35,231.18
ORD104909,2025-12-14,CUST1996,Home & Kitchen,Storage Container Set,Central,Website,UPI,1,898.72,0.05,853.78,130.24
ORD104910,2025-06-13,CUST1173,Fashion,Cotton T-Shirt,South,Mobile App,Cash on Delivery,1,686.29,0.25,514.72,137.05
ORD104911,2025-06-20,CUST2017,Home & Kitchen,Mixer Grinder,Central,Website,UPI,1,3535.59,0.1,3182.03,735.43
ORD104912,2025-02-21,CUST1977,Electronics,Wireless Headphones,East,Mobile App,Debit Card,2,2289.0,0.15,3891.3,654.07
ORD104913,2025-07-14,CUST2045,Electronics,Wireless Headphones,North,Mobile App,Net Banking,2,2542.06,0.15,4321.5,579.44
ORD104914,2025-08-05,CUST1531,Beauty,Sunscreen,West,Website,UPI,1,645.01,0.05,612.76,208.53
ORD104915,2025-04-28,CUST1372,Fashion,Casual Shirt,Central,Mobile App,UPI,2,1267.32,0.05,2407.91,646.38
ORD104916,2025-10-21,CUST1033,Beauty,Shampoo,South,Mobile App,Credit Card,2,457.93,0.2,732.69,234.88
ORD104917,2025-06-20,CUST1618,Electronics,Wireless Headphones,South,Website,UPI,1,2385.07,0.0,2385.07,499.53
ORD104918,2025-07-15,CUST2068,Home & Kitchen,Air Fryer,West,Mobile App,Credit Card,2,4863.23,0.05,9240.14,1665.3
ORD104919,2025-01-24,CUST1134,Fashion,Backpack,West,Website,UPI,2,1427.41,0.05,2712.08,703.66
ORD104920,2025-11-08,CUST2101,Electronics,Bluetooth Speaker,South,Marketplace,Debit Card,3,1747.79,0.1,4719.03,692.82
ORD104921,2025-08-11,CUST2013,Electronics,Wireless Headphones,East,Marketplace,UPI,2,2584.57,0.15,4393.77,744.44
ORD104922,2025-08-24,CUST1658,Books,Machine Learning Basics,West,Website,Credit Card,1,948.01,0.0,948.01,212.09
ORD104923,2025-02-01,CUST1191,Beauty,Perfume,East,Mobile App,UPI,3,1315.13,0.1,3550.85,1215.68
ORD104924,2025-12-26,CUST1703,Home & Kitchen,Air Fryer,North,Marketplace,Credit Card,1,4967.35,0.25,3725.51,787.67
ORD104925,2025-07-18,CUST1420,Electronics,Power Bank,South,Mobile App,Credit Card,1,1083.23,0.05,1029.07,151.71
ORD104926,2025-07-27,CUST1878,Beauty,Face Wash,East,Website,Debit Card,3,411.54,0.1,1111.16,364.64
ORD104927,2025-04-01,CUST1289,Electronics,Wireless Headphones,South,Marketplace,UPI,2,2664.73,0.05,5062.99,699.33
ORD104928,2025-08-12,CUST1771,Home & Kitchen,Non-Stick Pan,South,Website,UPI,3,1225.31,0.25,2756.95,589.61
ORD104929,2025-01-08,CUST2058,Home & Kitchen,Air Fryer,South,Mobile App,UPI,1,5212.48,0.1,4691.23,941.31
ORD104930,2025-01-27,CUST1665,Home & Kitchen,Electric Kettle,West,Website,UPI,3,1538.38,0.05,4384.38,853.42
ORD104931,2025-12-21,CUST1547,Books,Machine Learning Basics,North,Website,Debit Card,1,872.95,0.15,742.01,209.66
ORD104932,2025-06-26,CUST2151,Fashion,Cotton T-Shirt,North,Mobile App,UPI,3,738.05,0.0,2214.15,589.92
ORD104933,2025-03-01,CUST1526,Fashion,Denim Jeans,North,Mobile App,Net Banking,1,1549.45,0.05,1471.98,400.27
ORD104934,2025-01-09,CUST1040,Electronics,USB-C Hub,South,Website,UPI,4,1204.51,0.1,4336.24,676.51
ORD104935,2025-09-27,CUST1712,Beauty,Sunscreen,East,Marketplace,Cash on Delivery,2,634.74,0.2,1015.58,347.71
ORD104936,2025-05-30,CUST1627,Beauty,Perfume,North,Mobile App,UPI,1,1342.4,0.0,1342.4,424.26
ORD104937,2025-09-04,CUST1178,Beauty,Moisturizer,South,Mobile App,Net Banking,1,601.41,0.1,541.27,185.54
ORD104938,2025-05-15,CUST2059,Fashion,Denim Jeans,West,Mobile App,Credit Card,3,1564.02,0.0,4692.06,1267.36
ORD104939,2025-06-22,CUST2069,Books,Python Programming,East,Mobile App,Debit Card,1,612.64,0.1,551.38,155.06
ORD104940,2025-12-01,CUST1096,Electronics,Bluetooth Speaker,West,Marketplace,UPI,3,1884.13,0.15,4804.53,639.9
ORD104941,2025-03-01,CUST1466,Books,Data Analytics Guide,South,Mobile App,Cash on Delivery,1,711.44,0.0,711.44,176.24
ORD104942,2025-04-04,CUST2096,Books,Machine Learning Basics,South,Marketplace,UPI,1,856.95,0.1,771.26,172.56
ORD104943,2025-12-27,CUST1155,Beauty,Shampoo,East,Marketplace,Debit Card,1,537.7,0.15,457.04,149.83
ORD104944,2025-12-06,CUST1661,Electronics,Power Bank,Central,Mobile App,Debit Card,3,1023.51,0.0,3070.53,604.24
ORD104945,2025-11-29,CUST1659,Beauty,Perfume,South,Marketplace,Debit Card,3,1356.11,0.25,3051.25,973.85
ORD104946,2025-04-04,CUST1223,Fashion,Backpack,West,Website,UPI,1,1294.4,0.2,1035.52,290.93
ORD104947,2025-12-29,CUST2165,Home & Kitchen,Storage Container Set,West,Website,Cash on Delivery,1,847.35,0.2,677.88,124.82
ORD104948,2025-06-30,CUST2189,Fashion,Cotton T-Shirt,North,Mobile App,Cash on Delivery,4,659.21,0.1,2373.16,681.21
ORD104949,2025-03-12,CUST2143,Beauty,Face Wash,East,Website,Credit Card,1,392.77,0.05,373.13,112.38
ORD104950,2025-09-06,CUST1926,Electronics,Bluetooth Speaker,North,Website,UPI,2,1759.71,0.0,3519.42,395.37
ORD104951,2025-05-12,CUST1375,Electronics,Bluetooth Speaker,North,Marketplace,Debit Card,3,1874.53,0.0,5623.59,928.25
ORD104952,2025-12-30,CUST1924,Beauty,Sunscreen,Central,Marketplace,Credit Card,3,683.5,0.1,1845.45,558.5
ORD104953,2025-07-26,CUST1679,Fashion,Casual Shirt,West,Mobile App,Debit Card,3,1187.83,0.2,2850.79,853.16
ORD104954,2025-10-19,CUST1603,Books,Data Analytics Guide,West,Mobile App,Net Banking,5,714.56,0.25,2679.6,602.81
ORD104955,2025-10-21,CUST1878,Home & Kitchen,Mixer Grinder,Central,Mobile App,UPI,1,3408.89,0.05,3238.45,632.94
ORD104956,2025-01-16,CUST1718,Beauty,Sunscreen,South,Marketplace,Debit Card,1,733.22,0.0,733.22,239.71
ORD104957,2025-06-05,CUST1809,Books,Fiction Novel,Central,Website,Credit Card,2,380.7,0.15,647.19,152.26
ORD104958,2025-11-08,CUST1006,Electronics,USB-C Hub,West,Website,Debit Card,3,1233.63,0.1,3330.8,517.15
ORD104959,2025-09-02,CUST1934,Books,Machine Learning Basics,West,Website,Net Banking,2,848.12,0.0,1696.24,421.94
ORD104960,2025-03-07,CUST1508,Home & Kitchen,Air Fryer,South,Website,Credit Card,2,5026.26,0.1,9047.27,1802.68
ORD104961,2025-06-30,CUST1846,Electronics,USB-C Hub,Central,Website,Cash on Delivery,3,1340.62,0.0,4021.86,673.81
ORD104962,2025-11-28,CUST1533,Fashion,Casual Shirt,Central,Website,UPI,1,1190.2,0.2,952.16,263.22
ORD104963,2025-06-20,CUST1109,Fashion,Casual Shirt,South,Mobile App,Credit Card,3,1255.03,0.2,3012.07,836.0
ORD104964,2025-10-02,CUST1310,Fashion,Denim Jeans,East,Website,Cash on Delivery,3,1491.23,0.1,4026.32,1122.66
ORD104965,2025-06-10,CUST1743,Fashion,Denim Jeans,Central,Website,Net Banking,2,1396.07,0.0,2792.14,775.06
ORD104966,2025-10-10,CUST1624,Electronics,Power Bank,North,Website,Net Banking,2,903.73,0.15,1536.34,267.26
ORD104967,2025-01-23,CUST1930,Home & Kitchen,Storage Container Set,North,Mobile App,UPI,2,812.32,0.05,1543.41,252.88
ORD104968,2025-04-13,CUST1682,Electronics,USB-C Hub,East,Mobile App,Cash on Delivery,1,1226.36,0.0,1226.36,205.01
ORD104969,2025-11-16,CUST1219,Fashion,Casual Shirt,West,Website,Credit Card,1,1121.75,0.0,1121.75,293.16
ORD104970,2025-05-29,CUST1193,Fashion,Running Shoes,North,Mobile App,Credit Card,1,2070.42,0.0,2070.42,622.07
ORD104971,2025-10-05,CUST1701,Beauty,Face Wash,South,Mobile App,Credit Card,1,384.11,0.2,307.29,97.3
ORD104972,2025-02-13,CUST1621,Beauty,Sunscreen,Central,Marketplace,UPI,1,680.73,0.0,680.73,210.6
ORD104973,2025-03-31,CUST1376,Beauty,Face Wash,Central,Website,Credit Card,3,368.97,0.15,940.87,295.24
ORD104974,2025-10-30,CUST1856,Home & Kitchen,Electric Kettle,West,Mobile App,Cash on Delivery,2,1500.03,0.15,2550.05,599.75
ORD104975,2025-02-06,CUST1995,Beauty,Shampoo,West,Marketplace,UPI,3,454.82,0.0,1364.46,453.49
ORD104976,2025-10-14,CUST1883,Home & Kitchen,Air Fryer,East,Marketplace,UPI,1,5285.04,0.15,4492.28,693.27
ORD104977,2025-04-09,CUST1342,Electronics,Wireless Headphones,East,Website,Net Banking,5,2382.7,0.1,10722.15,1815.25
ORD104978,2025-02-19,CUST1943,Books,Data Analytics Guide,West,Marketplace,Net Banking,1,817.0,0.1,735.3,173.69
ORD104979,2025-08-31,CUST1210,Fashion,Casual Shirt,South,Mobile App,Credit Card,4,1135.79,0.0,4543.16,1118.91
ORD104980,2025-05-31,CUST1954,Beauty,Moisturizer,South,Website,Credit Card,2,580.05,0.2,928.08,307.4
ORD104981,2025-08-29,CUST1510,Home & Kitchen,Electric Kettle,West,Website,UPI,3,1483.28,0.05,4227.35,984.67
ORD104982,2025-08-08,CUST1529,Home & Kitchen,Storage Container Set,West,Marketplace,UPI,1,985.05,0.1,886.54,164.38
ORD104983,2025-08-03,CUST1731,Electronics,Wireless Headphones,East,Website,Debit Card,2,2292.69,0.1,4126.84,546.91
ORD104984,2025-02-20,CUST1641,Books,Business Management,East,Marketplace,Cash on Delivery,2,487.4,0.15,828.58,210.95
ORD104985,2025-06-05,CUST1016,Home & Kitchen,Non-Stick Pan,West,Website,Net Banking,1,1271.23,0.0,1271.23,260.45
ORD104986,2025-12-09,CUST1133,Fashion,Running Shoes,West,Website,Debit Card,3,2280.96,0.1,6158.59,1887.26
ORD104987,2025-08-05,CUST1571,Electronics,USB-C Hub,West,Mobile App,Credit Card,4,1317.66,0.1,4743.58,837.88
ORD104988,2025-11-06,CUST2104,Home & Kitchen,Electric Kettle,West,Marketplace,Net Banking,1,1726.83,0.25,1295.12,296.14
ORD104989,2025-03-13,CUST1440,Fashion,Running Shoes,West,Marketplace,UPI,2,2241.92,0.0,4483.84,1222.57
ORD104990,2025-05-30,CUST1252,Electronics,USB-C Hub,West,Website,UPI,1,1399.72,0.15,1189.76,177.65
ORD104991,2025-11-18,CUST1627,Home & Kitchen,Mixer Grinder,South,Website,Net Banking,1,3474.3,0.0,3474.3,582.09
ORD104992,2025-01-27,CUST1003,Electronics,Wireless Headphones,East,Marketplace,UPI,2,2276.03,0.0,4552.06,628.21
ORD104993,2025-01-10,CUST1045,Books,Machine Learning Basics,Central,Website,UPI,2,960.06,0.15,1632.1,338.63
ORD104994,2025-02-16,CUST1331,Books,Python Programming,West,Website,Cash on Delivery,1,651.68,0.05,619.1,150.66
ORD104995,2025-11-29,CUST1058,Fashion,Running Shoes,West,Website,UPI,1,2083.29,0.0,2083.29,571.92
ORD104996,2025-02-12,CUST1423,Electronics,USB-C Hub,Central,Website,UPI,2,1222.91,0.05,2323.53,410.98
ORD104997,2025-06-08,CUST1465,Books,Fiction Novel,East,Website,Credit Card,1,433.81,0.2,347.05,87.25
ORD104998,2025-08-23,CUST2195,Beauty,Perfume,East,Mobile App,UPI,1,1417.23,0.15,1204.65,403.4
ORD104999,2025-07-28,CUST1718,Home & Kitchen,Electric Kettle,East,Website,Credit Card,1,1499.59,0.15,1274.65,198.03
ORD105000,2025-05-24,CUST1838,Fashion,Cotton T-Shirt,West,Website,Net Banking,3,750.56,0.05,2139.1,713.96
