Order ID,Order Date,Customer ID,Category,Product,Region,Channel,Payment Method,Quantity,Unit Price,Discount,Revenue,Profit,Month
ORD100001,2025-03-29,CUST2124,Home & Kitchen,Storage Container Set,East,Website,Cash on Delivery,1,949.29,0.1,949.29,151.29,2025-03
ORD100002,2025-01-22,CUST1253,Books,Data Analytics Guide,West,Website,Credit Card,1,701.57,0.05,701.57,164.55,2025-01
ORD100003,2025-09-01,CUST1832,Home & Kitchen,Non-Stick Pan,North,Website,Debit Card,5,1229.57,0.0,6147.849999999999,1002.66,2025-09
ORD100004,2025-09-22,CUST1565,Electronics,Bluetooth Speaker,South,Mobile App,Credit Card,4,1966.53,0.15,7866.12,1318.35,2025-09
ORD100005,2025-02-23,CUST2130,Electronics,Power Bank,West,Website,Cash on Delivery,3,933.74,0.05,2801.2200000000003,463.45,2025-02
ORD100006,2025-09-28,CUST1456,Beauty,Moisturizer,West,Website,UPI,1,650.11,0.15,650.11,167.1,2025-09
ORD100007,2025-06-06,CUST1015,Home & Kitchen,Electric Kettle,Central,Website,Cash on Delivery,2,1626.74,0.25,3253.48,395.91,2025-06
ORD100008,2025-06-12,CUST1419,Beauty,Shampoo,North,Mobile App,Cash on Delivery,1,450.51,0.0,450.51,152.29,2025-06
ORD100009,2025-08-04,CUST1805,Fashion,Running Shoes,East,Mobile App,UPI,3,2355.69,0.05,7067.07,1850.01,2025-08
ORD100010,2025-08-06,CUST1503,Fashion,Casual Shirt,East,Mobile App,Credit Card,1,1250.14,0.15,1250.14,286.63,2025-08
ORD100011,2025-08-19,CUST1749,Electronics,Power Bank,East,Website,Cash on Delivery,1,1078.07,0.1,1078.07,198.76,2025-08
ORD100012,2025-05-14,CUST1796,Fashion,Casual Shirt,West,Website,Credit Card,1,1302.04,0.15,1302.04,325.95,2025-05
ORD100013,2025-05-01,CUST1628,Books,Data Analytics Guide,Central,Marketplace,UPI,1,727.47,0.2,727.47,157.86,2025-05
ORD100014,2025-06-01,CUST2137,Fashion,Cotton T-Shirt,North,Website,UPI,1,725.9,0.05,725.9,170.48,2025-06
ORD100015,2025-02-23,CUST1855,Beauty,Sunscreen,Central,Website,Debit Card,1,668.92,0.0,668.92,215.06,2025-02
ORD100016,2025-11-20,CUST1203,Beauty,Perfume,East,Website,Net Banking,1,1425.17,0.05,1425.17,516.63,2025-11
ORD100017,2025-11-22,CUST1464,Fashion,Denim Jeans,Central,Marketplace,UPI,2,1509.73,0.0,3019.46,808.2,2025-11
ORD100018,2025-11-04,CUST1489,Electronics,Bluetooth Speaker,North,Website,Credit Card,2,1700.59,0.1,3401.18,560.42,2025-11
ORD100019,2025-09-09,CUST1144,Books,Business Management,South,Marketplace,Credit Card,1,460.42,0.2,460.42,88.8,2025-09
ORD100020,2025-01-09,CUST2123,Home & Kitchen,Mixer Grinder,East,Mobile App,Cash on Delivery,1,3776.97,0.2,3776.97,646.33,2025-01
ORD100021,2025-08-15,CUST2136,Books,Python Programming,North,Mobile App,UPI,2,549.18,0.0,1098.36,280.8,2025-08
ORD100022,2025-06-10,CUST1801,Electronics,Bluetooth Speaker,Central,Website,UPI,1,1780.44,0.25,1780.44,241.94,2025-06
ORD100023,2025-08-26,CUST1038,Beauty,Sunscreen,Central,Mobile App,Cash on Delivery,2,708.55,0.0,1417.1,404.94,2025-08
ORD100024,2025-11-13,CUST1816,Home & Kitchen,Storage Container Set,East,Mobile App,Debit Card,2,912.83,0.1,1825.66,296.92,2025-11
ORD100025,2025-06-30,CUST1607,Electronics,USB-C Hub,East,Marketplace,UPI,4,1416.93,0.2,5667.72,711.4,2025-06
ORD100026,2025-08-11,CUST1566,Home & Kitchen,Mixer Grinder,South,Marketplace,UPI,1,3267.71,0.1,3267.71,642.62,2025-08
ORD100027,2025-06-19,CUST1759,Electronics,Bluetooth Speaker,South,Marketplace,Net Banking,1,1725.35,0.05,1725.35,280.68,2025-06
ORD100028,2025-09-21,CUST1512,Books,Data Analytics Guide,West,Marketplace,UPI,1,768.16,0.0,768.16,226.2,2025-09
ORD100029,2025-06-29,CUST1682,Fashion,Casual Shirt,East,Website,Credit Card,1,1209.23,0.05,1209.23,309.75,2025-06
ORD100030,2025-12-16,CUST1047,Beauty,Shampoo,East,Mobile App,Debit Card,4,494.74,0.15,1978.96,541.65,2025-12
ORD100031,2025-12-12,CUST1741,Books,Machine Learning Basics,South,Marketplace,Net Banking,2,816.48,0.05,1632.96,449.61,2025-12
ORD100032,2025-04-06,CUST2142,Beauty,Perfume,North,Mobile App,UPI,1,1406.87,0.1,1406.87,391.44,2025-04
ORD100033,2025-07-04,CUST2093,Books,Fiction Novel,North,Website,Cash on Delivery,2,392.58,0.05,785.16,210.1,2025-07
ORD100034,2025-09-11,CUST1357,Electronics,Bluetooth Speaker,South,Mobile App,Debit Card,2,1909.43,0.05,3818.86,516.28,2025-09
ORD100035,2025-10-07,CUST1336,Electronics,Bluetooth Speaker,South,Website,Credit Card,2,1800.13,0.2,3600.26,390.16,2025-10
ORD100036,2025-06-28,CUST2192,Books,Machine Learning Basics,South,Website,UPI,1,924.76,0.1,924.76,217.68,2025-06
ORD100037,2025-03-31,CUST2022,Electronics,Bluetooth Speaker,South,Website,Credit Card,1,1841.55,0.05,1841.55,229.38,2025-03
ORD100038,2025-10-04,CUST2021,Beauty,Moisturizer,North,Mobile App,Credit Card,2,644.22,0.15,1288.44,393.44,2025-10
ORD100039,2025-07-09,CUST1037,Fashion,Casual Shirt,West,Website,Debit Card,5,1178.05,0.05,5890.25,1473.19,2025-07
ORD100040,2025-08-05,CUST1397,Beauty,Face Wash,East,Website,UPI,1,401.74,0.1,401.74,126.21,2025-08
ORD100041,2025-05-24,CUST1885,Books,Business Management,Central,Website,UPI,1,480.97,0.25,480.97,91.06,2025-05
ORD100042,2025-06-30,CUST2066,Fashion,Running Shoes,South,Website,Credit Card,4,2428.34,0.0,9713.36,2864.27,2025-06
ORD100043,2025-09-10,CUST2198,Home & Kitchen,Storage Container Set,Central,Website,Credit Card,1,830.15,0.0,830.15,178.77,2025-09
ORD100044,2025-12-31,CUST1500,Books,Data Analytics Guide,North,Marketplace,Cash on Delivery,1,686.81,0.25,686.81,146.26,2025-12
ORD100045,2025-02-08,CUST2150,Beauty,Shampoo,East,Website,Credit Card,1,526.66,0.1,526.66,161.84,2025-02
ORD100046,2025-01-01,CUST1387,Fashion,Running Shoes,Central,Website,Credit Card,1,2123.14,0.1,2123.14,527.39,2025-01
ORD100047,2025-08-17,CUST1047,Fashion,Cotton T-Shirt,North,Website,UPI,3,660.36,0.25,1981.08,424.35,2025-08
ORD100048,2025-08-12,CUST1784,Books,Business Management,West,Website,UPI,3,453.64,0.05,1360.92,323.62,2025-08
ORD100049,2025-07-31,CUST1461,Electronics,USB-C Hub,West,Website,UPI,1,1260.9,0.1,1260.9,127.31,2025-07
ORD100050,2025-01-10,CUST1824,Electronics,Bluetooth Speaker,South,Mobile App,UPI,1,1828.2,0.2,1828.2,247.26,2025-01
ORD100051,2025-11-11,CUST1795,Home & Kitchen,Mixer Grinder,North,Marketplace,Credit Card,1,3838.6,0.05,3838.6,673.19,2025-11
ORD100052,2025-07-16,CUST1771,Home & Kitchen,Mixer Grinder,Central,Mobile App,Debit Card,1,3201.84,0.15,3201.84,642.03,2025-07
ORD100053,2025-10-15,CUST1034,Beauty,Sunscreen,West,Website,UPI,1,692.09,0.0,692.09,223.55,2025-10
ORD100054,2025-08-10,CUST1763,Fashion,Casual Shirt,North,Mobile App,Credit Card,2,1283.45,0.1,2566.9,676.57,2025-08
ORD100055,2025-10-13,CUST1859,Home & Kitchen,Storage Container Set,East,Marketplace,UPI,2,935.69,0.0,1871.38,423.79,2025-10
ORD100056,2025-10-12,CUST1900,Fashion,Running Shoes,South,Marketplace,Credit Card,1,2309.85,0.15,2309.85,463.42,2025-10
ORD100057,2025-04-21,CUST1761,Home & Kitchen,Storage Container Set,East,Website,Debit Card,5,897.67,0.05,4488.349999999999,713.73,2025-04
ORD100058,2025-03-02,CUST1634,Electronics,Wireless Headphones,East,Website,UPI,3,2485.99,0.1,7457.969999999999,1186.32,2025-03
ORD100059,2025-03-19,CUST2097,Home & Kitchen,Storage Container Set,South,Mobile App,Debit Card,1,907.76,0.1,907.76,179.45,2025-03
ORD100060,2025-09-14,CUST1008,Electronics,Smart Watch,North,Mobile App,Cash on Delivery,4,3009.4,0.05,12037.6,1747.62,2025-09
ORD100061,2025-08-26,CUST1363,Fashion,Denim Jeans,West,Website,Credit Card,2,1508.37,0.15,3016.74,743.64,2025-08
ORD100062,2025-09-30,CUST1086,Fashion,Cotton T-Shirt,South,Mobile App,UPI,2,654.58,0.1,1309.16,306.8,2025-09
ORD100063,2025-02-03,CUST1623,Home & Kitchen,Mixer Grinder,North,Mobile App,UPI,2,3701.36,0.1,7402.72,1345.38,2025-02
ORD100064,2025-12-31,CUST1662,Home & Kitchen,Non-Stick Pan,Central,Website,UPI,2,1317.39,0.05,2634.78,446.71,2025-12
ORD100065,2025-12-01,CUST1646,Electronics,Smart Watch,North,Mobile App,Debit Card,1,3500.81,0.0,3500.81,629.93,2025-12
ORD100066,2025-10-27,CUST1326,Beauty,Moisturizer,South,Website,Credit Card,2,607.58,0.05,1215.16,373.6,2025-10
ORD100067,2025-12-22,CUST1845,Fashion,Cotton T-Shirt,East,Mobile App,UPI,2,727.97,0.15,1455.94,346.91,2025-12
ORD100068,2025-05-10,CUST1321,Fashion,Backpack,Central,Website,UPI,1,1536.09,0.05,1536.09,376.65,2025-05
ORD100069,2025-03-17,CUST1513,Fashion,Casual Shirt,West,Marketplace,UPI,1,1302.0,0.15,1302.0,314.57,2025-03
ORD100070,2025-03-19,CUST1574,Beauty,Shampoo,West,Website,Credit Card,1,465.49,0.15,465.49,127.5,2025-03
ORD100071,2025-11-05,CUST1104,Beauty,Sunscreen,East,Mobile App,Credit Card,2,704.56,0.1,1409.12,346.83,2025-11
ORD100072,2025-06-06,CUST1478,Home & Kitchen,Air Fryer,East,Mobile App,UPI,1,4638.34,0.15,4638.34,886.78,2025-06
ORD100073,2025-11-26,CUST1865,Home & Kitchen,Storage Container Set,Central,Website,Net Banking,3,834.83,0.0,2504.4900000000002,497.66,2025-11
ORD100074,2025-06-22,CUST1130,Electronics,Power Bank,East,Mobile App,Debit Card,2,996.27,0.05,1992.54,389.98,2025-06
ORD100075,2025-01-23,CUST1815,Fashion,Casual Shirt,South,Marketplace,UPI,2,1277.37,0.25,2554.74,480.08,2025-01
ORD100076,2025-12-22,CUST2008,Fashion,Denim Jeans,West,Mobile App,UPI,2,1354.53,0.2,2709.06,569.97,2025-12
ORD100077,2025-08-02,CUST1779,Fashion,Cotton T-Shirt,North,Website,Cash on Delivery,2,713.92,0.1,1427.84,365.72,2025-08
ORD100078,2025-05-29,CUST1969,Books,Python Programming,Central,Website,Net Banking,1,576.41,0.05,576.41,138.27,2025-05
ORD100079,2025-12-13,CUST1640,Electronics,Wireless Headphones,East,Website,Cash on Delivery,1,2456.27,0.2,2456.27,311.19,2025-12
ORD100080,2025-06-26,CUST1285,Home & Kitchen,Mixer Grinder,East,Mobile App,UPI,1,3442.26,0.2,3442.26,606.35,2025-06
ORD100081,2025-05-21,CUST1990,Fashion,Cotton T-Shirt,East,Website,Cash on Delivery,4,649.88,0.05,2599.52,850.35,2025-05
ORD100082,2025-01-19,CUST1018,Electronics,Power Bank,North,Mobile App,Credit Card,2,974.57,0.15,1949.14,267.54,2025-01
ORD100083,2025-02-24,CUST1800,Fashion,Running Shoes,South,Website,Debit Card,1,2297.63,0.15,2297.63,532.26,2025-02
ORD100084,2025-11-09,CUST1759,Home & Kitchen,Non-Stick Pan,East,Website,Debit Card,3,1394.34,0.05,4183.0199999999995,723.66,2025-11
ORD100085,2025-04-06,CUST2112,Electronics,Wireless Headphones,East,Marketplace,Cash on Delivery,3,2338.34,0.1,7015.02,954.81,2025-04
ORD100086,2025-05-27,CUST1915,Electronics,Bluetooth Speaker,West,Mobile App,Debit Card,1,1649.87,0.0,1649.87,254.52,2025-05
ORD100087,2025-09-18,CUST1805,Books,Fiction Novel,North,Website,UPI,1,379.8,0.05,379.8,76.16,2025-09
ORD100088,2025-08-03,CUST1128,Books,Machine Learning Basics,North,Mobile App,Credit Card,1,965.25,0.1,965.25,230.34,2025-08
ORD100089,2025-08-03,CUST1805,Beauty,Moisturizer,East,Marketplace,Credit Card,2,569.99,0.0,1139.98,328.07,2025-08
ORD100090,2025-03-17,CUST1342,Beauty,Face Wash,Central,Website,UPI,1,403.32,0.1,403.32,117.07,2025-03
ORD100091,2025-07-09,CUST1634,Beauty,Moisturizer,South,Website,Debit Card,2,618.77,0.0,1237.54,391.12,2025-07
ORD100092,2025-01-11,CUST1676,Electronics,USB-C Hub,North,Mobile App,Debit Card,3,1186.83,0.15,3560.49,545.25,2025-01
ORD100093,2025-12-03,CUST1958,Books,Fiction Novel,East,Mobile App,UPI,1,380.64,0.1,380.64,88.07,2025-12
ORD100094,2025-03-02,CUST1939,Beauty,Perfume,South,Mobile App,UPI,1,1260.43,0.05,1260.43,374.77,2025-03
ORD100095,2025-11-01,CUST1957,Electronics,USB-C Hub,North,Marketplace,Credit Card,2,1239.8,0.1,2479.6,316.49,2025-11
ORD100096,2025-07-17,CUST1466,Electronics,Smart Watch,North,Mobile App,Debit Card,2,3501.27,0.1,7002.54,969.37,2025-07
ORD100097,2025-09-07,CUST1391,Electronics,Bluetooth Speaker,Central,Mobile App,UPI,1,1872.97,0.2,1872.97,249.91,2025-09
ORD100098,2025-04-13,CUST2183,Electronics,Smart Watch,East,Mobile App,Credit Card,4,3281.99,0.2,13127.96,1345.16,2025-04
ORD100099,2025-12-15,CUST1982,Books,Business Management,North,Mobile App,Credit Card,1,521.43,0.0,521.43,135.74,2025-12
ORD100100,2025-09-08,CUST1759,Home & Kitchen,Non-Stick Pan,Central,Mobile App,Cash on Delivery,1,1175.44,0.2,1175.44,142.71,2025-09
ORD100101,2025-08-24,CUST1377,Beauty,Shampoo,South,Website,UPI,1,457.94,0.0,457.94,176.28,2025-08
ORD100102,2025-06-07,CUST1324,Fashion,Cotton T-Shirt,South,Website,UPI,1,644.54,0.05,644.54,161.49,2025-06
ORD100103,2025-10-22,CUST1011,Electronics,Wireless Headphones,Central,Marketplace,Debit Card,1,2444.84,0.0,2444.84,425.59,2025-10
ORD100104,2025-11-26,CUST2131,Electronics,USB-C Hub,South,Website,UPI,3,1229.0,0.15,3687.0,381.36,2025-11
ORD100105,2025-06-27,CUST1850,Books,Fiction Novel,North,Website,Net Banking,1,436.43,0.2,436.43,84.03,2025-06
ORD100106,2025-04-08,CUST1952,Electronics,Power Bank,East,Website,Credit Card,2,1017.57,0.1,2035.14,239.32,2025-04
ORD100107,2025-05-04,CUST1975,Electronics,Bluetooth Speaker,East,Mobile App,Credit Card,3,1910.36,0.1,5731.08,715.6,2025-05
ORD100108,2025-04-24,CUST2064,Electronics,USB-C Hub,Central,Mobile App,Credit Card,1,1401.49,0.25,1401.49,170.93,2025-04
ORD100109,2025-04-02,CUST1353,Beauty,Moisturizer,East,Marketplace,Debit Card,2,642.67,0.15,1285.34,379.7,2025-04
ORD100110,2025-07-07,CUST1007,Books,Python Programming,Central,Marketplace,Net Banking,4,551.78,0.15,2207.12,472.0,2025-07
ORD100111,2025-07-25,CUST1589,Electronics,Bluetooth Speaker,Central,Website,UPI,1,1739.68,0.15,1739.68,250.23,2025-07
ORD100112,2025-07-07,CUST1448,Electronics,Smart Watch,Central,Mobile App,UPI,5,3385.97,0.05,16929.85,2415.18,2025-07
ORD100113,2025-10-05,CUST1916,Beauty,Moisturizer,West,Website,UPI,1,639.75,0.05,639.75,202.95,2025-10
ORD100114,2025-07-29,CUST1306,Beauty,Face Wash,Central,Website,Debit Card,2,386.7,0.1,773.4,210.49,2025-07
ORD100115,2025-02-27,CUST1738,Fashion,Running Shoes,Central,Marketplace,UPI,1,2079.27,0.05,2079.27,630.4,2025-02
ORD100116,2025-03-25,CUST2046,Books,Fiction Novel,East,Website,Cash on Delivery,2,376.72,0.0,753.44,187.12,2025-03
ORD100117,2025-02-27,CUST1934,Electronics,USB-C Hub,South,Website,UPI,2,1405.39,0.2,2810.78,255.96,2025-02
ORD100118,2025-03-01,CUST1430,Fashion,Running Shoes,North,Marketplace,Debit Card,2,2285.91,0.1,4571.82,1093.81,2025-03
ORD100119,2025-06-02,CUST1734,Beauty,Moisturizer,North,Mobile App,UPI,2,614.12,0.0,1228.24,431.39,2025-06
ORD100120,2025-12-10,CUST1584,Fashion,Cotton T-Shirt,East,Marketplace,UPI,1,720.18,0.05,720.18,199.97,2025-12
ORD100121,2025-04-12,CUST1779,Fashion,Denim Jeans,East,Website,UPI,1,1528.99,0.05,1528.99,435.25,2025-04
ORD100122,2025-12-19,CUST1002,Books,Machine Learning Basics,North,Website,UPI,2,909.72,0.0,1819.44,474.21,2025-12
ORD100123,2025-05-23,CUST1994,Electronics,USB-C Hub,South,Website,UPI,1,1252.78,0.25,1252.78,165.18,2025-05
ORD100124,2025-08-11,CUST1553,Fashion,Casual Shirt,South,Marketplace,Cash on Delivery,3,1221.73,0.1,3665.19,842.91,2025-08
ORD100125,2025-11-10,CUST1022,Fashion,Running Shoes,South,Mobile App,UPI,1,2443.76,0.0,2443.76,691.25,2025-11
ORD100126,2025-01-25,CUST1122,Electronics,Smart Watch,East,Marketplace,UPI,2,3360.55,0.1,6721.1,1111.52,2025-01
ORD100127,2025-12-18,CUST1312,Electronics,Power Bank,North,Mobile App,UPI,2,998.64,0.1,1997.28,245.67,2025-12
ORD100128,2025-11-28,CUST1862,Home & Kitchen,Storage Container Set,Central,Mobile App,Debit Card,1,814.61,0.05,814.61,169.35,2025-11
ORD100129,2025-04-15,CUST1420,Home & Kitchen,Non-Stick Pan,South,Mobile App,Credit Card,2,1368.55,0.1,2737.1,551.32,2025-04
ORD100130,2025-07-05,CUST1637,Books,Data Analytics Guide,West,Website,Credit Card,3,772.22,0.25,2316.66,562.35,2025-07
ORD100131,2025-11-30,CUST1002,Books,Python Programming,Central,Marketplace,Credit Card,1,624.86,0.2,624.86,118.1,2025-11
ORD100132,2025-03-25,CUST1130,Home & Kitchen,Non-Stick Pan,North,Website,Cash on Delivery,1,1323.14,0.1,1323.14,218.17,2025-03
ORD100133,2025-10-14,CUST2034,Home & Kitchen,Storage Container Set,East,Website,UPI,1,914.9,0.1,914.9,135.73,2025-10
ORD100134,2025-06-20,CUST1972,Home & Kitchen,Non-Stick Pan,North,Website,UPI,3,1281.04,0.05,3843.12,679.75,2025-06
ORD100135,2025-06-05,CUST1620,Home & Kitchen,Air Fryer,East,Website,UPI,2,5162.77,0.1,10325.54,1947.33,2025-06
ORD100136,2025-07-17,CUST1485,Electronics,Power Bank,Central,Website,UPI,4,906.96,0.0,3627.84,619.46,2025-07
ORD100137,2025-08-11,CUST1495,Fashion,Running Shoes,East,Mobile App,Debit Card,1,2522.75,0.25,2522.75,573.12,2025-08
ORD100138,2025-01-08,CUST1129,Electronics,Power Bank,Central,Website,Net Banking,1,1086.88,0.15,1086.88,155.82,2025-01
ORD100139,2025-03-17,CUST1987,Electronics,Bluetooth Speaker,North,Mobile App,Debit Card,2,1971.21,0.05,3942.42,616.45,2025-03
ORD100140,2025-07-11,CUST1575,Electronics,Power Bank,North,Marketplace,Cash on Delivery,2,1014.42,0.05,2028.84,316.42,2025-07
ORD100141,2025-04-12,CUST1019,Beauty,Perfume,South,Mobile App,Net Banking,2,1360.95,0.2,2721.9,605.09,2025-04
ORD100142,2025-08-01,CUST2089,Home & Kitchen,Air Fryer,West,Mobile App,Credit Card,1,4795.91,0.1,4795.91,762.51,2025-08
ORD100143,2025-11-26,CUST1962,Home & Kitchen,Storage Container Set,North,Website,Net Banking,1,851.81,0.05,851.81,195.06,2025-11
ORD100144,2025-10-31,CUST1975,Fashion,Running Shoes,West,Mobile App,Credit Card,1,2226.01,0.05,2226.01,645.51,2025-10
ORD100145,2025-04-27,CUST2148,Fashion,Denim Jeans,North,Mobile App,Credit Card,2,1505.37,0.15,3010.74,775.2,2025-04
ORD100146,2025-02-21,CUST1494,Electronics,Power Bank,East,Marketplace,Credit Card,1,919.36,0.1,919.36,129.08,2025-02
ORD100147,2025-09-20,CUST2132,Fashion,Denim Jeans,South,Mobile App,UPI,2,1563.8,0.05,3127.6,758.96,2025-09
ORD100148,2025-09-20,CUST2196,Home & Kitchen,Mixer Grinder,Central,Mobile App,Cash on Delivery,2,3328.64,0.25,6657.28,970.55,2025-09
ORD100149,2025-05-05,CUST1682,Fashion,Backpack,North,Website,Net Banking,3,1322.92,0.0,3968.76,972.09,2025-05
ORD100150,2025-06-13,CUST1993,Home & Kitchen,Air Fryer,South,Website,UPI,3,5170.39,0.15,15511.170000000002,3213.58,2025-06
ORD100151,2025-06-09,CUST1650,Books,Python Programming,North,Website,Credit Card,1,550.57,0.0,550.57,154.5,2025-06
ORD100152,2025-02-11,CUST1637,Fashion,Denim Jeans,North,Mobile App,Cash on Delivery,1,1528.09,0.15,1528.09,416.4,2025-02
ORD100153,2025-08-17,CUST1353,Electronics,Smart Watch,West,Website,UPI,2,3191.6,0.2,6383.2,721.48,2025-08
ORD100154,2025-01-05,CUST1428,Electronics,Wireless Headphones,East,Mobile App,UPI,2,2470.22,0.15,4940.44,763.04,2025-01
ORD100155,2025-12-20,CUST1116,Fashion,Casual Shirt,West,Website,Cash on Delivery,2,1156.88,0.05,2313.76,653.65,2025-12
ORD100156,2025-02-24,CUST1912,Fashion,Cotton T-Shirt,West,Website,Debit Card,1,686.35,0.1,686.35,203.02,2025-02
ORD100157,2025-11-17,CUST1286,Beauty,Perfume,Central,Website,UPI,1,1422.19,0.0,1422.19,485.87,2025-11
ORD100158,2025-05-22,CUST1481,Beauty,Face Wash,South,Website,Credit Card,2,399.55,0.0,799.1,270.98,2025-05
ORD100159,2025-11-07,CUST1262,Home & Kitchen,Mixer Grinder,East,Mobile App,Credit Card,2,3362.91,0.05,6725.82,1622.26,2025-11
ORD100160,2025-03-23,CUST2182,Fashion,Running Shoes,South,Marketplace,Net Banking,1,2496.99,0.0,2496.99,628.53,2025-03
ORD100161,2025-07-25,CUST1266,Beauty,Shampoo,North,Mobile App,Credit Card,3,481.29,0.0,1443.8700000000001,446.37,2025-07
ORD100162,2025-01-25,CUST2141,Home & Kitchen,Mixer Grinder,South,Website,UPI,2,3684.31,0.0,7368.62,1373.55,2025-01
ORD100163,2025-01-20,CUST1989,Electronics,USB-C Hub,West,Marketplace,UPI,1,1370.89,0.0,1370.89,241.88,2025-01
ORD100164,2025-09-23,CUST1345,Electronics,Bluetooth Speaker,South,Mobile App,Debit Card,2,1673.8,0.0,3347.6,547.5,2025-09
ORD100165,2025-09-20,CUST2104,Fashion,Cotton T-Shirt,West,Mobile App,Debit Card,1,652.96,0.0,652.96,171.25,2025-09
ORD100166,2025-05-04,CUST1422,Electronics,Power Bank,South,Website,Cash on Delivery,2,960.29,0.1,1920.58,313.49,2025-05
ORD100167,2025-05-13,CUST1510,Home & Kitchen,Storage Container Set,South,Website,Credit Card,1,903.59,0.1,903.59,154.39,2025-05
ORD100168,2025-03-06,CUST2037,Beauty,Perfume,Central,Marketplace,Debit Card,2,1204.72,0.1,2409.44,630.91,2025-03
ORD100169,2025-11-04,CUST1183,Electronics,Power Bank,Central,Mobile App,UPI,4,996.57,0.0,3986.28,442.46,2025-11
ORD100170,2025-02-11,CUST1021,Home & Kitchen,Non-Stick Pan,South,Marketplace,Cash on Delivery,2,1379.72,0.1,2759.44,624.63,2025-02
ORD100171,2025-08-20,CUST1789,Beauty,Face Wash,West,Mobile App,Debit Card,4,423.65,0.0,1694.6,556.05,2025-08
ORD100172,2025-03-10,CUST1940,Books,Python Programming,North,Website,UPI,2,547.08,0.1,1094.16,242.08,2025-03
ORD100173,2025-08-20,CUST1366,Electronics,Smart Watch,West,Website,Debit Card,2,3498.35,0.0,6996.7,1121.23,2025-08
ORD100174,2025-12-18,CUST1520,Fashion,Running Shoes,South,Website,UPI,1,2258.6,0.1,2258.6,541.59,2025-12
ORD100175,2025-04-15,CUST1169,Books,Python Programming,North,Mobile App,UPI,5,619.05,0.0,3095.25,707.16,2025-04
ORD100176,2025-09-26,CUST1160,Books,Fiction Novel,West,Website,UPI,1,396.95,0.0,396.95,90.5,2025-09
ORD100177,2025-10-05,CUST1414,Electronics,Bluetooth Speaker,West,Website,UPI,1,1753.01,0.1,1753.01,333.54,2025-10
ORD100178,2025-09-25,CUST1943,Books,Fiction Novel,South,Mobile App,UPI,1,424.21,0.2,424.21,75.48,2025-09
ORD100179,2025-09-26,CUST1770,Books,Machine Learning Basics,Central,Mobile App,UPI,1,866.65,0.15,866.65,189.59,2025-09
ORD100180,2025-07-08,CUST1696,Books,Business Management,East,Website,Credit Card,1,483.27,0.05,483.27,95.06,2025-07
ORD100181,2025-05-09,CUST1515,Beauty,Shampoo,North,Website,UPI,2,525.06,0.0,1050.12,329.46,2025-05
ORD100182,2025-08-19,CUST1923,Books,Data Analytics Guide,South,Website,Net Banking,1,757.25,0.15,757.25,160.6,2025-08
ORD100183,2025-08-31,CUST2015,Fashion,Denim Jeans,East,Marketplace,UPI,2,1359.69,0.15,2719.38,563.43,2025-08
ORD100184,2025-08-18,CUST1822,Home & Kitchen,Non-Stick Pan,Central,Website,UPI,3,1225.53,0.0,3676.59,633.63,2025-08
ORD100185,2025-12-02,CUST1698,Electronics,Power Bank,West,Mobile App,Debit Card,1,1016.62,0.1,1016.62,133.49,2025-12
ORD100186,2025-11-15,CUST1211,Fashion,Denim Jeans,Central,Mobile App,Cash on Delivery,2,1355.98,0.05,2711.96,733.27,2025-11
ORD100187,2025-05-26,CUST1831,Electronics,USB-C Hub,West,Website,Net Banking,2,1283.46,0.0,2566.92,364.71,2025-05
ORD100188,2025-09-17,CUST1660,Beauty,Face Wash,East,Mobile App,Cash on Delivery,4,410.38,0.1,1641.52,403.82,2025-09
ORD100189,2025-04-28,CUST1710,Beauty,Face Wash,North,Marketplace,Net Banking,4,375.29,0.1,1501.16,456.58,2025-04
ORD100190,2025-02-18,CUST1917,Electronics,Smart Watch,South,Marketplace,Debit Card,1,3544.93,0.15,3544.93,608.33,2025-02
ORD100191,2025-03-25,CUST1985,Fashion,Denim Jeans,West,Website,UPI,3,1583.01,0.0,4749.03,1297.17,2025-03
ORD100192,2025-12-02,CUST1205,Electronics,USB-C Hub,West,Website,Net Banking,1,1240.7,0.15,1240.7,142.39,2025-12
ORD100193,2025-05-07,CUST1672,Electronics,Bluetooth Speaker,East,Marketplace,Credit Card,3,1669.2,0.1,5007.6,522.47,2025-05
ORD100194,2025-06-14,CUST1314,Books,Data Analytics Guide,Central,Website,Debit Card,3,792.1,0.1,2376.3,479.78,2025-06
ORD100195,2025-06-27,CUST1629,Electronics,Wireless Headphones,West,Website,UPI,1,2734.91,0.1,2734.91,344.08,2025-06
ORD100196,2025-02-12,CUST1423,Beauty,Face Wash,North,Mobile App,UPI,2,368.26,0.2,736.52,183.91,2025-02
ORD100197,2025-05-24,CUST1435,Fashion,Cotton T-Shirt,Central,Mobile App,UPI,1,648.81,0.1,648.81,160.57,2025-05
ORD100198,2025-02-18,CUST1960,Beauty,Shampoo,Central,Website,UPI,1,546.71,0.15,546.71,147.06,2025-02
ORD100199,2025-10-11,CUST2050,Beauty,Perfume,North,Website,UPI,2,1211.09,0.05,2422.18,741.29,2025-10
ORD100200,2025-10-06,CUST1601,Fashion,Running Shoes,East,Website,Debit Card,2,2297.99,0.0,4595.98,1360.27,2025-10
ORD100201,2025-02-24,CUST1905,Books,Machine Learning Basics,South,Website,Debit Card,2,860.73,0.15,1721.46,434.34,2025-02
ORD100202,2025-08-08,CUST2153,Beauty,Sunscreen,Central,Mobile App,Net Banking,1,754.53,0.0,754.53,261.82,2025-08
ORD100203,2025-01-21,CUST1670,Home & Kitchen,Air Fryer,Central,Website,Cash on Delivery,3,5302.54,0.1,15907.619999999999,2834.87,2025-01
ORD100204,2025-12-19,CUST1196,Books,Business Management,North,Marketplace,UPI,1,450.36,0.1,450.36,105.91,2025-12
ORD100205,2025-12-30,CUST1457,Home & Kitchen,Air Fryer,Central,Website,Net Banking,1,5357.11,0.15,5357.11,1116.51,2025-12
ORD100206,2025-06-12,CUST1546,Books,Data Analytics Guide,North,Mobile App,UPI,1,691.02,0.0,691.02,178.81,2025-06
ORD100207,2025-09-29,CUST2090,Fashion,Cotton T-Shirt,East,Mobile App,UPI,3,694.99,0.25,2084.9700000000003,402.52,2025-09
ORD100208,2025-05-08,CUST1191,Electronics,Wireless Headphones,East,Mobile App,Credit Card,2,2744.77,0.0,5489.54,922.84,2025-05
ORD100209,2025-11-29,CUST1210,Home & Kitchen,Storage Container Set,East,Marketplace,Debit Card,1,863.75,0.1,863.75,169.54,2025-11
ORD100210,2025-11-24,CUST1702,Fashion,Casual Shirt,East,Website,Net Banking,1,1170.1,0.05,1170.1,329.79,2025-11
ORD100211,2025-03-24,CUST1947,Fashion,Cotton T-Shirt,East,Mobile App,Net Banking,1,732.54,0.2,732.54,174.48,2025-03
ORD100212,2025-04-30,CUST1934,Electronics,Wireless Headphones,Central,Mobile App,UPI,1,2663.63,0.05,2663.63,377.32,2025-04
ORD100213,2025-08-10,CUST1041,Home & Kitchen,Mixer Grinder,West,Website,Net Banking,1,3359.93,0.1,3359.93,525.13,2025-08
ORD100214,2025-07-02,CUST2040,Books,Fiction Novel,Central,Marketplace,UPI,2,430.31,0.0,860.62,192.18,2025-07
ORD100215,2025-07-20,CUST2059,Home & Kitchen,Air Fryer,North,Website,Cash on Delivery,5,5354.62,0.1,26773.1,4260.53,2025-07
ORD100216,2025-05-27,CUST1026,Electronics,USB-C Hub,West,Website,Debit Card,4,1289.76,0.0,5159.04,856.19,2025-05
ORD100217,2025-03-17,CUST1579,Fashion,Running Shoes,West,Marketplace,Debit Card,3,2363.19,0.15,7089.57,1632.67,2025-03
ORD100218,2025-07-29,CUST1573,Beauty,Face Wash,West,Mobile App,Cash on Delivery,1,391.58,0.2,391.58,96.31,2025-07
ORD100219,2025-08-25,CUST1653,Electronics,Bluetooth Speaker,Central,Website,UPI,5,1738.32,0.1,8691.6,1339.99,2025-08
ORD100220,2025-09-02,CUST1704,Electronics,Smart Watch,South,Website,Cash on Delivery,3,3157.08,0.1,9471.24,1099.6,2025-09
ORD100221,2025-02-08,CUST1397,Home & Kitchen,Storage Container Set,East,Website,Credit Card,1,956.21,0.1,956.21,176.32,2025-02
ORD100222,2025-04-19,CUST1445,Books,Fiction Novel,North,Marketplace,Cash on Delivery,1,392.76,0.05,392.76,102.54,2025-04
ORD100223,2025-12-04,CUST1990,Beauty,Face Wash,North,Mobile App,UPI,2,363.18,0.05,726.36,223.31,2025-12
ORD100224,2025-08-31,CUST1655,Electronics,USB-C Hub,North,Marketplace,Debit Card,2,1403.0,0.05,2806.0,385.54,2025-08
ORD100225,2025-06-04,CUST1629,Fashion,Denim Jeans,South,Mobile App,Net Banking,3,1528.59,0.1,4585.7699999999995,1124.53,2025-06
ORD100226,2025-11-17,CUST1986,Books,Data Analytics Guide,Central,Website,Credit Card,1,737.32,0.05,737.32,169.56,2025-11
ORD100227,2025-03-14,CUST2054,Home & Kitchen,Mixer Grinder,West,Website,Credit Card,1,3420.2,0.2,3420.2,496.71,2025-03
ORD100228,2025-02-17,CUST1672,Fashion,Running Shoes,South,Website,UPI,4,2267.27,0.05,9069.08,2376.18,2025-02
ORD100229,2025-05-28,CUST1914,Home & Kitchen,Electric Kettle,West,Website,Credit Card,1,1576.78,0.0,1576.78,303.21,2025-05
ORD100230,2025-06-25,CUST1833,Beauty,Sunscreen,West,Website,Cash on Delivery,1,723.76,0.1,723.76,221.14,2025-06
ORD100231,2025-09-19,CUST1125,Electronics,Smart Watch,Central,Website,Cash on Delivery,2,3058.69,0.0,6117.38,708.5,2025-09
ORD100232,2025-10-01,CUST1201,Electronics,Bluetooth Speaker,North,Website,Debit Card,1,1789.65,0.1,1789.65,199.28,2025-10
ORD100233,2025-06-11,CUST1365,Electronics,Wireless Headphones,Central,Marketplace,Credit Card,1,2419.23,0.1,2419.23,358.35,2025-06
ORD100234,2025-01-21,CUST1300,Home & Kitchen,Storage Container Set,East,Mobile App,UPI,1,819.47,0.05,819.47,132.73,2025-01
ORD100235,2025-09-06,CUST1762,Fashion,Backpack,East,Website,Credit Card,1,1434.32,0.1,1434.32,370.87,2025-09
ORD100236,2025-04-01,CUST2141,Electronics,Wireless Headphones,South,Mobile App,Credit Card,2,2702.39,0.0,5404.78,986.3,2025-04
ORD100237,2025-01-12,CUST1883,Books,Fiction Novel,East,Mobile App,UPI,2,402.94,0.0,805.88,194.18,2025-01
ORD100238,2025-07-22,CUST1704,Beauty,Moisturizer,North,Website,Debit Card,1,601.69,0.1,601.69,199.93,2025-07
ORD100239,2025-02-17,CUST1511,Books,Business Management,North,Website,UPI,1,531.69,0.15,531.69,119.26,2025-02
ORD100240,2025-11-21,CUST2037,Fashion,Cotton T-Shirt,Central,Marketplace,UPI,3,637.83,0.2,1913.4900000000002,432.05,2025-11
ORD100241,2025-07-23,CUST1194,Fashion,Backpack,North,Website,UPI,1,1503.1,0.1,1503.1,427.01,2025-07
ORD100242,2025-11-23,CUST1542,Books,Business Management,East,Mobile App,Net Banking,5,516.65,0.15,2583.25,620.75,2025-11
ORD100243,2025-02-04,CUST1194,Beauty,Perfume,North,Mobile App,UPI,1,1412.56,0.15,1412.56,389.64,2025-02
ORD100244,2025-06-22,CUST1045,Beauty,Sunscreen,Central,Website,Net Banking,1,644.62,0.15,644.62,177.33,2025-06
ORD100245,2025-10-17,CUST1295,Beauty,Face Wash,East,Marketplace,Cash on Delivery,2,422.5,0.15,845.0,200.97,2025-10
ORD100246,2025-08-21,CUST1437,Home & Kitchen,Air Fryer,Central,Mobile App,UPI,1,5082.24,0.15,5082.24,781.61,2025-08
ORD100247,2025-05-28,CUST1160,Fashion,Cotton T-Shirt,South,Website,Debit Card,2,750.3,0.1,1500.6,385.55,2025-05
ORD100248,2025-04-29,CUST1850,Beauty,Shampoo,South,Mobile App,UPI,1,526.48,0.05,526.48,176.17,2025-04
ORD100249,2025-12-09,CUST2112,Home & Kitchen,Mixer Grinder,South,Mobile App,UPI,1,3506.79,0.0,3506.79,785.09,2025-12
ORD100250,2025-05-17,CUST1428,Books,Fiction Novel,West,Mobile App,Cash on Delivery,4,425.07,0.0,1700.28,381.17,2025-05
ORD100251,2025-08-05,CUST1632,Home & Kitchen,Mixer Grinder,South,Website,UPI,1,3804.34,0.15,3804.34,706.41,2025-08
ORD100252,2025-10-08,CUST1533,Books,Fiction Novel,West,Mobile App,Debit Card,4,419.83,0.25,1679.32,318.36,2025-10
ORD100253,2025-09-13,CUST1227,Electronics,Power Bank,West,Website,Net Banking,1,976.05,0.2,976.05,105.49,2025-09
ORD100254,2025-11-25,CUST2190,Electronics,Power Bank,East,Mobile App,Debit Card,3,1069.0,0.0,3207.0,508.19,2025-11
ORD100255,2025-11-22,CUST1940,Beauty,Perfume,Central,Mobile App,Credit Card,1,1271.65,0.2,1271.65,335.01,2025-11
ORD100256,2025-04-28,CUST1054,Fashion,Backpack,South,Mobile App,UPI,1,1362.01,0.0,1362.01,361.36,2025-04
ORD100257,2025-04-21,CUST1614,Beauty,Perfume,North,Marketplace,UPI,1,1256.74,0.0,1256.74,394.97,2025-04
ORD100258,2025-12-06,CUST1119,Beauty,Face Wash,West,Website,UPI,4,400.52,0.15,1602.08,401.91,2025-12
ORD100259,2025-05-14,CUST1665,Electronics,USB-C Hub,North,Mobile App,UPI,1,1173.5,0.15,1173.5,153.67,2025-05
ORD100260,2025-05-15,CUST1623,Fashion,Running Shoes,East,Website,Cash on Delivery,1,2206.95,0.1,2206.95,565.7,2025-05
ORD100261,2025-06-06,CUST1610,Beauty,Face Wash,South,Mobile App,Debit Card,1,375.63,0.0,375.63,123.0,2025-06
ORD100262,2025-11-08,CUST1608,Fashion,Denim Jeans,West,Mobile App,Cash on Delivery,2,1645.96,0.05,3291.92,919.92,2025-11
ORD100263,2025-06-30,CUST1456,Electronics,Wireless Headphones,West,Website,Debit Card,1,2611.77,0.1,2611.77,309.27,2025-06
ORD100264,2025-02-26,CUST1559,Home & Kitchen,Mixer Grinder,North,Mobile App,Debit Card,4,3385.17,0.15,13540.68,2031.61,2025-02
ORD100265,2025-01-15,CUST1736,Books,Machine Learning Basics,Central,Marketplace,Cash on Delivery,2,889.59,0.0,1779.18,446.48,2025-01
ORD100266,2025-01-03,CUST1990,Fashion,Denim Jeans,Central,Mobile App,Cash on Delivery,2,1403.16,0.1,2806.32,744.1,2025-01
ORD100267,2025-05-19,CUST1357,Fashion,Cotton T-Shirt,North,Marketplace,UPI,5,739.98,0.2,3699.9,832.33,2025-05
ORD100268,2025-02-28,CUST1125,Electronics,Bluetooth Speaker,South,Mobile App,Credit Card,5,1687.5,0.15,8437.5,1207.0,2025-02
ORD100269,2025-11-17,CUST2063,Books,Data Analytics Guide,North,Website,Credit Card,2,698.32,0.1,1396.64,284.03,2025-11
ORD100270,2025-06-05,CUST1171,Beauty,Shampoo,Central,Website,UPI,1,450.0,0.05,450.0,145.68,2025-06
ORD100271,2025-11-23,CUST1980,Books,Business Management,West,Mobile App,Cash on Delivery,1,473.63,0.05,473.63,151.81,2025-11
ORD100272,2025-12-15,CUST1693,Books,Business Management,East,Website,Net Banking,1,511.18,0.25,511.18,81.82,2025-12
ORD100273,2025-08-09,CUST1709,Books,Data Analytics Guide,East,Mobile App,Credit Card,4,689.35,0.1,2757.4,595.16,2025-08
ORD100274,2025-11-23,CUST1154,Home & Kitchen,Air Fryer,Central,Website,Net Banking,1,4852.08,0.2,4852.08,842.93,2025-11
ORD100275,2025-11-20,CUST1271,Fashion,Denim Jeans,East,Mobile App,Credit Card,1,1526.32,0.0,1526.32,461.21,2025-11
ORD100276,2025-01-04,CUST1290,Beauty,Perfume,North,Mobile App,UPI,2,1370.16,0.05,2740.32,805.67,2025-01
ORD100277,2025-05-18,CUST1680,Home & Kitchen,Storage Container Set,Central,Website,UPI,1,832.09,0.15,832.09,129.51,2025-05
ORD100278,2025-08-27,CUST2193,Electronics,USB-C Hub,Central,Mobile App,Debit Card,4,1227.37,0.1,4909.48,710.74,2025-08
ORD100279,2025-08-16,CUST1504,Books,Fiction Novel,Central,Mobile App,UPI,2,424.28,0.0,848.56,228.76,2025-08
ORD100280,2025-01-09,CUST1977,Home & Kitchen,Electric Kettle,East,Mobile App,Credit Card,2,1492.61,0.15,2985.22,491.53,2025-01
ORD100281,2025-02-20,CUST2105,Home & Kitchen,Non-Stick Pan,North,Website,UPI,2,1202.86,0.1,2405.72,471.63,2025-02
ORD100282,2025-05-06,CUST1313,Electronics,Smart Watch,North,Website,UPI,3,3049.62,0.0,9148.86,1683.42,2025-05
ORD100283,2025-07-02,CUST1192,Electronics,USB-C Hub,North,Website,Credit Card,5,1391.63,0.15,6958.150000000001,1014.0,2025-07
ORD100284,2025-03-19,CUST1826,Fashion,Running Shoes,North,Marketplace,Credit Card,1,2080.68,0.15,2080.68,569.24,2025-03
ORD100285,2025-10-10,CUST1390,Electronics,Smart Watch,Central,Marketplace,Debit Card,2,3435.05,0.1,6870.1,628.69,2025-10
ORD100286,2025-05-31,CUST2046,Books,Business Management,East,Mobile App,UPI,3,529.82,0.15,1589.46,383.35,2025-05
ORD100287,2025-04-23,CUST2036,Home & Kitchen,Air Fryer,Central,Website,UPI,3,5480.81,0.1,16442.43,2714.44,2025-04
ORD100288,2025-02-28,CUST2057,Fashion,Cotton T-Shirt,South,Website,Debit Card,1,751.84,0.1,751.84,181.07,2025-02
ORD100289,2025-08-03,CUST1215,Home & Kitchen,Electric Kettle,East,Mobile App,Debit Card,1,1561.08,0.25,1561.08,254.68,2025-08
ORD100290,2025-03-03,CUST1202,Books,Data Analytics Guide,North,Website,Credit Card,4,811.13,0.0,3244.52,880.49,2025-03
ORD100291,2025-09-23,CUST1098,Books,Python Programming,North,Mobile App,Debit Card,2,623.51,0.1,1247.02,249.48,2025-09
ORD100292,2025-08-18,CUST1020,Fashion,Denim Jeans,East,Website,Debit Card,2,1372.18,0.0,2744.36,654.44,2025-08
ORD100293,2025-02-17,CUST1745,Fashion,Casual Shirt,East,Website,Credit Card,2,1143.22,0.0,2286.44,708.22,2025-02
ORD100294,2025-11-11,CUST1662,Books,Python Programming,East,Marketplace,UPI,1,592.9,0.1,592.9,146.93,2025-11
ORD100295,2025-05-17,CUST2188,Fashion,Denim Jeans,East,Marketplace,Credit Card,1,1364.24,0.1,1364.24,362.86,2025-05
ORD100296,2025-11-26,CUST1370,Books,Data Analytics Guide,East,Website,UPI,2,706.26,0.1,1412.52,312.64,2025-11
ORD100297,2025-02-10,CUST1170,Beauty,Face Wash,South,Mobile App,UPI,1,379.75,0.1,379.75,124.32,2025-02
ORD100298,2025-03-10,CUST1299,Electronics,USB-C Hub,South,Website,Credit Card,1,1233.63,0.0,1233.63,239.99,2025-03
ORD100299,2025-05-07,CUST1275,Beauty,Moisturizer,West,Marketplace,Credit Card,2,610.36,0.05,1220.72,393.37,2025-05
ORD100300,2025-09-21,CUST1691,Electronics,Bluetooth Speaker,South,Website,UPI,2,1710.26,0.25,3420.52,389.09,2025-09
ORD100301,2025-05-03,CUST1742,Beauty,Face Wash,South,Mobile App,Credit Card,3,432.14,0.2,1296.42,357.8,2025-05
ORD100302,2025-07-05,CUST1772,Electronics,USB-C Hub,Central,Mobile App,UPI,1,1299.02,0.15,1299.02,170.12,2025-07
ORD100303,2025-05-13,CUST1714,Electronics,Wireless Headphones,West,Mobile App,Cash on Delivery,2,2453.85,0.1,4907.7,629.5,2025-05
ORD100304,2025-05-20,CUST1283,Beauty,Shampoo,South,Mobile App,UPI,1,529.52,0.0,529.52,162.93,2025-05
ORD100305,2025-04-20,CUST1314,Home & Kitchen,Non-Stick Pan,North,Website,Cash on Delivery,3,1384.24,0.0,4152.72,888.83,2025-04
ORD100306,2025-03-28,CUST1465,Electronics,Power Bank,West,Marketplace,Debit Card,2,937.83,0.2,1875.66,262.83,2025-03
ORD100307,2025-02-14,CUST1597,Home & Kitchen,Mixer Grinder,South,Mobile App,Net Banking,1,3620.52,0.0,3620.52,630.24,2025-02
ORD100308,2025-05-02,CUST2020,Home & Kitchen,Mixer Grinder,East,Website,Credit Card,1,3438.96,0.15,3438.96,638.98,2025-05
ORD100309,2025-10-16,CUST1958,Fashion,Casual Shirt,North,Mobile App,Debit Card,1,1258.8,0.1,1258.8,316.11,2025-10
ORD100310,2025-04-03,CUST1239,Beauty,Face Wash,Central,Mobile App,Credit Card,1,385.24,0.1,385.24,112.88,2025-04
ORD100311,2025-04-13,CUST1821,Books,Data Analytics Guide,North,Website,Net Banking,2,691.22,0.15,1382.44,325.86,2025-04
ORD100312,2025-10-09,CUST2168,Electronics,Power Bank,North,Mobile App,Debit Card,1,1076.05,0.05,1076.05,181.86,2025-10
ORD100313,2025-07-25,CUST1339,Beauty,Perfume,East,Marketplace,Cash on Delivery,3,1388.2,0.1,4164.6,1302.15,2025-07
ORD100314,2025-02-17,CUST1194,Fashion,Backpack,West,Website,Debit Card,1,1440.35,0.0,1440.35,380.77,2025-02
ORD100315,2025-08-09,CUST1635,Books,Machine Learning Basics,South,Website,UPI,2,822.42,0.05,1644.84,379.13,2025-08
ORD100316,2025-11-27,CUST2146,Home & Kitchen,Air Fryer,East,Marketplace,UPI,2,4873.51,0.05,9747.02,2163.56,2025-11
ORD100317,2025-11-10,CUST1807,Books,Python Programming,South,Mobile App,UPI,1,614.81,0.0,614.81,128.18,2025-11
ORD100318,2025-08-08,CUST1925,Electronics,USB-C Hub,South,Marketplace,Debit Card,2,1213.24,0.0,2426.48,498.62,2025-08
ORD100319,2025-09-26,CUST1267,Fashion,Denim Jeans,East,Website,Credit Card,3,1522.63,0.1,4567.89,1141.61,2025-09
ORD100320,2025-08-06,CUST1514,Books,Machine Learning Basics,South,Website,Net Banking,2,943.19,0.1,1886.38,372.78,2025-08
ORD100321,2025-05-09,CUST1990,Fashion,Cotton T-Shirt,Central,Marketplace,Credit Card,1,725.89,0.05,725.89,196.05,2025-05
ORD100322,2025-07-26,CUST1388,Home & Kitchen,Air Fryer,West,Mobile App,Debit Card,2,4763.68,0.1,9527.36,1833.52,2025-07
ORD100323,2025-06-25,CUST1902,Electronics,Wireless Headphones,North,Marketplace,Cash on Delivery,1,2381.05,0.05,2381.05,417.34,2025-06
ORD100324,2025-09-21,CUST1331,Home & Kitchen,Storage Container Set,North,Mobile App,UPI,1,928.99,0.0,928.99,194.06,2025-09
ORD100325,2025-09-10,CUST1781,Electronics,USB-C Hub,North,Marketplace,Cash on Delivery,3,1411.64,0.15,4234.92,796.38,2025-09
ORD100326,2025-03-27,CUST1166,Books,Business Management,South,Mobile App,UPI,1,457.11,0.05,457.11,95.79,2025-03
ORD100327,2025-03-09,CUST1383,Electronics,Smart Watch,East,Website,Debit Card,1,3588.27,0.05,3588.27,404.6,2025-03
ORD100328,2025-07-02,CUST1540,Home & Kitchen,Non-Stick Pan,Central,Mobile App,Credit Card,2,1394.71,0.05,2789.42,432.27,2025-07
ORD100329,2025-07-08,CUST1914,Home & Kitchen,Electric Kettle,East,Mobile App,UPI,2,1696.35,0.15,3392.7,534.05,2025-07
ORD100330,2025-12-11,CUST2001,Books,Fiction Novel,South,Mobile App,Debit Card,2,363.44,0.1,726.88,165.57,2025-12
ORD100331,2025-05-22,CUST1434,Beauty,Face Wash,North,Mobile App,Debit Card,1,415.37,0.1,415.37,128.53,2025-05
ORD100332,2025-04-04,CUST1013,Books,Machine Learning Basics,Central,Mobile App,Net Banking,4,905.46,0.1,3621.84,853.52,2025-04
ORD100333,2025-07-28,CUST1640,Fashion,Denim Jeans,West,Marketplace,Cash on Delivery,2,1377.55,0.1,2755.1,670.74,2025-07
ORD100334,2025-08-03,CUST1088,Fashion,Backpack,North,Marketplace,UPI,5,1450.33,0.05,7251.65,1959.52,2025-08
ORD100335,2025-04-29,CUST1945,Books,Python Programming,North,Marketplace,Cash on Delivery,1,640.62,0.0,640.62,151.88,2025-04
ORD100336,2025-09-08,CUST1276,Electronics,Smart Watch,South,Website,UPI,3,3243.72,0.0,9731.16,1509.19,2025-09
ORD100337,2025-07-11,CUST1904,Electronics,Power Bank,Central,Website,UPI,2,1095.96,0.0,2191.92,328.16,2025-07
ORD100338,2025-10-09,CUST2110,Home & Kitchen,Mixer Grinder,West,Website,UPI,1,3360.77,0.25,3360.77,473.61,2025-10
ORD100339,2025-09-23,CUST2152,Books,Data Analytics Guide,East,Website,UPI,3,779.96,0.1,2339.88,522.47,2025-09
ORD100340,2025-04-16,CUST1181,Books,Python Programming,South,Mobile App,Debit Card,1,575.81,0.15,575.81,107.46,2025-04
ORD100341,2025-02-09,CUST1660,Fashion,Casual Shirt,South,Website,Credit Card,5,1238.38,0.0,6191.900000000001,1968.53,2025-02
ORD100342,2025-08-15,CUST1048,Beauty,Shampoo,South,Website,Debit Card,1,532.76,0.05,532.76,166.49,2025-08
ORD100343,2025-09-27,CUST1310,Home & Kitchen,Storage Container Set,West,Marketplace,Cash on Delivery,3,956.15,0.1,2868.45,522.41,2025-09
ORD100344,2025-08-10,CUST1758,Beauty,Sunscreen,South,Marketplace,Debit Card,1,708.91,0.0,708.91,257.47,2025-08
ORD100345,2025-11-11,CUST1349,Fashion,Cotton T-Shirt,Central,Website,Debit Card,3,664.44,0.2,1993.3200000000002,434.35,2025-11
ORD100346,2025-01-13,CUST1639,Electronics,Power Bank,South,Mobile App,Debit Card,3,948.98,0.05,2846.94,482.7,2025-01
ORD100347,2025-04-19,CUST1328,Beauty,Shampoo,East,Website,Cash on Delivery,1,484.15,0.0,484.15,164.96,2025-04
ORD100348,2025-09-03,CUST1722,Fashion,Cotton T-Shirt,North,Mobile App,Cash on Delivery,3,727.31,0.1,2181.93,548.51,2025-09
ORD100349,2025-04-26,CUST1143,Home & Kitchen,Electric Kettle,North,Mobile App,Debit Card,1,1448.84,0.0,1448.84,294.88,2025-04
ORD100350,2025-01-01,CUST2068,Electronics,USB-C Hub,East,Mobile App,UPI,1,1390.7,0.2,1390.7,118.75,2025-01
ORD100351,2025-11-17,CUST1107,Home & Kitchen,Non-Stick Pan,South,Website,Debit Card,2,1198.09,0.1,2396.18,387.39,2025-11
ORD100352,2025-02-25,CUST1390,Electronics,Wireless Headphones,South,Website,Debit Card,1,2527.22,0.2,2527.22,295.87,2025-02
ORD100353,2025-04-14,CUST1871,Home & Kitchen,Mixer Grinder,West,Mobile App,Debit Card,1,3442.02,0.05,3442.02,553.19,2025-04
ORD100354,2025-03-09,CUST1177,Electronics,USB-C Hub,East,Website,Credit Card,3,1415.17,0.2,4245.51,458.25,2025-03
ORD100355,2025-12-26,CUST1796,Fashion,Cotton T-Shirt,North,Website,Cash on Delivery,2,716.15,0.25,1432.3,271.55,2025-12
ORD100356,2025-05-17,CUST1367,Fashion,Running Shoes,West,Website,UPI,1,2240.38,0.2,2240.38,444.52,2025-05
ORD100357,2025-12-26,CUST2034,Home & Kitchen,Electric Kettle,East,Marketplace,Net Banking,1,1440.71,0.0,1440.71,297.66,2025-12
ORD100358,2025-10-09,CUST1162,Beauty,Face Wash,South,Marketplace,Cash on Delivery,1,376.05,0.1,376.05,114.44,2025-10
ORD100359,2025-04-26,CUST1446,Home & Kitchen,Mixer Grinder,Central,Mobile App,UPI,1,3659.75,0.2,3659.75,660.11,2025-04
ORD100360,2025-03-11,CUST1625,Fashion,Denim Jeans,East,Website,Debit Card,1,1569.12,0.1,1569.12,405.7,2025-03
ORD100361,2025-05-18,CUST1345,Fashion,Denim Jeans,West,Website,Net Banking,1,1610.83,0.1,1610.83,379.06,2025-05
ORD100362,2025-08-25,CUST1870,Beauty,Perfume,Central,Website,Cash on Delivery,1,1188.76,0.05,1188.76,408.27,2025-08
ORD100363,2025-08-08,CUST1606,Beauty,Shampoo,North,Website,Net Banking,2,535.27,0.05,1070.54,332.89,2025-08
ORD100364,2025-10-05,CUST1552,Home & Kitchen,Electric Kettle,Central,Mobile App,UPI,1,1455.97,0.15,1455.97,259.2,2025-10
ORD100365,2025-06-24,CUST1529,Fashion,Denim Jeans,South,Website,Net Banking,3,1595.14,0.1,4785.42,1067.33,2025-06
ORD100366,2025-05-23,CUST1269,Home & Kitchen,Storage Container Set,North,Website,UPI,3,848.88,0.05,2546.64,399.36,2025-05
ORD100367,2025-01-20,CUST1390,Electronics,Power Bank,East,Mobile App,Cash on Delivery,4,1035.74,0.1,4142.96,594.08,2025-01
ORD100368,2025-03-04,CUST1751,Fashion,Backpack,West,Mobile App,Debit Card,1,1326.01,0.1,1326.01,318.82,2025-03
ORD100369,2025-12-29,CUST2074,Electronics,Smart Watch,North,Website,Debit Card,1,3519.14,0.15,3519.14,361.84,2025-12
ORD100370,2025-07-06,CUST1732,Fashion,Backpack,West,Website,UPI,1,1369.69,0.0,1369.69,430.76,2025-07
ORD100371,2025-11-09,CUST1976,Books,Business Management,East,Website,UPI,1,499.24,0.15,499.24,108.48,2025-11
ORD100372,2025-06-22,CUST1663,Electronics,Power Bank,Central,Website,Cash on Delivery,1,1045.25,0.15,1045.25,157.54,2025-06
ORD100373,2025-04-06,CUST1457,Electronics,USB-C Hub,Central,Marketplace,UPI,1,1406.83,0.05,1406.83,211.95,2025-04
ORD100374,2025-12-03,CUST1809,Books,Business Management,East,Website,Debit Card,3,520.24,0.15,1560.72,372.08,2025-12
ORD100375,2025-08-13,CUST1113,Beauty,Face Wash,East,Marketplace,UPI,1,421.61,0.05,421.61,144.69,2025-08
ORD100376,2025-08-25,CUST1368,Fashion,Backpack,North,Mobile App,Debit Card,1,1412.0,0.05,1412.0,411.49,2025-08
ORD100377,2025-03-26,CUST1405,Beauty,Face Wash,Central,Website,UPI,1,371.84,0.05,371.84,112.69,2025-03
ORD100378,2025-11-27,CUST1784,Home & Kitchen,Electric Kettle,North,Website,Net Banking,4,1573.3,0.0,6293.2,1248.8,2025-11
ORD100379,2025-09-03,CUST1642,Beauty,Face Wash,South,Website,Debit Card,3,383.55,0.0,1150.65,318.41,2025-09
ORD100380,2025-09-10,CUST1465,Home & Kitchen,Non-Stick Pan,West,Marketplace,Cash on Delivery,1,1385.35,0.15,1385.35,279.52,2025-09
ORD100381,2025-03-12,CUST2148,Electronics,USB-C Hub,Central,Website,UPI,1,1331.85,0.05,1331.85,172.96,2025-03
ORD100382,2025-01-27,CUST2012,Home & Kitchen,Non-Stick Pan,Central,Website,UPI,1,1317.7,0.15,1317.7,189.79,2025-01
ORD100383,2025-11-14,CUST1221,Home & Kitchen,Electric Kettle,West,Marketplace,Cash on Delivery,1,1450.19,0.05,1450.19,242.96,2025-11
ORD100384,2025-05-28,CUST2033,Home & Kitchen,Air Fryer,West,Website,UPI,1,4739.58,0.15,4739.58,866.99,2025-05
ORD100385,2025-07-08,CUST1415,Fashion,Casual Shirt,East,Marketplace,Debit Card,1,1240.07,0.05,1240.07,356.16,2025-07
ORD100386,2025-05-24,CUST1016,Home & Kitchen,Electric Kettle,Central,Website,UPI,1,1544.73,0.1,1544.73,341.64,2025-05
ORD100387,2025-04-16,CUST2132,Electronics,Power Bank,East,Website,Cash on Delivery,3,902.34,0.15,2707.02,406.32,2025-04
ORD100388,2025-07-01,CUST1962,Fashion,Backpack,North,Mobile App,Credit Card,1,1301.57,0.2,1301.57,272.7,2025-07
ORD100389,2025-12-27,CUST1554,Home & Kitchen,Non-Stick Pan,Central,Mobile App,UPI,2,1227.89,0.15,2455.78,449.77,2025-12
ORD100390,2025-03-30,CUST1012,Electronics,Bluetooth Speaker,North,Mobile App,UPI,1,1883.25,0.05,1883.25,227.38,2025-03
ORD100391,2025-06-08,CUST1569,Electronics,Bluetooth Speaker,South,Website,Cash on Delivery,3,1792.78,0.15,5378.34,867.98,2025-06
ORD100392,2025-12-23,CUST1674,Fashion,Backpack,South,Website,UPI,1,1360.6,0.1,1360.6,371.06,2025-12
ORD100393,2025-06-13,CUST1148,Beauty,Shampoo,South,Mobile App,UPI,2,527.42,0.25,1054.84,221.67,2025-06
ORD100394,2025-08-19,CUST1710,Beauty,Sunscreen,West,Website,Debit Card,4,674.65,0.0,2698.6,922.53,2025-08
ORD100395,2025-12-09,CUST1616,Fashion,Running Shoes,East,Website,Cash on Delivery,4,2280.92,0.1,9123.68,2439.3,2025-12
ORD100396,2025-10-15,CUST1936,Electronics,Smart Watch,Central,Marketplace,Credit Card,1,3137.01,0.0,3137.01,477.24,2025-10
ORD100397,2025-05-09,CUST1940,Fashion,Cotton T-Shirt,East,Marketplace,Cash on Delivery,1,722.24,0.25,722.24,144.35,2025-05
ORD100398,2025-02-27,CUST2135,Home & Kitchen,Electric Kettle,North,Website,Debit Card,1,1724.14,0.1,1724.14,258.14,2025-02
ORD100399,2025-07-31,CUST1276,Beauty,Perfume,North,Marketplace,Credit Card,2,1263.84,0.15,2527.68,645.14,2025-07
ORD100400,2025-03-27,CUST1052,Books,Business Management,Central,Mobile App,UPI,2,467.73,0.0,935.46,241.95,2025-03
ORD100401,2025-07-30,CUST1752,Electronics,Bluetooth Speaker,East,Mobile App,Credit Card,2,1720.66,0.05,3441.32,598.39,2025-07
ORD100402,2025-10-02,CUST1902,Electronics,Bluetooth Speaker,West,Website,Debit Card,1,1954.63,0.1,1954.63,248.31,2025-10
ORD100403,2025-05-20,CUST1046,Books,Business Management,Central,Website,UPI,1,538.28,0.0,538.28,148.17,2025-05
ORD100404,2025-01-07,CUST1366,Beauty,Face Wash,South,Website,Cash on Delivery,4,409.22,0.2,1636.88,443.56,2025-01
ORD100405,2025-06-13,CUST1782,Home & Kitchen,Electric Kettle,East,Mobile App,Cash on Delivery,2,1749.09,0.05,3498.18,649.58,2025-06
ORD100406,2025-12-24,CUST1618,Fashion,Running Shoes,East,Mobile App,Credit Card,1,2122.04,0.2,2122.04,454.36,2025-12
ORD100407,2025-11-02,CUST1742,Fashion,Cotton T-Shirt,East,Website,UPI,4,719.8,0.25,2879.2,600.45,2025-11
ORD100408,2025-09-17,CUST1071,Home & Kitchen,Electric Kettle,South,Marketplace,Credit Card,1,1637.37,0.15,1637.37,236.76,2025-09
ORD100409,2025-06-05,CUST1508,Home & Kitchen,Air Fryer,Central,Website,UPI,1,5028.96,0.15,5028.96,738.32,2025-06
ORD100410,2025-02-08,CUST1542,Home & Kitchen,Non-Stick Pan,East,Mobile App,Cash on Delivery,2,1305.15,0.05,2610.3,513.8,2025-02
ORD100411,2025-07-19,CUST1598,Home & Kitchen,Electric Kettle,East,Mobile App,Credit Card,1,1739.99,0.0,1739.99,372.34,2025-07
ORD100412,2025-12-16,CUST1155,Books,Python Programming,North,Marketplace,UPI,3,556.97,0.15,1670.91,326.18,2025-12
ORD100413,2025-09-16,CUST2159,Electronics,Smart Watch,East,Mobile App,Debit Card,1,3259.32,0.1,3259.32,429.0,2025-09
ORD100414,2025-07-29,CUST1881,Books,Machine Learning Basics,South,Mobile App,Credit Card,1,956.62,0.15,956.62,200.29,2025-07
ORD100415,2025-08-12,CUST1220,Beauty,Moisturizer,East,Mobile App,Credit Card,3,610.81,0.05,1832.4299999999998,559.31,2025-08
ORD100416,2025-11-26,CUST1890,Electronics,Power Bank,Central,Website,UPI,2,1051.69,0.1,2103.38,330.18,2025-11
ORD100417,2025-01-08,CUST1122,Beauty,Perfume,West,Mobile App,UPI,1,1182.39,0.05,1182.39,277.18,2025-01
ORD100418,2025-11-23,CUST1015,Electronics,Power Bank,South,Website,Credit Card,5,939.43,0.05,4697.15,942.99,2025-11
ORD100419,2025-12-11,CUST1937,Fashion,Cotton T-Shirt,West,Website,Cash on Delivery,1,711.47,0.1,711.47,190.71,2025-12
ORD100420,2025-10-11,CUST1658,Beauty,Sunscreen,East,Website,Debit Card,1,758.84,0.0,758.84,241.33,2025-10
ORD100421,2025-09-06,CUST1994,Fashion,Casual Shirt,East,Marketplace,Credit Card,2,1178.3,0.1,2356.6,575.22,2025-09
ORD100422,2025-12-04,CUST2090,Books,Fiction Novel,South,Mobile App,Credit Card,1,366.84,0.0,366.84,92.25,2025-12
ORD100423,2025-08-04,CUST1233,Books,Fiction Novel,North,Website,Cash on Delivery,1,387.03,0.15,387.03,82.62,2025-08
ORD100424,2025-07-06,CUST1915,Electronics,Smart Watch,West,Marketplace,Net Banking,1,3451.33,0.1,3451.33,500.97,2025-07
ORD100425,2025-11-06,CUST1662,Electronics,Bluetooth Speaker,West,Mobile App,Credit Card,3,1853.79,0.1,5561.37,930.5,2025-11
ORD100426,2025-03-26,CUST1065,Electronics,USB-C Hub,East,Mobile App,Credit Card,2,1317.65,0.1,2635.3,470.53,2025-03
ORD100427,2025-10-28,CUST1940,Home & Kitchen,Storage Container Set,South,Website,Net Banking,2,912.59,0.0,1825.18,482.3,2025-10
ORD100428,2025-09-02,CUST1109,Home & Kitchen,Electric Kettle,North,Mobile App,Debit Card,1,1662.75,0.05,1662.75,262.29,2025-09
ORD100429,2025-01-25,CUST1058,Fashion,Backpack,South,Website,Cash on Delivery,1,1347.88,0.2,1347.88,306.32,2025-01
ORD100430,2025-12-21,CUST1146,Home & Kitchen,Storage Container Set,North,Website,UPI,1,827.92,0.0,827.92,157.94,2025-12
ORD100431,2025-08-14,CUST1221,Home & Kitchen,Mixer Grinder,East,Marketplace,Debit Card,1,3164.89,0.2,3164.89,565.64,2025-08
ORD100432,2025-08-24,CUST1872,Home & Kitchen,Mixer Grinder,South,Website,Credit Card,2,3275.61,0.05,6551.22,1273.49,2025-08
ORD100433,2025-09-01,CUST1274,Fashion,Denim Jeans,West,Website,UPI,1,1598.4,0.0,1598.4,484.15,2025-09
ORD100434,2025-07-28,CUST1272,Fashion,Running Shoes,East,Mobile App,Debit Card,2,2376.65,0.15,4753.3,1206.98,2025-07
ORD100435,2025-04-15,CUST2032,Fashion,Denim Jeans,East,Website,UPI,3,1593.76,0.0,4781.28,1239.11,2025-04
ORD100436,2025-06-13,CUST1376,Books,Fiction Novel,Central,Mobile App,UPI,1,431.18,0.0,431.18,115.07,2025-06
ORD100437,2025-12-07,CUST2175,Beauty,Shampoo,Central,Website,Net Banking,2,517.01,0.2,1034.02,289.79,2025-12
ORD100438,2025-05-10,CUST1665,Beauty,Face Wash,Central,Website,Debit Card,1,385.32,0.0,385.32,127.93,2025-05
ORD100439,2025-11-11,CUST1956,Beauty,Sunscreen,East,Mobile App,Cash on Delivery,1,688.86,0.1,688.86,185.46,2025-11
ORD100440,2025-07-02,CUST1270,Beauty,Face Wash,North,Mobile App,Debit Card,1,419.05,0.2,419.05,113.68,2025-07
ORD100441,2025-03-24,CUST1173,Electronics,Wireless Headphones,Central,Marketplace,Net Banking,1,2492.09,0.0,2492.09,348.21,2025-03
ORD100442,2025-12-03,CUST1686,Home & Kitchen,Electric Kettle,East,Mobile App,UPI,4,1657.38,0.05,6629.52,1084.2,2025-12
ORD100443,2025-12-25,CUST1827,Home & Kitchen,Air Fryer,East,Marketplace,UPI,1,4504.24,0.1,4504.24,836.06,2025-12
ORD100444,2025-07-15,CUST2059,Books,Python Programming,East,Mobile App,UPI,5,610.72,0.0,3053.6000000000004,720.02,2025-07
ORD100445,2025-06-27,CUST1575,Books,Python Programming,West,Mobile App,UPI,1,640.82,0.05,640.82,157.35,2025-06
ORD100446,2025-04-09,CUST1116,Fashion,Backpack,Unknown,Marketplace,UPI,5,1520.01,0.2,7600.05,1651.62,2025-04
ORD100447,2025-09-21,CUST1387,Home & Kitchen,Non-Stick Pan,Central,Website,Debit Card,1,1275.04,0.2,1275.04,231.17,2025-09
ORD100448,2025-08-24,CUST1334,Home & Kitchen,Non-Stick Pan,North,Website,UPI,2,1422.61,0.05,2845.22,638.75,2025-08
ORD100449,2025-03-30,CUST2118,Fashion,Backpack,Central,Mobile App,Credit Card,1,1276.76,0.05,1276.76,260.19,2025-03
ORD100450,2025-09-30,CUST1848,Beauty,Perfume,South,Website,Cash on Delivery,3,1337.64,0.05,4012.92,1086.78,2025-09
ORD100451,2025-07-20,CUST1709,Fashion,Cotton T-Shirt,South,Website,UPI,5,689.95,0.2,3449.75,741.15,2025-07
ORD100452,2025-01-18,CUST1327,Books,Data Analytics Guide,North,Website,Debit Card,1,692.13,0.0,692.13,170.28,2025-01
ORD100453,2025-08-16,CUST1318,Home & Kitchen,Storage Container Set,South,Website,UPI,1,876.49,0.1,876.49,146.21,2025-08
ORD100454,2025-06-20,CUST1295,Electronics,Power Bank,Central,Mobile App,Net Banking,1,989.45,0.15,989.45,141.48,2025-06
ORD100455,2025-09-20,CUST1582,Books,Business Management,South,Mobile App,Cash on Delivery,1,502.49,0.0,502.49,118.27,2025-09
ORD100456,2025-11-28,CUST1691,Books,Business Management,West,Marketplace,UPI,1,502.46,0.2,502.46,110.6,2025-11
ORD100457,2025-11-12,CUST1611,Home & Kitchen,Mixer Grinder,Central,Marketplace,Cash on Delivery,1,3525.3,0.0,3525.3,645.35,2025-11
ORD100458,2025-09-04,CUST1122,Fashion,Cotton T-Shirt,North,Website,Debit Card,2,746.53,0.05,1493.06,393.22,2025-09
ORD100459,2025-11-17,CUST1179,Books,Business Management,North,Website,Net Banking,2,461.46,0.0,922.92,234.91,2025-11
ORD100460,2025-04-10,CUST1586,Electronics,Power Bank,East,Website,Net Banking,1,941.51,0.0,941.51,181.32,2025-04
ORD100461,2025-11-23,CUST1608,Books,Fiction Novel,East,Mobile App,UPI,1,382.16,0.05,382.16,99.23,2025-11
ORD100462,2025-08-27,CUST1501,Home & Kitchen,Non-Stick Pan,south,Website,UPI,3,1361.21,0.1,4083.63,529.86,2025-08
ORD100463,2025-02-24,CUST1704,Home & Kitchen,Electric Kettle,East,Marketplace,UPI,1,1522.54,0.25,1522.54,254.12,2025-02
ORD100464,2025-06-03,CUST1079,Beauty,Face Wash,East,Website,UPI,2,408.6,0.1,817.2,254.85,2025-06
ORD100465,2025-06-29,CUST1518,Books,Business Management,South,Website,Credit Card,3,518.62,0.2,1555.8600000000001,318.88,2025-06
ORD100466,2025-06-19,CUST1056,Beauty,Shampoo,North,Mobile App,Debit Card,1,468.73,0.05,468.73,156.78,2025-06
ORD100467,2025-08-03,CUST1444,Beauty,Sunscreen,South,Website,UPI,3,654.29,0.0,1962.87,612.03,2025-08
ORD100468,2025-04-30,CUST1609,Fashion,Casual Shirt,North,Website,Net Banking,1,1127.58,0.1,1127.58,304.47,2025-04
ORD100469,2025-05-29,CUST1695,Home & Kitchen,Non-Stick Pan,Central,Mobile App,Credit Card,1,1249.04,0.2,1249.04,216.4,2025-05
ORD100470,2025-06-06,CUST1735,Electronics,USB-C Hub,West,Marketplace,Debit Card,4,1254.27,0.05,5017.08,666.42,2025-06
ORD100471,2025-12-12,CUST1538,Fashion,Casual Shirt,North,Mobile App,UPI,1,1154.41,0.1,1154.41,301.52,2025-12
ORD100472,2025-03-17,CUST1177,Fashion,Backpack,East,Website,Net Banking,1,1515.74,0.1,1515.74,371.38,2025-03
ORD100473,2025-11-06,CUST2153,Home & Kitchen,Non-Stick Pan,North,Website,UPI,3,1325.34,0.05,3976.0199999999995,701.94,2025-11
ORD100474,2025-03-12,CUST1811,Home & Kitchen,Storage Container Set,South,Website,UPI,1,920.43,0.1,920.43,166.82,2025-03
ORD100475,2025-04-18,CUST2164,Beauty,Perfume,South,Mobile App,Debit Card,1,1196.67,0.1,1196.67,387.64,2025-04
ORD100476,2025-03-07,CUST1746,Home & Kitchen,Electric Kettle,North,Website,UPI,2,1602.51,0.1,3205.02,470.82,2025-03
ORD100477,2025-04-10,CUST1078,Home & Kitchen,Non-Stick Pan,East,Website,Debit Card,2,1391.74,0.2,2783.48,551.56,2025-04
ORD100478,2025-08-10,CUST2075,Electronics,USB-C Hub,East,Website,Net Banking,1,1254.27,0.15,1254.27,168.65,2025-08
ORD100479,2025-01-09,CUST1093,Electronics,Smart Watch,North,Mobile App,Debit Card,2,3149.96,0.15,6299.92,966.99,2025-01
ORD100480,2025-01-14,CUST1778,Books,Data Analytics Guide,West,Website,UPI,2,739.32,0.25,1478.64,296.19,2025-01
ORD100481,2025-01-04,CUST1938,Fashion,Denim Jeans,Central,Mobile App,Debit Card,2,1385.47,0.05,2770.94,900.6,2025-01
ORD100482,2025-12-20,CUST1774,Books,Data Analytics Guide,Central,Mobile App,Debit Card,2,812.31,0.15,1624.62,388.48,2025-12
ORD100483,2025-04-22,CUST2032,Fashion,Cotton T-Shirt,West,Website,Credit Card,1,668.19,0.0,668.19,200.74,2025-04
ORD100484,2025-06-16,CUST2044,Fashion,Denim Jeans,North,Website,Debit Card,1,1516.44,0.05,1516.44,424.79,2025-06
ORD100485,2025-10-21,CUST1920,Electronics,USB-C Hub,East,Website,Cash on Delivery,1,1390.5,0.0,1390.5,227.29,2025-10
ORD100486,2025-01-18,CUST1732,Fashion,Backpack,North,Mobile App,Net Banking,1,1387.13,0.1,1387.13,333.82,2025-01
ORD100487,2025-08-14,CUST1057,Electronics,Bluetooth Speaker,West,Website,Credit Card,2,1895.7,0.0,3791.4,513.26,2025-08
ORD100488,2025-08-14,CUST1596,Beauty,Face Wash,East,Marketplace,UPI,3,380.04,0.1,1140.1200000000001,333.45,2025-08
ORD100489,2025-01-13,CUST2066,Fashion,Backpack,East,Mobile App,UPI,3,1323.83,0.05,3971.49,1123.11,2025-01
ORD100490,2025-11-05,CUST2017,Electronics,Smart Watch,South,Marketplace,Debit Card,1,3178.94,0.2,3178.94,581.66,2025-11
ORD100491,2025-04-18,CUST1668,Fashion,Backpack,South,Website,Debit Card,1,1320.75,0.1,1320.75,340.65,2025-04
ORD100492,2025-05-31,CUST1936,Electronics,Power Bank,West,Marketplace,UPI,1,1069.12,0.05,1069.12,151.95,2025-05
ORD100493,2025-05-07,CUST2064,Fashion,Casual Shirt,West,Mobile App,UPI,3,1228.62,0.0,3685.8599999999997,940.66,2025-05
ORD100494,2025-05-31,CUST1496,Electronics,Power Bank,Central,Website,Cash on Delivery,1,940.87,0.15,940.87,115.3,2025-05
ORD100495,2025-10-27,CUST1357,Electronics,Smart Watch,North,Website,Credit Card,1,3476.53,0.1,3476.53,472.17,2025-10
ORD100496,2025-11-29,CUST1615,Books,Machine Learning Basics,South,Mobile App,Net Banking,3,833.14,0.2,2499.42,502.37,2025-11
ORD100497,2025-07-01,CUST1307,Electronics,USB-C Hub,South,Website,Cash on Delivery,2,1225.0,0.1,2450.0,305.23,2025-07
ORD100498,2025-01-09,CUST1573,Fashion,Running Shoes,Central,Website,Cash on Delivery,5,2242.54,0.15,11212.7,2281.93,2025-01
ORD100499,2025-06-19,CUST1588,Electronics,Bluetooth Speaker,West,Website,Credit Card,2,1760.77,0.1,3521.54,636.23,2025-06
ORD100500,2025-06-23,CUST2194,Electronics,Bluetooth Speaker,South,Mobile App,Debit Card,1,1962.33,0.2,1962.33,236.55,2025-06
ORD100501,2025-06-17,CUST1560,Home & Kitchen,Mixer Grinder,East,Mobile App,Net Banking,1,3558.69,0.05,3558.69,679.41,2025-06
ORD100502,2025-07-14,CUST1854,Fashion,Denim Jeans,South,Marketplace,Credit Card,2,1588.28,0.2,3176.56,803.07,2025-07
ORD100503,2025-07-26,CUST1151,Electronics,Power Bank,West,Website,Credit Card,1,1074.47,0.0,1074.47,177.91,2025-07
ORD100504,2025-03-03,CUST1420,Fashion,Backpack,West,Mobile App,Cash on Delivery,3,1344.41,0.0,4033.2300000000005,1256.6,2025-03
ORD100505,2025-01-10,CUST2152,Electronics,Wireless Headphones,East,Mobile App,UPI,1,2415.4,0.2,2415.4,244.96,2025-01
ORD100506,2025-02-27,CUST1697,Books,Fiction Novel,West,Mobile App,Credit Card,2,365.42,0.0,730.84,181.59,2025-02
ORD100507,2025-10-19,CUST1095,Electronics,USB-C Hub,North,Marketplace,UPI,2,1198.18,0.1,2396.36,420.14,2025-10
ORD100508,2025-04-30,CUST2081,Fashion,Running Shoes,Central,Marketplace,Debit Card,1,2197.24,0.25,2197.24,474.86,2025-04
ORD100509,2025-02-24,CUST1684,Fashion,Denim Jeans,Central,Marketplace,Credit Card,2,1373.86,0.0,2747.72,803.3,2025-02
ORD100510,2025-11-18,CUST1275,Beauty,Sunscreen,East,Mobile App,Credit Card,1,677.64,0.15,677.64,143.21,2025-11
ORD100511,2025-01-17,CUST1837,Fashion,Casual Shirt,South,Website,Credit Card,2,1082.5,0.05,2165.0,671.36,2025-01
ORD100512,2025-06-07,CUST1204,Fashion,Running Shoes,West,Mobile App,UPI,1,2094.71,0.0,2094.71,561.29,2025-06
ORD100513,2025-04-09,CUST1209,Fashion,Backpack,North,Website,Credit Card,2,1536.18,0.1,3072.36,863.18,2025-04
ORD100514,2025-03-17,CUST1725,Beauty,Shampoo,North,Mobile App,UPI,3,506.63,0.05,1519.8899999999999,440.03,2025-03
ORD100515,2025-03-23,CUST1428,Electronics,USB-C Hub,South,Website,UPI,2,1388.58,0.0,2777.16,511.84,2025-03
ORD100516,2025-02-04,CUST1594,Fashion,Cotton T-Shirt,Central,Mobile App,Debit Card,3,663.21,0.25,1989.63,466.45,2025-02
ORD100517,2025-06-15,CUST1068,Books,Python Programming,North,Website,UPI,3,558.34,0.0,1675.02,394.68,2025-06
ORD100518,2025-12-25,CUST1658,Fashion,Backpack,South,Website,Credit Card,2,1261.0,0.15,2522.0,581.35,2025-12
ORD100519,2025-06-11,CUST1710,Books,Machine Learning Basics,South,Mobile App,Debit Card,1,809.59,0.15,809.59,170.67,2025-06
ORD100520,2025-01-03,CUST1214,Electronics,USB-C Hub,South,Website,UPI,2,1380.78,0.05,2761.56,262.76,2025-01
ORD100521,2025-05-14,CUST1325,Fashion,Cotton T-Shirt,South,Website,Credit Card,2,705.26,0.0,1410.52,360.22,2025-05
ORD100522,2025-12-23,CUST2192,Electronics,USB-C Hub,East,Website,Credit Card,3,1277.79,0.1,3833.37,483.65,2025-12
ORD100523,2025-12-03,CUST1770,Beauty,Shampoo,North,Mobile App,UPI,2,450.36,0.1,900.72,248.12,2025-12
ORD100524,2025-08-15,CUST1442,Electronics,Smart Watch,West,Mobile App,Debit Card,2,3169.74,0.15,6339.48,773.25,2025-08
ORD100525,2025-12-02,CUST1640,Books,Python Programming,Central,Website,UPI,1,607.26,0.1,607.26,105.63,2025-12
ORD100526,2025-07-19,CUST1543,Fashion,Backpack,East,Website,UPI,2,1435.86,0.1,2871.72,663.95,2025-07
ORD100527,2025-04-01,CUST1750,Books,Machine Learning Basics,South,Marketplace,Debit Card,1,855.51,0.1,855.51,200.27,2025-04
ORD100528,2025-10-05,CUST1133,Home & Kitchen,Mixer Grinder,South,Mobile App,UPI,3,3553.13,0.1,10659.39,2090.38,2025-10
ORD100529,2025-12-24,CUST1163,Home & Kitchen,Electric Kettle,South,Marketplace,Credit Card,1,1577.26,0.25,1577.26,228.28,2025-12
ORD100530,2025-05-28,CUST1493,Fashion,Casual Shirt,East,Website,Credit Card,4,1183.57,0.0,4734.28,1302.16,2025-05
ORD100531,2025-12-17,CUST2171,Books,Business Management,North,Marketplace,Net Banking,1,543.21,0.1,543.21,128.52,2025-12
ORD100532,2025-01-11,CUST1097,Electronics,USB-C Hub,South,Website,UPI,1,1374.11,0.1,1374.11,223.22,2025-01
ORD100533,2025-06-08,CUST1615,Home & Kitchen,Electric Kettle,North,Marketplace,Credit Card,1,1701.92,0.1,1701.92,272.68,2025-06
ORD100534,2025-03-10,CUST1777,Electronics,Smart Watch,South,Mobile App,Net Banking,1,3011.48,0.1,3011.48,457.27,2025-03
ORD100535,2025-08-06,CUST2005,Books,Data Analytics Guide,South,Mobile App,UPI,1,752.79,0.0,752.79,186.92,2025-08
ORD100536,2025-02-16,CUST1863,Home & Kitchen,Air Fryer,Central,Website,Credit Card,1,4511.02,0.0,4511.02,928.15,2025-02
ORD100537,2025-11-16,CUST1486,Electronics,Smart Watch,Central,Website,Debit Card,3,3130.52,0.1,9391.56,1418.07,2025-11
ORD100538,2025-04-03,CUST1502,Electronics,USB-C Hub,West,Website,UPI,2,1326.47,0.1,2652.94,287.79,2025-04
ORD100539,2025-08-13,CUST2097,Electronics,Wireless Headphones,North,Mobile App,UPI,3,2257.85,0.0,6773.549999999999,1298.43,2025-08
ORD100540,2025-08-09,CUST1554,Electronics,Smart Watch,South,Website,UPI,1,3522.28,0.15,3522.28,500.64,2025-08
ORD100541,2025-05-05,CUST1067,Electronics,Wireless Headphones,Central,Website,Debit Card,2,2558.85,0.0,5117.7,544.52,2025-05
ORD100542,2025-04-13,CUST1536,Electronics,Bluetooth Speaker,West,Mobile App,UPI,3,1639.33,0.15,4917.99,687.2,2025-04
ORD100543,2025-10-28,CUST1845,Books,Machine Learning Basics,North,Website,Cash on Delivery,4,846.84,0.15,3387.36,669.39,2025-10
ORD100544,2025-07-26,CUST1912,Books,Machine Learning Basics,North,Website,Net Banking,4,835.46,0.1,3341.84,803.16,2025-07
ORD100545,2025-06-27,CUST1967,Fashion,Running Shoes,East,Mobile App,UPI,1,2255.54,0.25,2255.54,430.07,2025-06
ORD100546,2025-05-12,CUST1276,Books,Python Programming,South,Mobile App,UPI,1,617.76,0.2,617.76,110.66,2025-05
ORD100547,2025-05-08,CUST1307,Fashion,Running Shoes,East,Mobile App,Net Banking,1,2208.76,0.0,2208.76,693.47,2025-05
ORD100548,2025-06-18,CUST1914,Fashion,Running Shoes,South,Mobile App,Debit Card,4,2446.81,0.05,9787.24,2521.08,2025-06
ORD100549,2025-02-18,CUST1101,Fashion,Backpack,South,Mobile App,Debit Card,1,1386.57,0.2,1386.57,344.36,2025-02
ORD100550,2025-01-02,CUST1755,Books,Business Management,North,Mobile App,Cash on Delivery,1,462.25,0.2,462.25,94.8,2025-01
ORD100551,2025-02-01,CUST2098,Home & Kitchen,Non-Stick Pan,East,Website,Net Banking,1,1225.67,0.0,1225.67,218.0,2025-02
ORD100552,2025-01-29,CUST2138,Beauty,Face Wash,North,Website,Debit Card,1,428.98,0.05,428.98,132.06,2025-01
ORD100553,2025-01-20,CUST1570,Electronics,Power Bank,North,Marketplace,UPI,1,990.56,0.0,990.56,178.77,2025-01
ORD100554,2025-08-24,CUST1927,Home & Kitchen,Mixer Grinder,Central,Marketplace,UPI,4,3789.99,0.1,15159.96,2782.67,2025-08
ORD100555,2025-03-03,CUST1515,Home & Kitchen,Electric Kettle,West,Website,UPI,1,1700.04,0.05,1700.04,312.75,2025-03
ORD100556,2025-01-31,CUST1047,Books,Python Programming,South,Website,UPI,1,556.31,0.1,556.31,116.87,2025-01
ORD100557,2025-03-12,CUST1886,Fashion,Denim Jeans,East,Marketplace,Credit Card,2,1568.52,0.0,3137.04,985.35,2025-03
ORD100558,2025-07-23,CUST1450,Beauty,Perfume,East,Mobile App,Credit Card,1,1270.5,0.2,1270.5,290.21,2025-07
ORD100559,2025-01-30,CUST1825,Electronics,USB-C Hub,North,Website,Debit Card,1,1396.04,0.05,1396.04,234.96,2025-01
ORD100560,2025-02-09,CUST1026,Fashion,Casual Shirt,East,Mobile App,Credit Card,2,1113.6,0.0,2227.2,576.91,2025-02
ORD100561,2025-01-26,CUST1524,Electronics,USB-C Hub,Central,Website,UPI,2,1284.11,0.15,2568.22,385.94,2025-01
ORD100562,2025-10-06,CUST1018,Fashion,Backpack,South,Website,Cash on Delivery,1,1501.69,0.1,1501.69,359.08,2025-10
ORD100563,2025-03-13,CUST1988,Beauty,Face Wash,South,Website,UPI,1,397.87,0.1,397.87,130.24,2025-03
ORD100564,2025-05-31,CUST1944,Home & Kitchen,Electric Kettle,South,Marketplace,Credit Card,2,1641.07,0.1,3282.14,561.93,2025-05
ORD100565,2025-04-30,CUST1838,Electronics,Smart Watch,North,Mobile App,Credit Card,1,3278.08,0.2,3278.08,400.27,2025-04
ORD100566,2025-05-09,CUST2115,Home & Kitchen,Non-Stick Pan,West,Mobile App,Cash on Delivery,2,1232.87,0.15,2465.74,370.1,2025-05
ORD100567,2025-11-10,CUST2198,Electronics,Bluetooth Speaker,Central,Website,UPI,1,1765.5,0.05,1765.5,274.72,2025-11
ORD100568,2025-06-09,CUST1064,Home & Kitchen,Electric Kettle,East,Website,UPI,4,1556.18,0.0,6224.72,1246.53,2025-06
ORD100569,2025-10-21,CUST2173,Beauty,Sunscreen,North,Website,Net Banking,1,766.14,0.1,766.14,226.02,2025-10
ORD100570,2025-06-17,CUST1506,Electronics,USB-C Hub,West,Website,Net Banking,1,1402.28,0.2,1402.28,154.65,2025-06
ORD100571,2025-06-10,CUST1423,Electronics,Power Bank,Central,Marketplace,Credit Card,1,1089.36,0.0,1089.36,177.74,2025-06
ORD100572,2025-12-25,CUST1101,Fashion,Cotton T-Shirt,Central,Website,Cash on Delivery,1,708.35,0.2,708.35,141.99,2025-12
ORD100573,2025-06-18,CUST1737,Books,Machine Learning Basics,North,Website,Net Banking,1,822.08,0.15,822.08,202.52,2025-06
ORD100574,2025-10-05,CUST1697,Fashion,Cotton T-Shirt,East,Mobile App,Cash on Delivery,1,719.0,0.15,719.0,171.42,2025-10
ORD100575,2025-12-31,CUST1551,Electronics,Wireless Headphones,North,Website,UPI,1,2522.45,0.1,2522.45,353.86,2025-12
ORD100576,2025-03-18,CUST1700,Home & Kitchen,Non-Stick Pan,East,Marketplace,Debit Card,1,1356.16,0.0,1356.16,243.21,2025-03
ORD100577,2025-01-16,CUST2024,Electronics,Power Bank,South,Mobile App,Debit Card,1,1041.69,0.2,1041.69,112.62,2025-01
ORD100578,2025-07-05,CUST1398,Electronics,Wireless Headphones,Central,Website,Net Banking,1,2344.9,0.1,2344.9,350.83,2025-07
ORD100579,2025-07-08,CUST1017,Fashion,Backpack,East,Website,Net Banking,3,1353.84,0.0,4061.5199999999995,1354.34,2025-07
ORD100580,2025-01-11,CUST1859,Fashion,Running Shoes,South,Website,Credit Card,2,2518.94,0.15,5037.88,1340.13,2025-01
ORD100581,2025-08-16,CUST2008,Electronics,Smart Watch,North,Website,Credit Card,2,3333.12,0.05,6666.24,1093.54,2025-08
ORD100582,2025-09-16,CUST1103,Home & Kitchen,Mixer Grinder,North,Mobile App,Cash on Delivery,1,3645.47,0.0,3645.47,723.86,2025-09
ORD100583,2025-11-11,CUST1991,Books,Fiction Novel,Central,Website,UPI,3,374.92,0.2,1124.76,254.66,2025-11
ORD100584,2025-01-25,CUST1288,Fashion,Denim Jeans,West,Mobile App,UPI,1,1632.04,0.25,1632.04,315.97,2025-01
ORD100585,2025-12-14,CUST1867,Beauty,Shampoo,East,Marketplace,Net Banking,1,452.9,0.15,452.9,109.46,2025-12
ORD100586,2025-04-11,CUST1677,Beauty,Shampoo,Central,Mobile App,UPI,2,460.59,0.1,921.18,268.09,2025-04
ORD100587,2025-07-13,CUST1123,Electronics,USB-C Hub,Central,Website,Debit Card,1,1411.54,0.1,1411.54,198.3,2025-07
ORD100588,2025-11-19,CUST1935,Electronics,Bluetooth Speaker,West,Mobile App,UPI,2,1959.54,0.1,3919.08,688.11,2025-11
ORD100589,2025-04-11,CUST1661,Beauty,Sunscreen,South,Website,Credit Card,2,698.09,0.2,1396.18,318.0,2025-04
ORD100590,2025-03-08,CUST1396,Home & Kitchen,Mixer Grinder,West,Mobile App,UPI,3,3507.35,0.1,10522.05,1837.44,2025-03
ORD100591,2025-09-19,CUST1850,Beauty,Perfume,Central,Website,UPI,1,1199.32,0.25,1199.32,272.51,2025-09
ORD100592,2025-11-28,CUST1668,Books,Business Management,West,Website,Cash on Delivery,2,463.2,0.2,926.4,203.21,2025-11
ORD100593,2025-10-07,CUST1618,Fashion,Denim Jeans,Central,Mobile App,UPI,1,1633.27,0.05,1633.27,395.16,2025-10
ORD100594,2025-06-24,CUST1738,Books,Python Programming,West,Marketplace,UPI,3,557.48,0.05,1672.44,330.19,2025-06
ORD100595,2025-06-05,CUST1835,Electronics,Power Bank,West,Website,UPI,1,1096.09,0.15,1096.09,180.1,2025-06
ORD100596,2025-07-08,CUST1455,Books,Machine Learning Basics,South,Mobile App,Debit Card,2,964.95,0.2,1929.9,314.15,2025-07
ORD100597,2025-02-08,CUST1119,Beauty,Moisturizer,East,Website,Credit Card,1,561.57,0.0,561.57,181.4,2025-02
ORD100598,2025-12-05,CUST2046,Fashion,Running Shoes,East,Website,Credit Card,2,2453.63,0.0,4907.26,1267.45,2025-12
ORD100599,2025-07-20,CUST1225,Books,Machine Learning Basics,South,Mobile App,Debit Card,5,826.61,0.05,4133.05,844.9,2025-07
ORD100600,2025-08-25,CUST1155,Home & Kitchen,Non-Stick Pan,North,Mobile App,UPI,2,1389.79,0.1,2779.58,580.59,2025-08
ORD100601,2025-08-30,CUST1437,Fashion,Backpack,West,Mobile App,UPI,1,1408.92,0.0,1408.92,431.9,2025-08
ORD100602,2025-08-23,CUST1675,Fashion,Denim Jeans,North,Website,Credit Card,1,1583.82,0.1,1583.82,368.64,2025-08
ORD100603,2025-11-04,CUST1976,Fashion,Running Shoes,Central,Website,Cash on Delivery,1,2310.93,0.15,2310.93,569.13,2025-11
ORD100604,2025-04-25,CUST2145,Beauty,Perfume,Central,Mobile App,UPI,1,1191.02,0.15,1191.02,267.76,2025-04
ORD100605,2025-08-05,CUST2035,Electronics,Bluetooth Speaker,West,Mobile App,UPI,2,1732.59,0.15,3465.18,445.13,2025-08
ORD100606,2025-10-18,CUST1845,Beauty,Face Wash,West,Mobile App,Net Banking,1,395.86,0.05,395.86,125.06,2025-10
ORD100607,2025-05-08,CUST2019,Home & Kitchen,Storage Container Set,South,Website,Credit Card,5,916.31,0.15,4581.549999999999,779.72,2025-05
ORD100608,2025-06-01,CUST1657,Books,Data Analytics Guide,South,Mobile App,Credit Card,4,775.01,0.0,3100.04,756.59,2025-06
ORD100609,2025-01-23,CUST1859,Fashion,Casual Shirt,North,Website,Debit Card,2,1199.84,0.0,2399.68,684.21,2025-01
ORD100610,2025-12-11,CUST1099,Beauty,Moisturizer,East,Marketplace,UPI,3,611.04,0.1,1833.12,558.41,2025-12
ORD100611,2025-06-04,CUST1752,Books,Python Programming,West,Marketplace,Debit Card,2,615.02,0.0,1230.04,367.74,2025-06
ORD100612,2025-06-15,CUST1861,Books,Fiction Novel,North,Mobile App,UPI,2,435.73,0.1,871.46,160.42,2025-06
ORD100613,2025-08-12,CUST1518,Electronics,Wireless Headphones,South,Marketplace,UPI,1,2404.54,0.2,2404.54,343.34,2025-08
ORD100614,2025-04-06,CUST1894,Home & Kitchen,Mixer Grinder,South,Website,Debit Card,1,3812.21,0.15,3812.21,718.08,2025-04
ORD100615,2025-07-06,CUST1221,Home & Kitchen,Mixer Grinder,East,Mobile App,UPI,2,3691.2,0.1,7382.4,1163.79,2025-07
ORD100616,2025-02-23,CUST2058,Electronics,Bluetooth Speaker,South,Marketplace,Credit Card,4,1793.32,0.0,7173.28,1172.1,2025-02
ORD100617,2025-02-14,CUST2132,Home & Kitchen,Mixer Grinder,East,Website,Cash on Delivery,2,3310.33,0.15,6620.66,1392.26,2025-02
ORD100618,2025-06-24,CUST1996,Beauty,Moisturizer,Central,Mobile App,Credit Card,1,634.51,0.1,634.51,180.97,2025-06
ORD100619,2025-06-20,CUST1689,Beauty,Sunscreen,North,Mobile App,UPI,2,679.4,0.05,1358.8,411.22,2025-06
ORD100620,2025-11-07,CUST1537,Home & Kitchen,Mixer Grinder,South,Mobile App,UPI,1,3459.6,0.2,3459.6,432.21,2025-11
ORD100621,2025-05-21,CUST1595,Electronics,Bluetooth Speaker,South,Marketplace,UPI,3,1632.04,0.1,4896.12,758.58,2025-05
ORD100622,2025-01-31,CUST1527,Books,Data Analytics Guide,North,Website,UPI,3,750.27,0.05,2250.81,441.64,2025-01
ORD100623,2025-04-12,CUST2101,Electronics,Bluetooth Speaker,Central,Mobile App,Cash on Delivery,4,1862.38,0.2,7449.52,1091.52,2025-04
ORD100624,2025-12-29,CUST1875,Books,Fiction Novel,South,Mobile App,UPI,1,432.94,0.2,432.94,94.41,2025-12
ORD100625,2025-09-19,CUST1530,Beauty,Perfume,South,Website,UPI,1,1303.94,0.25,1303.94,338.92,2025-09
ORD100626,2025-10-14,CUST1475,Fashion,Running Shoes,North,Website,Debit Card,1,2188.05,0.0,2188.05,679.01,2025-10
ORD100627,2025-01-06,CUST1500,Books,Fiction Novel,Central,Mobile App,Credit Card,2,407.61,0.05,815.22,174.06,2025-01
ORD100628,2025-02-15,CUST2168,Home & Kitchen,Non-Stick Pan,West,Website,Cash on Delivery,1,1213.12,0.1,1213.12,234.05,2025-02
ORD100629,2025-04-01,CUST1141,Fashion,Casual Shirt,North,Website,UPI,4,1256.45,0.0,5025.8,1291.88,2025-04
ORD100630,2025-02-17,CUST1703,Home & Kitchen,Air Fryer,West,Website,Cash on Delivery,1,5353.33,0.15,5353.33,1107.0,2025-02
ORD100631,2025-11-26,CUST1363,Fashion,Cotton T-Shirt,West,Mobile App,Cash on Delivery,2,761.14,0.0,1522.28,327.71,2025-11
ORD100632,2025-01-22,CUST1873,Home & Kitchen,Air Fryer,North,Website,Credit Card,2,4746.86,0.0,9493.72,2388.2,2025-01
ORD100633,2025-02-08,CUST2165,Beauty,Perfume,South,Marketplace,UPI,2,1371.61,0.15,2743.22,734.15,2025-02
ORD100634,2025-09-16,CUST1811,Fashion,Backpack,East,Website,Credit Card,1,1384.96,0.15,1384.96,312.78,2025-09
ORD100635,2025-12-26,CUST1084,Home & Kitchen,Non-Stick Pan,South,Mobile App,UPI,3,1347.25,0.2,4041.75,568.61,2025-12
ORD100636,2025-08-01,CUST2172,Electronics,Power Bank,Central,Marketplace,Debit Card,1,1013.44,0.1,1013.44,133.66,2025-08
ORD100637,2025-01-24,CUST1956,Home & Kitchen,Non-Stick Pan,Central,Mobile App,Credit Card,1,1202.96,0.05,1202.96,211.28,2025-01
ORD100638,2025-06-12,CUST2189,Books,Data Analytics Guide,North,Website,UPI,2,772.28,0.05,1544.56,393.76,2025-06
ORD100639,2025-10-15,CUST1426,Home & Kitchen,Air Fryer,South,Mobile App,UPI,1,5297.89,0.15,5297.89,717.15,2025-10
ORD100640,2025-04-01,CUST1802,Beauty,Moisturizer,North,Mobile App,UPI,1,542.08,0.0,542.08,164.82,2025-04
ORD100641,2025-10-26,CUST2191,Home & Kitchen,Non-Stick Pan,North,Website,Debit Card,3,1194.7,0.05,3584.1000000000004,754.01,2025-10
ORD100642,2025-06-14,CUST2149,Home & Kitchen,Storage Container Set,North,Mobile App,Net Banking,2,968.55,0.2,1937.1,331.38,2025-06
ORD100643,2025-05-12,CUST1765,Electronics,Power Bank,East,Website,UPI,4,1060.39,0.1,4241.56,516.83,2025-05
ORD100644,2025-11-17,CUST2066,Beauty,Face Wash,Central,Website,Debit Card,2,427.88,0.1,855.76,237.77,2025-11
ORD100645,2025-06-11,CUST2033,Books,Fiction Novel,West,Website,Credit Card,1,403.62,0.05,403.62,107.61,2025-06
ORD100646,2025-01-14,CUST1164,Fashion,Backpack,West,Mobile App,UPI,1,1480.94,0.2,1480.94,326.3,2025-01
ORD100647,2025-04-11,CUST1639,Home & Kitchen,Storage Container Set,South,Mobile App,UPI,3,923.47,0.0,2770.41,436.21,2025-04
ORD100648,2025-05-18,CUST1105,Home & Kitchen,Storage Container Set,South,Marketplace,Net Banking,2,865.91,0.15,1731.82,273.75,2025-05
ORD100649,2025-01-28,CUST1735,Fashion,Backpack,Central,Website,Credit Card,1,1294.06,0.0,1294.06,326.57,2025-01
ORD100650,2025-11-16,CUST1799,Electronics,Smart Watch,North,Mobile App,Credit Card,2,3210.08,0.1,6420.16,1049.74,2025-11
ORD100651,2025-05-10,CUST2156,Home & Kitchen,Air Fryer,West,Marketplace,Net Banking,1,4598.84,0.0,4598.84,1040.66,2025-05
ORD100652,2025-11-22,CUST2154,Beauty,Shampoo,South,Mobile App,UPI,2,546.43,0.25,1092.86,273.95,2025-11
ORD100653,2025-04-27,CUST1299,Books,Data Analytics Guide,West,Mobile App,Credit Card,1,750.73,0.2,750.73,170.43,2025-04
ORD100654,2025-02-11,CUST1759,Beauty,Moisturizer,West,Mobile App,Credit Card,1,648.05,0.0,648.05,182.87,2025-02
ORD100655,2025-06-02,CUST2128,Books,Python Programming,East,Mobile App,UPI,2,611.27,0.0,1222.54,358.62,2025-06
ORD100656,2025-02-16,CUST1525,Books,Business Management,North,Website,Credit Card,3,472.45,0.0,1417.35,356.47,2025-02
ORD100657,2025-04-22,CUST2120,Books,Business Management,South,Website,Debit Card,1,522.24,0.05,522.24,109.03,2025-04
ORD100658,2025-02-07,CUST1396,Electronics,USB-C Hub,Central,Marketplace,Credit Card,1,1414.14,0.2,1414.14,153.76,2025-02
ORD100659,2025-11-10,CUST2128,Fashion,Cotton T-Shirt,South,Marketplace,Credit Card,3,759.11,0.05,2277.33,657.9,2025-11
ORD100660,2025-08-24,CUST1854,Fashion,Backpack,North,Website,Net Banking,1,1269.67,0.1,1269.67,319.38,2025-08
ORD100661,2025-05-16,CUST2028,Home & Kitchen,Storage Container Set,East,Mobile App,UPI,1,819.57,0.2,819.57,110.88,2025-05
ORD100662,2025-07-24,CUST1381,Beauty,Sunscreen,North,Website,UPI,1,708.21,0.1,708.21,228.24,2025-07
ORD100663,2025-09-02,CUST1578,Beauty,Moisturizer,South,Mobile App,UPI,1,550.3,0.1,550.3,133.98,2025-09
ORD100664,2025-06-01,CUST2182,Fashion,Backpack,Central,Mobile App,Cash on Delivery,1,1279.35,0.05,1279.35,332.14,2025-06
ORD100665,2025-02-28,CUST2013,Beauty,Face Wash,North,Mobile App,Cash on Delivery,1,394.75,0.0,394.75,121.56,2025-02
ORD100666,2025-04-02,CUST1606,Fashion,Cotton T-Shirt,North,Marketplace,Credit Card,4,759.54,0.2,3038.16,747.33,2025-04
ORD100667,2025-08-11,CUST1985,Electronics,Bluetooth Speaker,West,Mobile App,UPI,2,1640.93,0.05,3281.86,327.8,2025-08
ORD100668,2025-11-09,CUST2157,Electronics,USB-C Hub,Central,Mobile App,UPI,2,1260.73,0.05,2521.46,479.05,2025-11
ORD100669,2025-01-10,CUST1049,Electronics,USB-C Hub,North,Website,UPI,3,1259.71,0.15,3779.13,429.5,2025-01
ORD100670,2025-12-23,CUST1887,Books,Business Management,West,Mobile App,UPI,1,486.71,0.1,486.71,84.72,2025-12
ORD100671,2025-11-03,CUST2076,Electronics,Wireless Headphones,North,Mobile App,Net Banking,1,2344.82,0.1,2344.82,317.44,2025-11
ORD100672,2025-10-27,CUST1196,Books,Python Programming,North,Website,UPI,2,587.24,0.0,1174.48,309.53,2025-10
ORD100673,2025-08-17,CUST1537,Beauty,Shampoo,West,Mobile App,Credit Card,2,507.66,0.1,1015.32,280.76,2025-08
ORD100674,2025-06-26,CUST2038,Electronics,Bluetooth Speaker,North,Website,Credit Card,4,1756.92,0.15,7027.68,1064.71,2025-06
ORD100675,2025-01-14,CUST1257,Beauty,Face Wash,South,Marketplace,Cash on Delivery,4,397.71,0.1,1590.84,465.68,2025-01
ORD100676,2025-12-05,CUST1072,Fashion,Running Shoes,South,Website,Cash on Delivery,1,2360.52,0.1,2360.52,580.84,2025-12
ORD100677,2025-07-11,CUST1719,Fashion,Running Shoes,Central,Mobile App,Debit Card,1,2516.47,0.05,2516.47,658.94,2025-07
ORD100678,2025-03-14,CUST2076,Electronics,Smart Watch,West,Mobile App,UPI,2,3173.54,0.0,6347.08,1019.55,2025-03
ORD100679,2025-01-31,CUST2159,Home & Kitchen,Storage Container Set,South,Mobile App,Credit Card,3,816.95,0.05,2450.8500000000004,381.64,2025-01
ORD100680,2025-08-01,CUST1101,Books,Machine Learning Basics,West,Marketplace,UPI,2,974.21,0.05,1948.42,494.54,2025-08
ORD100681,2025-08-06,CUST1673,Beauty,Shampoo,North,Mobile App,UPI,1,526.23,0.1,526.23,156.4,2025-08
ORD100682,2025-10-15,CUST1086,Beauty,Moisturizer,South,Marketplace,UPI,1,619.52,0.0,619.52,219.73,2025-10
ORD100683,2025-06-12,CUST2120,Books,Python Programming,Central,Website,UPI,1,652.4,0.0,652.4,151.02,2025-06
ORD100684,2025-03-19,CUST1659,Fashion,Running Shoes,East,Website,Debit Card,4,2478.42,0.05,9913.68,2840.66,2025-03
ORD100685,2025-05-03,CUST1860,Home & Kitchen,Non-Stick Pan,South,Website,Credit Card,2,1275.86,0.1,2551.72,520.87,2025-05
ORD100686,2025-06-22,CUST2180,Books,Business Management,South,Website,Credit Card,3,484.67,0.0,1454.01,400.3,2025-06
ORD100687,2025-09-15,CUST2113,Electronics,USB-C Hub,North,Website,Cash on Delivery,1,1250.89,0.1,1250.89,107.77,2025-09
ORD100688,2025-07-15,CUST1809,Electronics,Bluetooth Speaker,Central,Mobile App,Cash on Delivery,2,1682.57,0.15,3365.14,316.4,2025-07
ORD100689,2025-08-11,CUST1211,Books,Data Analytics Guide,West,Mobile App,Credit Card,3,686.49,0.2,2059.4700000000003,408.41,2025-08
ORD100690,2025-07-22,CUST1325,Electronics,Power Bank,North,Website,UPI,2,928.56,0.1,1857.12,188.99,2025-07
ORD100691,2025-12-15,CUST1124,Fashion,Backpack,South,Mobile App,UPI,1,1343.68,0.2,1343.68,296.62,2025-12
ORD100692,2025-01-02,CUST1832,Fashion,Casual Shirt,West,Mobile App,UPI,2,1118.57,0.15,2237.14,531.23,2025-01
ORD100693,2025-08-23,CUST1306,Electronics,Smart Watch,East,Website,Credit Card,1,3322.34,0.0,3322.34,479.06,2025-08
ORD100694,2025-03-11,CUST1385,Electronics,Bluetooth Speaker,Central,Website,Debit Card,2,1779.02,0.05,3558.04,382.13,2025-03
ORD100695,2025-08-14,CUST2088,Electronics,Smart Watch,South,Website,Net Banking,1,3289.01,0.05,3289.01,510.54,2025-08
ORD100696,2025-01-25,CUST1410,Home & Kitchen,Non-Stick Pan,Central,Website,Debit Card,2,1426.98,0.1,2853.96,510.34,2025-01
ORD100697,2025-03-30,CUST1793,Electronics,Wireless Headphones,North,Website,Cash on Delivery,2,2390.8,0.2,4781.6,658.92,2025-03
ORD100698,2025-05-25,CUST1420,Electronics,USB-C Hub,Central,Marketplace,UPI,1,1420.13,0.15,1420.13,215.92,2025-05
ORD100699,2025-12-02,CUST1139,Books,Business Management,West,Website,Cash on Delivery,2,497.01,0.05,994.02,231.5,2025-12
ORD100700,2025-03-30,CUST1539,Electronics,Bluetooth Speaker,South,Mobile App,UPI,1,1960.52,0.05,1960.52,243.88,2025-03
ORD100701,2025-04-29,CUST1383,Electronics,Wireless Headphones,North,Mobile App,UPI,1,2277.21,0.0,2277.21,437.77,2025-04
ORD100702,2025-04-23,CUST1644,Fashion,Backpack,Central,Website,Debit Card,2,1522.29,0.05,3044.58,812.43,2025-04
ORD100703,2025-11-18,CUST1680,Books,Fiction Novel,Central,Mobile App,Credit Card,2,415.44,0.05,830.88,214.22,2025-11
ORD100704,2025-06-19,CUST1337,Electronics,Smart Watch,East,Website,UPI,2,3386.93,0.0,6773.86,868.11,2025-06
ORD100705,2025-07-22,CUST2104,Beauty,Sunscreen,East,Website,Credit Card,1,653.54,0.25,653.54,179.33,2025-07
ORD100706,2025-04-17,CUST1464,Fashion,Backpack,East,Website,UPI,1,1423.98,0.1,1423.98,378.01,2025-04
ORD100707,2025-02-28,CUST2188,Beauty,Face Wash,East,Marketplace,UPI,1,414.21,0.1,414.21,103.28,2025-02
ORD100708,2025-01-21,CUST1052,Fashion,Denim Jeans,South,Marketplace,UPI,1,1455.77,0.1,1455.77,327.46,2025-01
ORD100709,2025-06-30,CUST1591,Electronics,Bluetooth Speaker,North,Mobile App,UPI,2,1778.8,0.0,3557.6,485.19,2025-06
ORD100710,2025-02-28,CUST1492,Books,Data Analytics Guide,North,Marketplace,UPI,1,701.57,0.1,701.57,164.35,2025-02
ORD100711,2025-06-25,CUST1387,Electronics,Wireless Headphones,Central,Mobile App,UPI,1,2704.83,0.15,2704.83,459.55,2025-06
ORD100712,2025-09-24,CUST1541,Books,Fiction Novel,West,Marketplace,Cash on Delivery,3,395.7,0.15,1187.1,244.44,2025-09
ORD100713,2025-02-24,CUST1870,Home & Kitchen,Mixer Grinder,North,Website,UPI,3,3576.65,0.0,10729.95,2180.76,2025-02
ORD100714,2025-03-15,CUST1589,Home & Kitchen,Mixer Grinder,East,Website,UPI,2,3638.14,0.2,7276.28,1296.05,2025-03
ORD100715,2025-03-08,CUST1573,Beauty,Sunscreen,West,Marketplace,Net Banking,1,685.53,0.15,685.53,193.83,2025-03
ORD100716,2025-04-23,CUST1456,Beauty,Shampoo,West,Mobile App,Cash on Delivery,3,456.92,0.0,1370.76,435.67,2025-04
ORD100717,2025-07-19,CUST1528,Home & Kitchen,Electric Kettle,Central,Mobile App,Cash on Delivery,1,1657.03,0.05,1657.03,321.09,2025-07
ORD100718,2025-08-22,CUST1841,Beauty,Moisturizer,East,Website,Debit Card,3,573.27,0.05,1719.81,563.31,2025-08
ORD100719,2025-07-18,CUST1639,Fashion,Denim Jeans,Central,Website,UPI,1,1532.78,0.1,1532.78,458.27,2025-07
ORD100720,2025-01-09,CUST1473,Fashion,Backpack,North,Website,Credit Card,3,1357.3,0.05,4071.8999999999996,1151.57,2025-01
ORD100721,2025-03-28,CUST1307,Books,Data Analytics Guide,South,Website,Debit Card,4,742.85,0.05,2971.4,715.75,2025-03
ORD100722,2025-12-08,CUST1986,Fashion,Backpack,East,Mobile App,UPI,1,1311.88,0.1,1311.88,348.48,2025-12
ORD100723,2025-09-27,CUST1545,Home & Kitchen,Storage Container Set,South,Website,Credit Card,3,974.49,0.0,2923.4700000000003,634.82,2025-09
ORD100724,2025-10-02,CUST1661,Electronics,USB-C Hub,North,Mobile App,Debit Card,2,1407.24,0.15,2814.48,253.96,2025-10
ORD100725,2025-10-01,CUST1689,Fashion,Backpack,South,Marketplace,Net Banking,1,1463.54,0.1,1463.54,385.23,2025-10
ORD100726,2025-12-04,CUST1690,Home & Kitchen,Electric Kettle,Central,Website,Cash on Delivery,5,1528.99,0.1,7644.95,1505.74,2025-12
ORD100727,2025-11-04,CUST1541,Books,Python Programming,West,Mobile App,Cash on Delivery,1,576.62,0.0,576.62,141.07,2025-11
ORD100728,2025-08-02,CUST1393,Home & Kitchen,Storage Container Set,North,Website,UPI,1,940.27,0.05,940.27,197.35,2025-08
ORD100729,2025-04-04,CUST1237,Fashion,Backpack,Central,Website,UPI,2,1350.2,0.25,2700.4,550.99,2025-04
ORD100730,2025-09-13,CUST1886,Fashion,Cotton T-Shirt,West,Mobile App,Debit Card,1,665.82,0.0,665.82,188.37,2025-09
ORD100731,2025-09-17,CUST1095,Beauty,Moisturizer,Central,Website,Net Banking,1,547.87,0.15,547.87,158.57,2025-09
ORD100732,2025-07-27,CUST1213,Beauty,Perfume,South,Marketplace,Credit Card,1,1251.35,0.15,1251.35,362.1,2025-07
ORD100733,2025-12-19,CUST2181,Beauty,Perfume,Central,Website,UPI,1,1422.22,0.25,1422.22,361.32,2025-12
ORD100734,2025-12-25,CUST1850,Books,Machine Learning Basics,East,Website,Debit Card,2,895.84,0.0,1791.68,448.89,2025-12
ORD100735,2025-08-23,CUST1627,Beauty,Perfume,Central,Mobile App,UPI,1,1398.01,0.05,1398.01,446.99,2025-08
ORD100736,2025-04-14,CUST1339,Home & Kitchen,Mixer Grinder,West,Mobile App,UPI,1,3172.58,0.1,3172.58,581.15,2025-04
ORD100737,2025-11-02,CUST2148,Electronics,Power Bank,East,Website,UPI,1,946.47,0.1,946.47,141.92,2025-11
ORD100738,2025-07-02,CUST1107,Fashion,Denim Jeans,West,Mobile App,UPI,1,1377.92,0.1,1377.92,345.99,2025-07
ORD100739,2025-03-13,CUST1024,Electronics,Bluetooth Speaker,West,Website,Debit Card,1,1933.78,0.1,1933.78,355.47,2025-03
ORD100740,2025-03-07,CUST1810,Home & Kitchen,Electric Kettle,North,Website,Credit Card,2,1493.87,0.15,2987.74,516.06,2025-03
ORD100741,2025-12-04,CUST1628,Beauty,Shampoo,Central,Website,Debit Card,2,505.49,0.1,1010.98,293.5,2025-12
ORD100742,2025-09-26,CUST1303,Fashion,Cotton T-Shirt,Central,Marketplace,UPI,2,739.25,0.15,1478.5,366.42,2025-09
ORD100743,2025-03-07,CUST1710,Books,Business Management,West,Marketplace,UPI,1,483.14,0.15,483.14,103.12,2025-03
ORD100744,2025-02-02,CUST1260,Books,Business Management,South,Mobile App,Debit Card,3,499.03,0.15,1497.09,348.54,2025-02
ORD100745,2025-12-23,CUST1798,Electronics,Wireless Headphones,South,Website,UPI,1,2380.78,0.0,2380.78,338.23,2025-12
ORD100746,2025-01-31,CUST2083,Electronics,Wireless Headphones,West,Mobile App,Debit Card,2,2489.6,0.1,4979.2,678.4,2025-01
ORD100747,2025-02-04,CUST1267,Electronics,Bluetooth Speaker,Central,Website,Credit Card,1,1767.28,0.15,1767.28,283.01,2025-02
ORD100748,2025-07-10,CUST2199,Home & Kitchen,Non-Stick Pan,North,Website,Cash on Delivery,1,1222.67,0.2,1222.67,191.86,2025-07
ORD100749,2025-09-13,CUST1307,Books,Python Programming,South,Website,UPI,2,591.75,0.0,1183.5,334.8,2025-09
ORD100750,2025-06-14,CUST1706,Home & Kitchen,Mixer Grinder,South,Website,UPI,1,3734.52,0.1,3734.52,660.04,2025-06
ORD100751,2025-08-08,CUST1800,Electronics,Smart Watch,West,Website,UPI,1,3160.36,0.0,3160.36,357.13,2025-08
ORD100752,2025-01-03,CUST1913,Home & Kitchen,Electric Kettle,South,Marketplace,UPI,3,1449.33,0.2,4347.99,820.87,2025-01
ORD100753,2025-01-31,CUST1931,Home & Kitchen,Non-Stick Pan,East,Marketplace,Credit Card,1,1277.17,0.15,1277.17,217.88,2025-01
ORD100754,2025-02-04,CUST1381,Fashion,Cotton T-Shirt,North,Website,Credit Card,2,741.17,0.1,1482.34,343.19,2025-02
ORD100755,2025-08-03,CUST1604,Home & Kitchen,Mixer Grinder,East,Mobile App,Debit Card,1,3337.43,0.15,3337.43,588.02,2025-08
ORD100756,2025-08-23,CUST1349,Home & Kitchen,Mixer Grinder,West,Website,Credit Card,2,3687.23,0.1,7374.46,1267.08,2025-08
ORD100757,2025-06-17,CUST1468,Books,Machine Learning Basics,West,Mobile App,Credit Card,1,865.58,0.1,865.58,199.98,2025-06
ORD100758,2025-07-26,CUST1464,Home & Kitchen,Mixer Grinder,South,Mobile App,UPI,1,3505.83,0.1,3505.83,566.15,2025-07
ORD100759,2025-05-27,CUST1903,Electronics,USB-C Hub,South,Mobile App,UPI,4,1426.79,0.15,5707.16,627.34,2025-05
ORD100760,2025-07-09,CUST1711,Books,Data Analytics Guide,West,Website,UPI,3,823.86,0.05,2471.58,663.35,2025-07
ORD100761,2025-10-20,CUST1987,Fashion,Backpack,East,Website,UPI,1,1266.42,0.15,1266.42,318.74,2025-10
ORD100762,2025-03-18,CUST1127,Electronics,Power Bank,Central,Website,Debit Card,1,981.18,0.0,981.18,160.76,2025-03
ORD100763,2025-04-05,CUST1553,Electronics,USB-C Hub,Central,Website,UPI,1,1253.03,0.15,1253.03,197.27,2025-04
ORD100764,2025-07-31,CUST1665,Electronics,Bluetooth Speaker,South,Mobile App,UPI,2,1712.49,0.05,3424.98,416.68,2025-07
ORD100765,2025-05-10,CUST1505,Books,Python Programming,West,Marketplace,Credit Card,1,546.58,0.15,546.58,119.31,2025-05
ORD100766,2025-08-22,CUST1714,Fashion,Denim Jeans,East,Website,Credit Card,3,1430.65,0.15,4291.950000000001,963.25,2025-08
ORD100767,2025-12-30,CUST1466,Fashion,Casual Shirt,East,Website,UPI,1,1277.23,0.05,1277.23,381.97,2025-12
ORD100768,2025-01-12,CUST1449,Beauty,Sunscreen,South,Website,Debit Card,1,748.64,0.05,748.64,229.56,2025-01
ORD100769,2025-01-01,CUST2160,Fashion,Backpack,West,Mobile App,UPI,2,1267.82,0.2,2535.64,617.34,2025-01
ORD100770,2025-04-15,CUST1578,Books,Machine Learning Basics,East,Website,Net Banking,1,979.67,0.0,979.67,260.2,2025-04
ORD100771,2025-07-05,CUST1847,Electronics,Bluetooth Speaker,South,Website,Credit Card,1,1876.51,0.0,1876.51,242.98,2025-07
ORD100772,2025-10-19,CUST1097,Home & Kitchen,Mixer Grinder,South,Website,UPI,3,3666.11,0.2,10998.33,1551.38,2025-10
ORD100773,2025-11-17,CUST1820,Home & Kitchen,Non-Stick Pan,East,Marketplace,Debit Card,2,1422.69,0.1,2845.38,495.75,2025-11
ORD100774,2025-08-16,CUST1834,Home & Kitchen,Air Fryer,South,Mobile App,Credit Card,3,5103.36,0.0,15310.079999999998,2550.25,2025-08
ORD100775,2025-11-06,CUST1409,Home & Kitchen,Air Fryer,South,Marketplace,Debit Card,1,4981.73,0.05,4981.73,844.15,2025-11
ORD100776,2025-08-06,CUST1889,Books,Machine Learning Basics,Central,Website,Credit Card,1,809.14,0.0,809.14,224.75,2025-08
ORD100777,2025-04-03,CUST1138,Fashion,Backpack,South,Website,Credit Card,1,1480.31,0.0,1480.31,449.26,2025-04
ORD100778,2025-07-06,CUST1831,Electronics,Wireless Headphones,North,Website,Debit Card,2,2306.3,0.05,4612.6,532.63,2025-07
ORD100779,2025-06-20,CUST1784,Electronics,Smart Watch,East,Marketplace,UPI,4,3493.69,0.0,13974.76,1951.44,2025-06
ORD100780,2025-12-17,CUST1349,Home & Kitchen,Mixer Grinder,East,Mobile App,Debit Card,4,3212.96,0.0,12851.84,3052.58,2025-12
ORD100781,2025-12-07,CUST1472,Electronics,Smart Watch,North,Marketplace,UPI,1,3390.11,0.05,3390.11,578.43,2025-12
ORD100782,2025-03-12,CUST1529,Electronics,Power Bank,Central,Website,UPI,5,956.8,0.0,4784.0,658.04,2025-03
ORD100783,2025-07-24,CUST1080,Electronics,Wireless Headphones,East,Mobile App,UPI,2,2309.2,0.05,4618.4,838.63,2025-07
ORD100784,2025-01-01,CUST1319,Books,Fiction Novel,North,Website,UPI,1,412.09,0.05,412.09,90.81,2025-01
ORD100785,2025-08-27,CUST1268,Electronics,Power Bank,Central,Mobile App,Net Banking,3,1045.27,0.05,3135.81,500.31,2025-08
ORD100786,2025-08-22,CUST1059,Electronics,Power Bank,East,Mobile App,Credit Card,3,969.01,0.1,2907.0299999999997,375.21,2025-08
ORD100787,2025-03-10,CUST1388,Electronics,Power Bank,South,Website,UPI,2,963.89,0.0,1927.78,231.01,2025-03
ORD100788,2025-10-20,CUST1293,Fashion,Denim Jeans,Central,Website,Credit Card,1,1448.92,0.1,1448.92,352.98,2025-10
ORD100789,2025-09-30,CUST1520,Beauty,Shampoo,Central,Website,UPI,5,450.16,0.1,2250.8,702.18,2025-09
ORD100790,2025-12-23,CUST2053,Beauty,Shampoo,South,Marketplace,Debit Card,1,508.65,0.1,508.65,143.54,2025-12
ORD100791,2025-05-19,CUST1716,Electronics,Wireless Headphones,Central,Website,UPI,1,2262.32,0.05,2262.32,391.99,2025-05
ORD100792,2025-02-06,CUST1140,Fashion,Denim Jeans,South,Mobile App,Debit Card,1,1584.3,0.0,1584.3,374.67,2025-02
ORD100793,2025-09-14,CUST1662,Electronics,Wireless Headphones,East,Website,Credit Card,1,2488.71,0.1,2488.71,330.56,2025-09
ORD100794,2025-11-19,CUST1122,Fashion,Denim Jeans,West,Website,Net Banking,5,1540.96,0.2,7704.8,1672.91,2025-11
ORD100795,2025-04-04,CUST1339,Beauty,Shampoo,Central,Website,Cash on Delivery,1,459.62,0.0,459.62,153.48,2025-04
ORD100796,2025-09-17,CUST1584,Books,Fiction Novel,East,Website,Debit Card,3,393.56,0.15,1180.68,199.91,2025-09
ORD100797,2025-04-18,CUST1821,Fashion,Running Shoes,East,Marketplace,Credit Card,1,2081.37,0.0,2081.37,614.95,2025-04
ORD100798,2025-12-11,CUST2048,Beauty,Sunscreen,North,Website,UPI,1,703.31,0.0,703.31,231.81,2025-12
ORD100799,2025-03-06,CUST1308,Fashion,Running Shoes,North,Mobile App,Credit Card,2,2274.78,0.15,4549.56,997.72,2025-03
ORD100800,2025-08-31,CUST1530,Home & Kitchen,Electric Kettle,Central,Website,Debit Card,1,1599.07,0.0,1599.07,330.57,2025-08
ORD100801,2025-12-31,CUST1902,Books,Machine Learning Basics,East,Mobile App,UPI,2,935.52,0.05,1871.04,470.9,2025-12
ORD100802,2025-07-10,CUST1438,Electronics,USB-C Hub,South,Marketplace,Net Banking,2,1285.99,0.2,2571.98,327.22,2025-07
ORD100803,2025-07-15,CUST1755,Home & Kitchen,Storage Container Set,West,Website,Credit Card,1,809.77,0.05,809.77,108.11,2025-07
ORD100804,2025-05-11,CUST1608,Electronics,USB-C Hub,South,Website,UPI,3,1251.77,0.0,3755.31,618.94,2025-05
ORD100805,2025-08-16,CUST1640,Home & Kitchen,Air Fryer,East,Mobile App,UPI,2,4500.68,0.2,9001.36,953.28,2025-08
ORD100806,2025-08-13,CUST1942,Beauty,Perfume,North,Mobile App,Debit Card,2,1277.23,0.0,2554.46,811.39,2025-08
ORD100807,2025-04-07,CUST1656,Electronics,Smart Watch,Central,Marketplace,Cash on Delivery,1,3592.6,0.0,3592.6,460.81,2025-04
ORD100808,2025-06-24,CUST1848,Home & Kitchen,Air Fryer,East,Website,UPI,4,4600.17,0.05,18400.68,4167.46,2025-06
ORD100809,2025-10-30,CUST1541,Home & Kitchen,Non-Stick Pan,Central,Website,Cash on Delivery,1,1404.95,0.15,1404.95,246.5,2025-10
ORD100810,2025-03-17,CUST2188,Books,Fiction Novel,West,Mobile App,Cash on Delivery,1,370.01,0.15,370.01,94.46,2025-03
ORD100811,2025-04-05,CUST1950,Books,Business Management,South,Mobile App,Debit Card,1,482.34,0.1,482.34,110.23,2025-04
ORD100812,2025-12-07,CUST1563,Beauty,Face Wash,South,Mobile App,Net Banking,2,432.19,0.05,864.38,284.75,2025-12
ORD100813,2025-06-28,CUST1844,Electronics,USB-C Hub,Central,Mobile App,UPI,1,1417.45,0.2,1417.45,215.2,2025-06
ORD100814,2025-01-25,CUST1655,Fashion,Cotton T-Shirt,Central,Website,Credit Card,2,683.86,0.1,1367.72,340.15,2025-01
ORD100815,2025-07-16,CUST1486,Fashion,Denim Jeans,East,Mobile App,UPI,1,1389.95,0.2,1389.95,340.49,2025-07
ORD100816,2025-12-29,CUST1382,Beauty,Shampoo,North,Website,Credit Card,1,545.84,0.25,545.84,130.17,2025-12
ORD100817,2025-12-29,CUST2067,Fashion,Denim Jeans,Central,Marketplace,Cash on Delivery,2,1580.56,0.15,3161.12,806.87,2025-12
ORD100818,2025-09-12,CUST1514,Home & Kitchen,Mixer Grinder,East,Marketplace,UPI,4,3459.8,0.0,13839.2,2882.68,2025-09
ORD100819,2025-09-13,CUST1561,Home & Kitchen,Non-Stick Pan,North,Mobile App,Net Banking,1,1185.09,0.05,1185.09,236.78,2025-09
ORD100820,2025-04-12,CUST2069,Beauty,Perfume,East,Website,Cash on Delivery,2,1249.56,0.0,2499.12,817.69,2025-04
ORD100821,2025-09-23,CUST1328,Electronics,Wireless Headphones,West,Mobile App,Debit Card,2,2576.66,0.05,5153.32,871.26,2025-09
ORD100822,2025-05-09,CUST1314,Electronics,Wireless Headphones,East,Website,Cash on Delivery,1,2433.85,0.05,2433.85,394.57,2025-05
ORD100823,2025-09-16,CUST1564,Books,Business Management,West,Mobile App,UPI,2,513.37,0.0,1026.74,263.69,2025-09
ORD100824,2025-06-15,CUST2152,Books,Business Management,Central,Website,Net Banking,1,473.06,0.2,473.06,105.42,2025-06
ORD100825,2025-05-12,CUST2037,Beauty,Moisturizer,North,Mobile App,Credit Card,2,645.38,0.05,1290.76,354.39,2025-05
ORD100826,2025-07-05,CUST2068,Home & Kitchen,Mixer Grinder,South,Website,Credit Card,2,3298.67,0.0,6597.34,1016.39,2025-07
ORD100827,2025-08-31,CUST1264,Fashion,Denim Jeans,South,Website,UPI,1,1613.05,0.1,1613.05,389.57,2025-08
ORD100829,2025-11-02,CUST1028,Electronics,USB-C Hub,East,Website,UPI,1,1272.72,0.2,1272.72,156.37,2025-11
ORD100830,2025-05-10,CUST2019,Electronics,Bluetooth Speaker,West,Mobile App,Debit Card,2,1627.91,0.15,3255.82,507.22,2025-05
ORD100831,2025-04-12,CUST1953,Books,Machine Learning Basics,North,Website,Credit Card,4,883.84,0.1,3535.36,894.84,2025-04
ORD100832,2025-09-07,CUST1560,Beauty,Sunscreen,Central,Mobile App,Net Banking,2,741.77,0.05,1483.54,399.15,2025-09
ORD100833,2025-10-14,CUST1876,Electronics,USB-C Hub,North,Marketplace,Net Banking,2,1398.59,0.1,2797.18,471.7,2025-10
ORD100834,2025-01-13,CUST1603,Fashion,Cotton T-Shirt,South,Website,Credit Card,1,678.86,0.05,678.86,167.58,2025-01
ORD100835,2025-10-29,CUST1527,Home & Kitchen,Non-Stick Pan,South,Mobile App,UPI,1,1200.48,0.1,1200.48,194.53,2025-10
ORD100836,2025-01-02,CUST2196,Fashion,Running Shoes,Central,Website,Debit Card,1,2125.92,0.0,2125.92,568.73,2025-01
ORD100837,2025-08-10,CUST1158,Books,Data Analytics Guide,West,Website,UPI,1,731.78,0.15,731.78,179.92,2025-08
ORD100838,2025-02-16,CUST1479,Fashion,Backpack,East,Mobile App,Credit Card,3,1294.69,0.05,3884.07,982.76,2025-02
ORD100839,2025-08-10,CUST1052,Books,Fiction Novel,West,Website,Debit Card,1,367.96,0.05,367.96,81.58,2025-08
ORD100840,2025-07-05,CUST1261,Fashion,Backpack,North,Mobile App,Debit Card,1,1310.84,0.0,1310.84,406.83,2025-07
ORD100841,2025-07-30,CUST1615,Home & Kitchen,Non-Stick Pan,South,Mobile App,Debit Card,1,1204.68,0.1,1204.68,215.02,2025-07
ORD100842,2025-07-18,CUST1592,Home & Kitchen,Storage Container Set,East,Website,Debit Card,2,837.03,0.1,1674.06,260.85,2025-07
ORD100843,2025-08-02,CUST1070,Home & Kitchen,Non-Stick Pan,South,Website,Credit Card,2,1261.91,0.1,2523.82,418.04,2025-08
ORD100844,2025-06-15,CUST1318,Fashion,Cotton T-Shirt,South,Marketplace,UPI,2,637.71,0.1,1275.42,314.46,2025-06
ORD100845,2025-05-05,CUST1537,Fashion,Backpack,South,Website,Debit Card,3,1478.28,0.05,4434.84,1235.66,2025-05
ORD100846,2025-06-26,CUST2037,Books,Data Analytics Guide,North,Mobile App,Credit Card,5,771.86,0.0,3859.3,792.45,2025-06
ORD100847,2025-08-20,CUST2070,Electronics,Power Bank,West,Website,Debit Card,1,1013.84,0.1,1013.84,176.77,2025-08
ORD100848,2025-11-29,CUST1687,Home & Kitchen,Air Fryer,South,Website,Cash on Delivery,1,5190.81,0.1,5190.81,937.2,2025-11
ORD100849,2025-08-18,CUST1390,Electronics,Smart Watch,West,Website,Credit Card,3,3572.77,0.0,10718.31,1157.03,2025-08
ORD100850,2025-01-09,CUST1703,Electronics,Bluetooth Speaker,North,Website,Cash on Delivery,1,1924.5,0.05,1924.5,323.25,2025-01
ORD100851,2025-03-19,CUST1648,Fashion,Running Shoes,West,Mobile App,Cash on Delivery,1,2488.71,0.15,2488.71,623.66,2025-03
ORD100852,2025-03-02,CUST1480,Beauty,Moisturizer,West,Website,Credit Card,1,638.62,0.0,638.62,227.01,2025-03
ORD100853,2025-05-14,CUST1985,Fashion,Casual Shirt,West,Website,Credit Card,2,1277.66,0.0,2555.32,819.09,2025-05
ORD100854,2025-04-14,CUST1546,Beauty,Moisturizer,West,Mobile App,Credit Card,2,549.64,0.2,1099.28,317.34,2025-04
ORD100855,2025-11-14,CUST1861,Books,Fiction Novel,South,Mobile App,UPI,3,421.47,0.2,1264.41,264.54,2025-11
ORD100856,2025-09-09,CUST1735,Home & Kitchen,Electric Kettle,East,Mobile App,UPI,2,1507.62,0.05,3015.24,463.88,2025-09
ORD100857,2025-03-09,CUST1783,Fashion,Backpack,North,Website,UPI,3,1407.84,0.0,4223.5199999999995,1336.0,2025-03
ORD100858,2025-06-22,CUST1875,Electronics,USB-C Hub,North,Mobile App,Debit Card,1,1356.27,0.1,1356.27,128.62,2025-06
ORD100859,2025-06-28,CUST2156,Fashion,Running Shoes,West,Website,Credit Card,2,2242.0,0.2,4484.0,1035.17,2025-06
ORD100860,2025-03-20,CUST1460,Electronics,Wireless Headphones,Central,Mobile App,Net Banking,1,2530.39,0.0,2530.39,483.52,2025-03
ORD100861,2025-09-26,CUST1699,Fashion,Cotton T-Shirt,North,Mobile App,UPI,1,651.69,0.0,651.69,215.68,2025-09
ORD100862,2025-02-11,CUST1731,Beauty,Sunscreen,North,Mobile App,Net Banking,3,696.9,0.05,2090.7,609.09,2025-02
ORD100863,2025-04-16,CUST1749,Home & Kitchen,Storage Container Set,South,Website,Net Banking,1,859.72,0.05,859.72,155.6,2025-04
ORD100864,2025-10-01,CUST1172,Beauty,Moisturizer,North,Website,Credit Card,5,555.66,0.1,2778.2999999999997,803.14,2025-10
ORD100865,2025-03-03,CUST2070,Fashion,Running Shoes,East,Marketplace,Net Banking,5,2495.59,0.05,12477.95,3473.43,2025-03
ORD100866,2025-05-21,CUST1620,Beauty,Shampoo,East,Website,Cash on Delivery,2,466.87,0.15,933.74,250.65,2025-05
ORD100867,2025-07-26,CUST1855,Beauty,Perfume,Central,Website,Debit Card,1,1340.6,0.15,1340.6,370.11,2025-07
ORD100868,2025-08-31,CUST1640,Home & Kitchen,Storage Container Set,West,Website,Credit Card,2,962.65,0.15,1925.3,401.09,2025-08
ORD100869,2025-04-30,CUST1582,Beauty,Perfume,West,Website,UPI,3,1244.17,0.0,3732.51,1178.69,2025-04
ORD100870,2025-05-01,CUST1621,Electronics,Bluetooth Speaker,West,Marketplace,Credit Card,4,1906.82,0.1,7627.28,1201.92,2025-05
ORD100871,2025-02-24,CUST1253,Fashion,Casual Shirt,North,Marketplace,Cash on Delivery,1,1228.71,0.1,1228.71,356.6,2025-02
ORD100872,2025-07-28,CUST2041,Books,Business Management,West,Mobile App,Credit Card,1,509.09,0.15,509.09,95.68,2025-07
ORD100873,2025-03-01,CUST1202,Home & Kitchen,Non-Stick Pan,South,Mobile App,UPI,2,1340.82,0.05,2681.64,660.29,2025-03
ORD100874,2025-09-15,CUST1834,Electronics,Smart Watch,North,Website,Debit Card,1,3304.39,0.0,3304.39,497.5,2025-09
ORD100875,2025-10-20,CUST2186,Beauty,Shampoo,North,Website,Cash on Delivery,1,461.69,0.2,461.69,133.33,2025-10
ORD100876,2025-04-17,CUST1065,Home & Kitchen,Mixer Grinder,Central,Website,UPI,4,3723.26,0.2,14893.04,2704.19,2025-04
ORD100877,2025-05-16,CUST1515,Books,Machine Learning Basics,North,Website,UPI,3,920.9,0.1,2762.7,761.52,2025-05
ORD100878,2025-11-29,CUST1769,Electronics,Bluetooth Speaker,North,Marketplace,Credit Card,1,1975.94,0.05,1975.94,354.2,2025-11
ORD100879,2025-12-17,CUST1143,Fashion,Denim Jeans,West,Mobile App,Credit Card,3,1600.1,0.0,4800.299999999999,1430.39,2025-12
ORD100880,2025-08-15,CUST1950,Books,Fiction Novel,Central,Mobile App,Net Banking,1,415.03,0.2,415.03,98.11,2025-08
ORD100881,2025-11-08,CUST1932,Electronics,Smart Watch,East,Marketplace,Credit Card,1,3186.45,0.1,3186.45,521.43,2025-11
ORD100882,2025-03-25,CUST1156,Books,Machine Learning Basics,East,Mobile App,UPI,1,830.74,0.0,830.74,258.07,2025-03
ORD100883,2025-05-26,CUST1159,Electronics,Smart Watch,West,Website,UPI,1,3052.55,0.05,3052.55,381.32,2025-05
ORD100884,2025-05-04,CUST1431,Fashion,Casual Shirt,East,Mobile App,UPI,1,1231.02,0.05,1231.02,328.7,2025-05
ORD100885,2025-05-08,CUST1723,Books,Machine Learning Basics,East,Mobile App,Cash on Delivery,1,900.25,0.15,900.25,213.3,2025-05
ORD100886,2025-11-30,CUST1869,Home & Kitchen,Electric Kettle,North,Marketplace,Debit Card,1,1606.0,0.1,1606.0,306.9,2025-11
ORD100887,2025-01-10,CUST1233,Home & Kitchen,Non-Stick Pan,West,Mobile App,Debit Card,1,1277.69,0.2,1277.69,192.79,2025-01
ORD100888,2025-10-04,CUST1847,Fashion,Running Shoes,North,Mobile App,UPI,3,2514.66,0.1,7543.98,1942.66,2025-10
ORD100889,2025-04-11,CUST1702,Fashion,Running Shoes,South,Mobile App,Cash on Delivery,1,2191.0,0.1,2191.0,553.02,2025-04
ORD100890,2025-10-25,CUST1920,Home & Kitchen,Non-Stick Pan,Central,Mobile App,Net Banking,1,1259.99,0.15,1259.99,246.61,2025-10
ORD100891,2025-08-07,CUST2142,Books,Fiction Novel,North,Marketplace,Net Banking,2,375.83,0.2,751.66,132.41,2025-08
ORD100892,2025-08-09,CUST2141,Electronics,Wireless Headphones,South,Mobile App,UPI,1,2607.19,0.05,2607.19,516.64,2025-08
ORD100893,2025-05-24,CUST2075,Beauty,Sunscreen,East,Website,Net Banking,3,735.59,0.0,2206.77,726.82,2025-05
ORD100894,2025-05-30,CUST1776,Electronics,USB-C Hub,South,Mobile App,Credit Card,2,1302.43,0.1,2604.86,427.92,2025-05
ORD100895,2025-04-16,CUST1096,Books,Fiction Novel,West,Mobile App,UPI,1,381.83,0.1,381.83,97.84,2025-04
ORD100896,2025-04-20,CUST1749,Electronics,Power Bank,West,Website,UPI,3,997.61,0.1,2992.83,440.56,2025-04
ORD100897,2025-08-30,CUST1967,Books,Python Programming,Central,Marketplace,Cash on Delivery,2,544.74,0.2,1089.48,229.86,2025-08
ORD100898,2025-01-04,CUST2112,Electronics,Smart Watch,East,Mobile App,UPI,2,3158.04,0.15,6316.08,998.81,2025-01
ORD100899,2025-12-09,CUST1310,Fashion,Cotton T-Shirt,North,Website,UPI,1,630.86,0.0,630.86,172.51,2025-12
ORD100900,2025-05-14,CUST1813,Home & Kitchen,Storage Container Set,Central,Website,Debit Card,2,947.57,0.0,1895.14,373.37,2025-05
ORD100901,2025-07-29,CUST1444,Home & Kitchen,Storage Container Set,East,Mobile App,UPI,4,948.84,0.05,3795.36,700.43,2025-07
ORD100902,2025-10-31,CUST1112,Home & Kitchen,Storage Container Set,South,Mobile App,UPI,2,934.32,0.0,1868.64,428.31,2025-10
ORD100903,2025-10-19,CUST1776,Books,Fiction Novel,East,Website,UPI,1,436.55,0.15,436.55,81.81,2025-10
ORD100904,2025-02-05,CUST1961,Fashion,Backpack,West,Mobile App,Net Banking,1,1536.15,0.0,1536.15,385.89,2025-02
ORD100905,2025-10-31,CUST1956,Books,Business Management,East,Marketplace,Cash on Delivery,2,477.28,0.15,954.56,226.06,2025-10
ORD100906,2025-09-23,CUST1329,Books,Python Programming,Central,Mobile App,UPI,1,621.61,0.15,621.61,119.79,2025-09
ORD100907,2025-01-06,CUST2019,Electronics,USB-C Hub,Central,Mobile App,UPI,1,1263.49,0.1,1263.49,178.43,2025-01
ORD100908,2025-01-12,CUST1165,Electronics,Power Bank,South,Website,Credit Card,2,918.09,0.25,1836.18,207.51,2025-01
ORD100909,2025-01-10,CUST2053,Electronics,Smart Watch,South,Mobile App,Credit Card,2,3019.16,0.15,6038.32,670.16,2025-01
ORD100910,2025-08-06,CUST1860,Home & Kitchen,Non-Stick Pan,Central,Marketplace,UPI,4,1385.32,0.05,5541.28,1114.51,2025-08
ORD100911,2025-10-16,CUST1371,Books,Python Programming,East,Mobile App,Debit Card,2,654.58,0.0,1309.16,303.76,2025-10
ORD100912,2025-08-08,CUST1188,Electronics,Smart Watch,Central,Website,UPI,1,3107.91,0.05,3107.91,419.66,2025-08
ORD100913,2025-04-03,Unknown,Fashion,Casual Shirt,West,Mobile App,Debit Card,1,1306.01,0.15,1306.01,349.42,2025-04
ORD100914,2025-04-01,CUST1748,Fashion,Running Shoes,South,Mobile App,Cash on Delivery,1,2386.68,0.1,2386.68,672.11,2025-04
ORD100915,2025-05-30,CUST1146,Fashion,Casual Shirt,North,Website,UPI,1,1288.16,0.0,1288.16,381.52,2025-05
ORD100916,2025-03-01,CUST1027,Books,Business Management,West,Website,Net Banking,1,462.47,0.2,462.47,83.12,2025-03
ORD100917,2025-04-17,CUST1653,Fashion,Denim Jeans,West,Website,Debit Card,1,1427.92,0.05,1427.92,306.81,2025-04
ORD100918,2025-02-20,CUST1564,Electronics,Bluetooth Speaker,South,Website,Net Banking,1,1748.01,0.15,1748.01,236.59,2025-02
ORD100919,2025-10-09,CUST1633,Fashion,Backpack,West,Website,UPI,3,1288.3,0.25,3864.8999999999996,842.16,2025-10
ORD100920,2025-06-25,CUST1982,Home & Kitchen,Storage Container Set,North,Website,Credit Card,1,910.26,0.15,910.26,170.37,2025-06
ORD100921,2025-07-24,CUST1979,Electronics,Power Bank,South,Mobile App,UPI,2,958.01,0.2,1916.02,278.15,2025-07
ORD100922,2025-02-04,CUST1029,Fashion,Denim Jeans,Central,Website,UPI,1,1461.94,0.15,1461.94,328.04,2025-02
ORD100923,2025-03-14,CUST1842,Electronics,Bluetooth Speaker,West,Website,UPI,2,1950.76,0.05,3901.52,579.46,2025-03
ORD100924,2025-04-03,CUST1454,Home & Kitchen,Electric Kettle,Central,Mobile App,Debit Card,1,1509.23,0.15,1509.23,265.38,2025-04
ORD100925,2025-10-06,CUST1337,Home & Kitchen,Non-Stick Pan,West,Website,Net Banking,2,1415.4,0.0,2830.8,419.78,2025-10
ORD100926,2025-03-31,CUST1241,Fashion,Denim Jeans,East,Website,Credit Card,1,1472.82,0.05,1472.82,394.9,2025-03
ORD100927,2025-04-26,CUST2076,Books,Fiction Novel,East,Marketplace,Credit Card,1,430.94,0.1,430.94,94.66,2025-04
ORD100928,2025-01-18,CUST1649,Books,Machine Learning Basics,North,Website,UPI,1,872.47,0.1,872.47,178.15,2025-01
ORD100929,2025-08-25,CUST1285,Fashion,Backpack,South,Mobile App,Debit Card,1,1464.44,0.0,1464.44,454.78,2025-08
ORD100930,2025-05-24,CUST2084,Electronics,Bluetooth Speaker,West,Website,Debit Card,1,1818.68,0.1,1818.68,283.92,2025-05
ORD100931,2025-10-25,CUST1832,Fashion,Backpack,Central,Marketplace,Net Banking,2,1428.27,0.15,2856.54,611.18,2025-10
ORD100932,2025-07-23,CUST1458,Fashion,Denim Jeans,North,Website,Debit Card,1,1579.49,0.05,1579.49,453.43,2025-07
ORD100933,2025-07-02,CUST1480,Books,Business Management,Central,Marketplace,UPI,1,545.99,0.2,545.99,106.5,2025-07
ORD100934,2025-11-23,CUST1210,Beauty,Sunscreen,West,Website,Debit Card,1,654.99,0.15,654.99,182.79,2025-11
ORD100935,2025-01-27,CUST1968,Home & Kitchen,Non-Stick Pan,North,Website,UPI,1,1281.24,0.0,1281.24,265.02,2025-01
ORD100936,2025-11-12,CUST1001,Fashion,Denim Jeans,West,Mobile App,Credit Card,1,1495.43,0.15,1495.43,333.75,2025-11
ORD100937,2025-05-15,CUST2165,Books,Python Programming,West,Website,UPI,1,554.77,0.15,554.77,134.62,2025-05
ORD100938,2025-08-03,CUST2095,Fashion,Denim Jeans,West,Website,Credit Card,1,1582.14,0.25,1582.14,340.95,2025-08
ORD100939,2025-01-18,CUST2196,Home & Kitchen,Storage Container Set,North,Mobile App,Debit Card,2,931.1,0.0,1862.2,440.78,2025-01
ORD100940,2025-08-26,CUST1400,Home & Kitchen,Non-Stick Pan,North,Mobile App,Net Banking,1,1427.74,0.0,1427.74,284.47,2025-08
ORD100941,2025-12-27,CUST1697,Books,Data Analytics Guide,South,Website,Cash on Delivery,1,797.44,0.15,797.44,179.27,2025-12
ORD100942,2025-05-10,CUST1456,Fashion,Running Shoes,Central,Website,Credit Card,2,2465.92,0.1,4931.84,1301.94,2025-05
ORD100943,2025-08-19,CUST1397,Home & Kitchen,Mixer Grinder,East,Website,Credit Card,2,3833.73,0.15,7667.46,1080.13,2025-08
ORD100944,2025-10-16,CUST1344,Home & Kitchen,Electric Kettle,South,Mobile App,Net Banking,1,1597.82,0.05,1597.82,348.93,2025-10
ORD100945,2025-02-17,CUST2111,Fashion,Backpack,Central,Website,Cash on Delivery,1,1458.91,0.05,1458.91,359.45,2025-02
ORD100946,2025-10-09,CUST1077,Beauty,Moisturizer,Central,Website,UPI,2,551.11,0.15,1102.22,286.43,2025-10
ORD100947,2025-11-14,CUST1992,Electronics,Power Bank,North,Website,Debit Card,4,967.74,0.25,3870.96,481.54,2025-11
ORD100948,2025-01-15,CUST1370,Fashion,Denim Jeans,Central,Marketplace,Debit Card,4,1385.83,0.0,5543.32,1654.28,2025-01
ORD100949,2025-04-18,CUST2185,Fashion,Denim Jeans,North,Marketplace,Cash on Delivery,1,1522.67,0.1,1522.67,419.81,2025-04
ORD100950,2025-02-14,CUST1590,Books,Data Analytics Guide,North,Website,UPI,1,775.53,0.2,775.53,166.16,2025-02
ORD100951,2025-09-06,CUST2135,Books,Fiction Novel,South,Mobile App,UPI,1,379.33,0.05,379.33,90.88,2025-09
ORD100952,2025-10-24,CUST1493,Beauty,Shampoo,South,Mobile App,Credit Card,1,521.28,0.15,521.28,122.32,2025-10
ORD100953,2025-03-16,CUST1939,Fashion,Running Shoes,East,Marketplace,UPI,2,2398.09,0.0,4796.18,1273.14,2025-03
ORD100954,2025-01-19,CUST1792,Home & Kitchen,Non-Stick Pan,West,Mobile App,Credit Card,1,1270.36,0.05,1270.36,253.41,2025-01
ORD100955,2025-12-16,CUST1042,Books,Business Management,Central,Marketplace,Net Banking,1,478.38,0.0,478.38,117.11,2025-12
ORD100956,2025-07-02,CUST1864,Electronics,Wireless Headphones,West,Website,Cash on Delivery,4,2447.76,0.0,9791.04,1889.99,2025-07
ORD100957,2025-03-16,CUST2046,Beauty,Sunscreen,West,Mobile App,Credit Card,3,633.59,0.1,1900.77,580.47,2025-03
ORD100958,2025-04-20,CUST1394,Electronics,Smart Watch,South,Mobile App,Cash on Delivery,1,3338.73,0.1,3338.73,539.61,2025-04
ORD100959,2025-08-29,CUST1923,Fashion,Denim Jeans,South,Marketplace,Debit Card,1,1559.66,0.05,1559.66,365.06,2025-08
ORD100960,2025-10-21,CUST1189,Home & Kitchen,Air Fryer,North,Website,UPI,1,5268.94,0.2,5268.94,880.81,2025-10
ORD100961,2025-05-13,CUST1276,Fashion,Casual Shirt,West,Mobile App,Credit Card,2,1134.77,0.0,2269.54,625.56,2025-05
ORD100962,2025-07-02,CUST1072,Beauty,Moisturizer,East,Website,Debit Card,4,603.42,0.15,2413.68,726.29,2025-07
ORD100963,2025-08-31,CUST1439,Beauty,Perfume,West,Mobile App,Credit Card,2,1402.88,0.15,2805.76,748.12,2025-08
ORD100964,2025-09-28,CUST2119,Home & Kitchen,Electric Kettle,North,Website,Debit Card,2,1617.21,0.1,3234.42,535.64,2025-09
ORD100965,2025-09-30,CUST1561,Electronics,USB-C Hub,West,Website,Cash on Delivery,1,1295.57,0.25,1295.57,153.44,2025-09
ORD100966,2025-01-23,CUST2129,Fashion,Backpack,East,Website,UPI,1,1318.22,0.1,1318.22,345.97,2025-01
ORD100967,2025-09-13,CUST1454,Home & Kitchen,Air Fryer,East,Website,Debit Card,1,4523.34,0.1,4523.34,896.34,2025-09
ORD100968,2025-08-27,CUST1525,Electronics,Wireless Headphones,South,Marketplace,Debit Card,2,2570.73,0.0,5141.46,670.71,2025-08
ORD100969,2025-06-08,CUST1986,Beauty,Moisturizer,Central,Mobile App,Cash on Delivery,1,613.85,0.1,613.85,181.3,2025-06
ORD100970,2025-04-30,CUST1708,Home & Kitchen,Storage Container Set,Central,Marketplace,UPI,1,969.86,0.2,969.86,138.98,2025-04
ORD100971,2025-07-20,CUST1820,Home & Kitchen,Non-Stick Pan,Central,Mobile App,Credit Card,1,1309.07,0.05,1309.07,218.52,2025-07
ORD100972,2025-11-18,CUST2032,Home & Kitchen,Air Fryer,North,Mobile App,UPI,1,5173.4,0.05,5173.4,740.39,2025-11
ORD100973,2025-04-25,CUST2063,Fashion,Casual Shirt,South,Website,UPI,1,1261.98,0.1,1261.98,358.09,2025-04
ORD100974,2025-12-27,CUST2170,Fashion,Running Shoes,Central,Website,UPI,1,2113.49,0.0,2113.49,633.27,2025-12
ORD100975,2025-10-26,CUST2123,Books,Fiction Novel,West,Marketplace,Credit Card,4,416.35,0.15,1665.4,331.63,2025-10
ORD100976,2025-02-18,CUST1072,Books,Business Management,South,Marketplace,Cash on Delivery,2,521.79,0.1,1043.58,218.21,2025-02
ORD100977,2025-06-22,CUST1776,Beauty,Perfume,Central,Mobile App,Debit Card,1,1309.88,0.0,1309.88,457.29,2025-06
ORD100978,2025-03-13,CUST1795,Beauty,Perfume,East,Mobile App,Cash on Delivery,1,1267.73,0.05,1267.73,413.26,2025-03
ORD100979,2025-10-27,CUST1107,Electronics,Power Bank,West,Mobile App,Credit Card,1,1065.22,0.05,1065.22,125.01,2025-10
ORD100980,2025-03-26,CUST1993,Electronics,Bluetooth Speaker,Central,Mobile App,Cash on Delivery,3,1973.2,0.0,5919.6,981.93,2025-03
ORD100981,2025-05-19,CUST1148,Fashion,Casual Shirt,East,Marketplace,Cash on Delivery,1,1144.1,0.05,1144.1,354.28,2025-05
ORD100982,2025-05-13,CUST1873,Electronics,USB-C Hub,East,Website,Credit Card,1,1268.91,0.1,1268.91,186.28,2025-05
ORD100983,2025-03-18,CUST1217,Electronics,Power Bank,Central,Website,Cash on Delivery,1,985.1,0.05,985.1,165.27,2025-03
ORD100984,2025-02-22,CUST2060,Fashion,Casual Shirt,North,Website,UPI,2,1290.87,0.1,2581.74,639.25,2025-02
ORD100985,2025-12-04,CUST1351,Books,Business Management,Central,Website,Cash on Delivery,3,461.87,0.25,1385.6100000000001,282.64,2025-12
ORD100986,2025-10-07,CUST2132,Home & Kitchen,Storage Container Set,Central,Mobile App,UPI,1,879.11,0.2,879.11,124.02,2025-10
ORD100987,2025-09-01,CUST2170,Fashion,Cotton T-Shirt,West,Mobile App,UPI,1,688.16,0.15,688.16,155.18,2025-09
ORD100988,2025-03-25,CUST1670,Beauty,Shampoo,South,Mobile App,UPI,3,474.06,0.05,1422.18,463.51,2025-03
ORD100989,2025-03-09,CUST2079,Beauty,Face Wash,West,Website,Net Banking,1,398.05,0.2,398.05,87.82,2025-03
ORD100990,2025-09-20,CUST1478,Home & Kitchen,Air Fryer,East,Marketplace,Net Banking,2,5151.73,0.15,10303.46,2406.86,2025-09
ORD100991,2025-04-07,CUST1006,Electronics,Bluetooth Speaker,North,Website,UPI,3,1750.88,0.1,5252.64,564.47,2025-04
ORD100992,2025-09-15,CUST2024,Fashion,Casual Shirt,South,Website,Net Banking,1,1202.13,0.15,1202.13,318.78,2025-09
ORD100993,2025-08-19,CUST2173,Books,Business Management,West,Website,Debit Card,3,463.34,0.05,1390.02,279.1,2025-08
ORD100994,2025-08-29,CUST1930,Fashion,Cotton T-Shirt,East,Website,UPI,4,714.19,0.05,2856.76,788.43,2025-08
ORD100995,2025-02-14,CUST1898,Fashion,Denim Jeans,West,Website,Credit Card,1,1608.43,0.1,1608.43,372.09,2025-02
ORD100996,2025-11-05,CUST2062,Fashion,Casual Shirt,Central,Website,Net Banking,1,1194.15,0.15,1194.15,268.64,2025-11
ORD100997,2025-01-26,CUST1939,Electronics,Power Bank,West,Website,Debit Card,1,1076.81,0.25,1076.81,154.35,2025-01
ORD100998,2025-04-30,CUST1430,Beauty,Moisturizer,North,Website,UPI,1,570.87,0.05,570.87,185.11,2025-04
ORD100999,2025-04-12,CUST1937,Fashion,Casual Shirt,Central,Mobile App,Credit Card,3,1295.62,0.15,3886.8599999999997,789.97,2025-04
ORD101000,2025-04-21,CUST1744,Fashion,Cotton T-Shirt,North,Website,UPI,1,701.83,0.15,701.83,163.02,2025-04
ORD101001,2025-10-10,CUST1432,Home & Kitchen,Mixer Grinder,West,Mobile App,Debit Card,1,3648.7,0.1,3648.7,641.23,2025-10
ORD101002,2025-06-19,CUST1204,Home & Kitchen,Air Fryer,South,Mobile App,UPI,1,5105.5,0.0,5105.5,1010.08,2025-06
ORD101003,2025-06-22,CUST2174,Electronics,Wireless Headphones,East,Mobile App,UPI,1,2317.94,0.1,2317.94,339.44,2025-06
ORD101004,2025-08-21,CUST2006,Electronics,Wireless Headphones,Central,Mobile App,UPI,1,2647.09,0.1,2647.09,305.99,2025-08
ORD101005,2025-01-09,CUST1236,Electronics,Bluetooth Speaker,West,Website,Cash on Delivery,1,1870.41,0.15,1870.41,205.96,2025-01
ORD101006,2025-04-09,CUST1012,Fashion,Casual Shirt,East,Marketplace,UPI,3,1182.76,0.05,3548.2799999999997,845.71,2025-04
ORD101007,2025-11-12,CUST2190,Beauty,Moisturizer,West,Mobile App,Debit Card,1,610.6,0.1,610.6,167.04,2025-11
ORD101008,2025-09-03,CUST1339,Beauty,Face Wash,Central,Website,Credit Card,1,411.67,0.1,411.67,116.1,2025-09
ORD101009,2025-08-15,CUST1415,Fashion,Casual Shirt,Central,Marketplace,Credit Card,2,1096.62,0.05,2193.24,486.33,2025-08
ORD101010,2025-05-22,CUST1294,Fashion,Backpack,South,Website,Cash on Delivery,4,1424.27,0.1,5697.08,1536.69,2025-05
ORD101011,2025-02-21,CUST2069,Books,Machine Learning Basics,Central,Website,UPI,3,832.0,0.15,2496.0,535.04,2025-02
ORD101012,2025-12-23,CUST1698,Books,Machine Learning Basics,North,Mobile App,UPI,3,895.74,0.1,2687.2200000000003,603.65,2025-12
ORD101013,2025-02-01,CUST1043,Home & Kitchen,Non-Stick Pan,Central,Marketplace,UPI,2,1183.83,0.1,2367.66,359.7,2025-02
ORD101014,2025-02-06,CUST1092,Home & Kitchen,Storage Container Set,West,Website,UPI,3,855.2,0.2,2565.6000000000004,350.24,2025-02
ORD101015,2025-09-28,CUST1512,Books,Data Analytics Guide,West,Mobile App,Credit Card,1,727.67,0.05,727.67,186.82,2025-09
ORD101016,2025-09-06,CUST1105,Beauty,Perfume,East,Mobile App,Debit Card,1,1346.41,0.15,1346.41,372.82,2025-09
ORD101017,2025-12-23,CUST2135,Electronics,Bluetooth Speaker,West,Website,Credit Card,3,1790.08,0.2,5370.24,712.51,2025-12
ORD101018,2025-09-02,CUST1718,Home & Kitchen,Storage Container Set,South,Mobile App,Credit Card,2,893.7,0.0,1787.4,409.54,2025-09
ORD101019,2025-12-15,CUST2105,Fashion,Denim Jeans,West,Website,Debit Card,1,1560.33,0.0,1560.33,434.37,2025-12
ORD101020,2025-02-28,CUST1909,Home & Kitchen,Non-Stick Pan,North,Website,UPI,2,1416.1,0.1,2832.2,515.72,2025-02
ORD101021,2025-09-02,CUST1757,Fashion,Cotton T-Shirt,West,Website,Debit Card,3,672.24,0.25,2016.72,447.88,2025-09
ORD101022,2025-07-18,CUST1830,Electronics,USB-C Hub,Central,Marketplace,UPI,1,1284.21,0.0,1284.21,187.16,2025-07
ORD101023,2025-07-12,CUST1618,Beauty,Moisturizer,Central,Marketplace,UPI,2,573.51,0.2,1147.02,311.5,2025-07
ORD101024,2025-03-12,CUST2168,Books,Fiction Novel,Central,Mobile App,UPI,1,395.47,0.0,395.47,87.77,2025-03
ORD101025,2025-07-09,CUST1987,Beauty,Face Wash,West,Website,Debit Card,1,421.04,0.1,421.04,115.02,2025-07
ORD101026,2025-05-29,CUST1761,Electronics,Smart Watch,South,Mobile App,Credit Card,1,3517.98,0.0,3517.98,510.59,2025-05
ORD101027,2025-12-26,CUST1213,Fashion,Cotton T-Shirt,Central,Marketplace,Debit Card,2,633.38,0.05,1266.76,318.47,2025-12
ORD101028,2025-06-03,CUST1571,Home & Kitchen,Non-Stick Pan,North,Mobile App,Debit Card,2,1321.75,0.05,2643.5,502.15,2025-06
ORD101029,2025-02-15,CUST1095,Electronics,Smart Watch,South,Mobile App,Cash on Delivery,1,2972.93,0.05,2972.93,506.9,2025-02
ORD101030,2025-02-28,CUST2045,Beauty,Face Wash,South,Website,Net Banking,2,409.58,0.05,819.16,261.85,2025-02
ORD101031,2025-11-12,CUST1406,Home & Kitchen,Storage Container Set,South,Website,Credit Card,2,929.87,0.0,1859.74,317.52,2025-11
ORD101032,2025-11-19,CUST1194,Books,Data Analytics Guide,West,Mobile App,Debit Card,1,698.97,0.05,698.97,179.46,2025-11
ORD101033,2025-10-03,CUST1618,Electronics,Power Bank,South,Website,Credit Card,2,1014.45,0.2,2028.9,220.97,2025-10
ORD101034,2025-02-28,CUST1301,Electronics,Wireless Headphones,North,Website,Cash on Delivery,2,2502.11,0.0,5004.22,880.85,2025-02
ORD101035,2025-05-14,CUST1436,Electronics,Smart Watch,South,Website,Net Banking,4,3331.3,0.15,13325.2,1835.62,2025-05
ORD101036,2025-11-02,CUST1754,Fashion,Backpack,South,Marketplace,Debit Card,1,1498.42,0.1,1498.42,358.62,2025-11
ORD101037,2025-02-05,CUST1079,Fashion,Backpack,East,Mobile App,Cash on Delivery,1,1384.81,0.05,1384.81,376.6,2025-02
ORD101038,2025-07-29,CUST1499,Home & Kitchen,Mixer Grinder,South,Mobile App,Credit Card,2,3451.73,0.15,6903.46,1118.44,2025-07
ORD101039,2025-03-24,CUST1621,Home & Kitchen,Electric Kettle,West,Website,Cash on Delivery,2,1758.69,0.25,3517.38,584.48,2025-03
ORD101040,2025-06-21,CUST1531,Electronics,Bluetooth Speaker,West,Website,Debit Card,1,1758.45,0.1,1758.45,288.01,2025-06
ORD101041,2025-08-29,CUST1330,Home & Kitchen,Storage Container Set,South,Website,UPI,1,959.13,0.05,959.13,157.89,2025-08
ORD101042,2025-09-17,CUST2029,Fashion,Cotton T-Shirt,North,Mobile App,Credit Card,2,739.85,0.1,1479.7,384.38,2025-09
ORD101043,2025-04-25,CUST1522,Books,Business Management,West,Mobile App,UPI,1,492.37,0.15,492.37,93.95,2025-04
ORD101044,2025-02-04,CUST1535,Beauty,Moisturizer,South,Marketplace,UPI,1,596.73,0.05,596.73,169.29,2025-02
ORD101045,2025-12-07,CUST1752,Home & Kitchen,Non-Stick Pan,South,Mobile App,UPI,1,1223.37,0.15,1223.37,173.45,2025-12
ORD101046,2025-07-14,CUST1011,Home & Kitchen,Mixer Grinder,South,Website,Cash on Delivery,1,3373.04,0.05,3373.04,617.76,2025-07
ORD101047,2025-07-13,CUST1530,Books,Machine Learning Basics,Central,Mobile App,Credit Card,1,907.44,0.0,907.44,253.62,2025-07
ORD101048,2025-09-04,CUST1849,Home & Kitchen,Electric Kettle,East,Website,Debit Card,4,1468.7,0.15,5874.8,957.67,2025-09
ORD101049,2025-05-17,CUST1789,Beauty,Moisturizer,West,Website,UPI,4,627.35,0.1,2509.4,823.11,2025-05
ORD101050,2025-11-22,CUST1627,Electronics,USB-C Hub,East,Mobile App,UPI,1,1317.54,0.05,1317.54,220.3,2025-11
ORD101051,2025-05-07,CUST1191,Fashion,Casual Shirt,East,Marketplace,Debit Card,2,1140.77,0.1,2281.54,517.24,2025-05
ORD101052,2025-12-08,CUST1178,Books,Business Management,North,Website,Net Banking,5,458.29,0.05,2291.4500000000003,549.8,2025-12
ORD101053,2025-12-07,CUST1053,Books,Machine Learning Basics,South,Marketplace,Credit Card,1,969.49,0.0,969.49,229.2,2025-12
ORD101054,2025-10-09,CUST1684,Electronics,Smart Watch,West,Mobile App,Cash on Delivery,1,3095.09,0.0,3095.09,511.49,2025-10
ORD101055,2025-04-30,CUST1105,Fashion,Running Shoes,South,Mobile App,UPI,4,2425.59,0.1,9702.36,2548.2,2025-04
ORD101056,2025-07-29,CUST1676,Fashion,Cotton T-Shirt,North,Marketplace,UPI,1,647.75,0.1,647.75,166.41,2025-07
ORD101057,2025-02-22,CUST1149,Beauty,Face Wash,South,Mobile App,UPI,1,416.61,0.0,416.61,120.95,2025-02
ORD101058,2025-10-17,CUST1420,Books,Business Management,East,Website,UPI,4,493.38,0.15,1973.52,446.38,2025-10
ORD101059,2025-09-16,CUST1994,Beauty,Shampoo,East,Mobile App,Debit Card,1,493.2,0.1,493.2,130.56,2025-09
ORD101060,2025-09-28,CUST1307,Books,Python Programming,West,Mobile App,UPI,2,595.48,0.0,1190.96,236.61,2025-09
ORD101061,2025-07-26,CUST1669,Electronics,USB-C Hub,East,Mobile App,UPI,1,1396.42,0.15,1396.42,229.86,2025-07
ORD101062,2025-10-27,CUST2037,Books,Business Management,West,Website,Cash on Delivery,1,452.13,0.1,452.13,93.67,2025-10
ORD101063,2025-03-17,CUST1698,Books,Machine Learning Basics,North,Mobile App,UPI,4,875.32,0.1,3501.28,894.68,2025-03
ORD101064,2025-12-18,CUST1010,Home & Kitchen,Non-Stick Pan,South,Website,UPI,1,1235.6,0.1,1235.6,259.62,2025-12
ORD101065,2025-10-26,CUST1172,Electronics,Power Bank,South,Website,Debit Card,2,928.54,0.0,1857.08,277.48,2025-10
ORD101066,2025-12-09,CUST1783,Electronics,Power Bank,West,Website,Credit Card,1,1090.73,0.0,1090.73,185.18,2025-12
ORD101067,2025-11-28,CUST2034,Home & Kitchen,Mixer Grinder,South,Mobile App,UPI,1,3489.08,0.0,3489.08,740.31,2025-11
ORD101068,2025-09-03,CUST2032,Home & Kitchen,Storage Container Set,East,Website,Debit Card,1,867.61,0.0,867.61,190.17,2025-09
ORD101069,2025-07-17,CUST1047,Home & Kitchen,Mixer Grinder,West,Mobile App,Net Banking,2,3733.0,0.05,7466.0,1448.29,2025-07
ORD101070,2025-03-27,CUST1850,Home & Kitchen,Electric Kettle,Central,Marketplace,Debit Card,1,1563.7,0.1,1563.7,260.41,2025-03
ORD101071,2025-05-31,CUST1365,Electronics,USB-C Hub,East,Website,UPI,1,1205.87,0.15,1205.87,155.19,2025-05
ORD101072,2025-09-19,CUST1156,Home & Kitchen,Air Fryer,South,Mobile App,Cash on Delivery,1,4900.46,0.15,4900.46,845.73,2025-09
ORD101073,2025-12-23,CUST1214,Home & Kitchen,Electric Kettle,South,Mobile App,UPI,1,1649.4,0.15,1649.4,263.86,2025-12
ORD101074,2025-09-10,CUST1038,Fashion,Cotton T-Shirt,East,Marketplace,UPI,1,688.64,0.0,688.64,193.83,2025-09
ORD101075,2025-09-06,CUST1904,Home & Kitchen,Mixer Grinder,Central,Website,Net Banking,5,3837.06,0.1,19185.3,2617.32,2025-09
ORD101076,2025-06-04,CUST2101,Fashion,Casual Shirt,Central,Marketplace,UPI,1,1253.37,0.2,1253.37,306.2,2025-06
ORD101077,2025-10-18,CUST1207,Electronics,Bluetooth Speaker,West,Marketplace,Debit Card,2,1858.13,0.05,3716.26,548.46,2025-10
ORD101078,2025-10-15,CUST1154,Home & Kitchen,Air Fryer,South,Marketplace,UPI,2,5391.52,0.1,10783.04,2200.59,2025-10
ORD101079,2025-05-15,CUST2089,Home & Kitchen,Air Fryer,South,Website,UPI,2,4816.98,0.1,9633.96,1729.01,2025-05
ORD101080,2025-02-18,CUST1988,Fashion,Denim Jeans,Central,Marketplace,Debit Card,2,1433.75,0.05,2867.5,744.05,2025-02
ORD101081,2025-12-13,CUST2105,Home & Kitchen,Electric Kettle,South,Marketplace,UPI,1,1707.19,0.15,1707.19,259.66,2025-12
ORD101082,2025-09-16,CUST2102,Beauty,Face Wash,East,Website,Debit Card,4,384.14,0.1,1536.56,455.49,2025-09
ORD101083,2025-06-04,CUST1778,Books,Python Programming,West,Website,Net Banking,1,606.88,0.05,606.88,148.22,2025-06
ORD101084,2025-11-06,CUST1677,Home & Kitchen,Mixer Grinder,North,Website,Cash on Delivery,1,3455.56,0.15,3455.56,568.8,2025-11
ORD101085,2025-11-10,CUST1234,Home & Kitchen,Air Fryer,South,Website,UPI,3,4632.46,0.0,13897.380000000001,2826.93,2025-11
ORD101086,2025-04-27,CUST1241,Beauty,Sunscreen,South,Website,Credit Card,2,687.77,0.25,1375.54,336.05,2025-04
ORD101087,2025-04-26,CUST1082,Electronics,Power Bank,West,Website,UPI,1,1082.42,0.1,1082.42,150.38,2025-04
ORD101088,2025-09-11,CUST1671,Home & Kitchen,Air Fryer,South,Website,UPI,2,4848.8,0.05,9697.6,2226.41,2025-09
ORD101089,2025-04-19,CUST1552,Fashion,Backpack,North,Marketplace,Credit Card,1,1436.53,0.0,1436.53,369.41,2025-04
ORD101090,2025-09-11,CUST1329,Books,Business Management,North,Website,UPI,3,508.01,0.0,1524.03,416.17,2025-09
ORD101091,2025-09-25,CUST1259,Home & Kitchen,Mixer Grinder,Central,Website,Cash on Delivery,2,3210.59,0.15,6421.18,1336.8,2025-09
ORD101092,2025-09-08,CUST1324,Fashion,Denim Jeans,Central,Mobile App,UPI,1,1527.35,0.1,1527.35,437.48,2025-09
ORD101093,2025-02-06,CUST1731,Fashion,Backpack,East,Website,Cash on Delivery,1,1487.84,0.1,1487.84,400.85,2025-02
ORD101094,2025-10-12,CUST1842,Fashion,Casual Shirt,North,Website,Cash on Delivery,3,1178.53,0.0,3535.59,989.3,2025-10
ORD101095,2025-07-11,CUST2113,Electronics,USB-C Hub,North,Website,Cash on Delivery,1,1291.16,0.1,1291.16,191.1,2025-07
ORD101096,2025-04-26,CUST1963,Beauty,Perfume,West,Marketplace,Credit Card,2,1224.27,0.2,2448.54,571.82,2025-04
ORD101097,2025-10-19,CUST1220,Beauty,Shampoo,Central,Mobile App,UPI,1,547.7,0.15,547.7,137.71,2025-10
ORD101098,2025-11-05,CUST2181,Home & Kitchen,Non-Stick Pan,North,Website,Net Banking,1,1318.12,0.2,1318.12,215.88,2025-11
ORD101099,2025-12-29,CUST1655,Fashion,Running Shoes,West,Marketplace,UPI,4,2294.27,0.0,9177.08,2997.91,2025-12
ORD101100,2025-07-02,CUST2026,Electronics,Wireless Headphones,South,Marketplace,Credit Card,1,2500.39,0.1,2500.39,337.99,2025-07
ORD101101,2025-10-28,CUST1528,Beauty,Shampoo,South,Mobile App,UPI,1,529.33,0.15,529.33,142.34,2025-10
ORD101102,2025-06-21,CUST1582,Home & Kitchen,Air Fryer,Central,Website,Credit Card,3,5054.5,0.15,15163.5,2789.62,2025-06
ORD101103,2025-11-23,CUST1970,Books,Machine Learning Basics,South,Mobile App,Credit Card,2,907.41,0.15,1814.82,362.63,2025-11
ORD101104,2025-04-30,CUST1423,Home & Kitchen,Storage Container Set,North,Marketplace,Debit Card,4,907.67,0.25,3630.68,408.31,2025-04
ORD101105,2025-05-27,CUST1221,Fashion,Backpack,South,Website,UPI,3,1489.0,0.0,4467.0,1219.99,2025-05
ORD101106,2025-03-26,CUST2082,Electronics,Bluetooth Speaker,North,Website,UPI,1,1797.37,0.0,1797.37,337.8,2025-03
ORD101107,2025-01-30,CUST2114,Beauty,Sunscreen,Central,Mobile App,Debit Card,1,761.62,0.1,761.62,218.58,2025-01
ORD101108,2025-12-31,CUST1150,Home & Kitchen,Storage Container Set,North,Marketplace,Debit Card,3,931.13,0.1,2793.39,380.69,2025-12
ORD101109,2025-04-17,CUST1379,Home & Kitchen,Electric Kettle,South,Mobile App,Cash on Delivery,1,1507.88,0.1,1507.88,308.91,2025-04
ORD101110,2025-07-09,CUST1867,Fashion,Casual Shirt,South,Mobile App,UPI,1,1087.11,0.05,1087.11,279.42,2025-07
ORD101111,2025-01-16,CUST2042,Beauty,Face Wash,South,Website,UPI,1,363.08,0.0,363.08,96.77,2025-01
ORD101112,2025-12-03,CUST1897,Beauty,Perfume,East,Marketplace,UPI,3,1349.5,0.15,4048.5,1084.28,2025-12
ORD101113,2025-03-20,CUST1464,Home & Kitchen,Electric Kettle,South,Mobile App,Credit Card,1,1444.39,0.15,1444.39,277.85,2025-03
ORD101114,2025-08-24,CUST1671,Electronics,Wireless Headphones,Central,Marketplace,Cash on Delivery,5,2434.96,0.05,12174.8,1317.68,2025-08
ORD101115,2025-09-14,CUST1185,Electronics,USB-C Hub,North,Website,Credit Card,1,1318.3,0.15,1318.3,154.07,2025-09
ORD101116,2025-12-17,CUST1009,Electronics,Smart Watch,West,Website,Net Banking,2,3321.5,0.0,6643.0,994.22,2025-12
ORD101117,2025-11-28,CUST1794,Electronics,USB-C Hub,West,Website,UPI,2,1254.53,0.1,2509.06,391.59,2025-11
ORD101118,2025-06-12,CUST1113,Fashion,Running Shoes,South,Website,UPI,1,2515.19,0.1,2515.19,539.25,2025-06
ORD101119,2025-11-27,CUST1717,Fashion,Running Shoes,North,Mobile App,UPI,2,2101.19,0.05,4202.38,1356.22,2025-11
ORD101120,2025-11-19,CUST1596,Fashion,Backpack,South,Website,Cash on Delivery,1,1292.98,0.2,1292.98,326.96,2025-11
ORD101121,2025-06-30,CUST1725,Electronics,Smart Watch,Central,Marketplace,Net Banking,2,3052.93,0.0,6105.86,834.5,2025-06
ORD101122,2025-07-30,CUST1934,Home & Kitchen,Non-Stick Pan,East,Marketplace,UPI,2,1354.61,0.05,2709.22,558.09,2025-07
ORD101123,2025-09-02,CUST1455,Electronics,Bluetooth Speaker,North,Mobile App,Net Banking,1,1938.18,0.15,1938.18,260.43,2025-09
ORD101124,2025-08-25,CUST1171,Books,Data Analytics Guide,East,Mobile App,Credit Card,2,778.1,0.0,1556.2,369.49,2025-08
ORD101125,2025-08-27,CUST1650,Fashion,Denim Jeans,Central,Website,UPI,1,1352.17,0.0,1352.17,352.92,2025-08
ORD101126,2025-08-17,CUST2132,Home & Kitchen,Storage Container Set,North,Mobile App,Debit Card,2,937.63,0.15,1875.26,290.5,2025-08
ORD101127,2025-10-27,CUST1928,Electronics,Wireless Headphones,East,Mobile App,UPI,3,2251.92,0.25,6755.76,794.8,2025-10
ORD101128,2025-04-03,CUST1260,Home & Kitchen,Mixer Grinder,Central,Mobile App,UPI,1,3343.52,0.1,3343.52,501.23,2025-04
ORD101129,2025-07-02,CUST1834,Electronics,USB-C Hub,Central,Mobile App,UPI,4,1247.09,0.15,4988.36,863.75,2025-07
ORD101130,2025-04-22,CUST2111,Beauty,Shampoo,Central,Marketplace,UPI,1,492.03,0.1,492.03,119.88,2025-04
ORD101131,2025-11-23,CUST1519,Home & Kitchen,Electric Kettle,Central,Mobile App,UPI,3,1586.79,0.25,4760.37,758.46,2025-11
ORD101132,2025-06-25,CUST1575,Electronics,Bluetooth Speaker,East,Marketplace,Net Banking,2,1938.15,0.15,3876.3,585.15,2025-06
ORD101133,2025-03-11,CUST1376,Home & Kitchen,Storage Container Set,North,Marketplace,UPI,2,910.41,0.0,1820.82,265.78,2025-03
ORD101134,2025-08-04,CUST1610,Beauty,Perfume,Central,Mobile App,Cash on Delivery,2,1425.96,0.1,2851.92,852.32,2025-08
ORD101135,2025-07-05,CUST1169,Home & Kitchen,Storage Container Set,West,Website,Credit Card,1,815.08,0.05,815.08,141.7,2025-07
ORD101136,2025-04-16,CUST1704,Electronics,Wireless Headphones,North,Mobile App,UPI,1,2370.97,0.05,2370.97,336.55,2025-04
ORD101137,2025-08-17,CUST1781,Home & Kitchen,Air Fryer,Central,Website,Debit Card,1,5059.7,0.15,5059.7,975.48,2025-08
ORD101138,2025-10-29,CUST1204,Beauty,Shampoo,Central,Mobile App,upi,2,471.81,0.0,943.62,331.73,2025-10
ORD101139,2025-09-11,CUST1957,Books,Data Analytics Guide,Central,Website,Cash on Delivery,1,691.3,0.0,691.3,146.23,2025-09
ORD101140,2025-11-07,CUST1035,Home & Kitchen,Electric Kettle,North,Mobile App,UPI,1,1542.56,0.2,1542.56,259.19,2025-11
ORD101141,2025-11-28,CUST1288,Electronics,Smart Watch,East,Website,Net Banking,1,3491.81,0.05,3491.81,527.86,2025-11
ORD101142,2025-04-27,CUST1470,Books,Python Programming,South,Mobile App,UPI,1,571.74,0.1,571.74,116.97,2025-04
ORD101143,2025-03-07,CUST1460,Electronics,Power Bank,East,Website,UPI,3,1068.2,0.15,3204.6000000000004,436.85,2025-03
ORD101144,2025-08-28,CUST1216,Fashion,Casual Shirt,North,Website,UPI,2,1187.73,0.2,2375.46,561.56,2025-08
ORD101145,2025-06-06,CUST2109,Fashion,Cotton T-Shirt,North,Mobile App,UPI,2,651.21,0.2,1302.42,313.28,2025-06
ORD101146,2025-09-16,CUST1969,Electronics,Smart Watch,West,Marketplace,UPI,1,3227.56,0.1,3227.56,457.21,2025-09
ORD101147,2025-01-30,CUST1921,Electronics,Bluetooth Speaker,West,Mobile App,UPI,1,1970.85,0.0,1970.85,296.53,2025-01
ORD101148,2025-09-01,CUST1607,Home & Kitchen,Electric Kettle,East,Website,Cash on Delivery,2,1735.86,0.1,3471.72,682.72,2025-09
ORD101149,2025-05-07,CUST1885,Beauty,Moisturizer,Central,Website,Credit Card,3,564.34,0.1,1693.02,542.2,2025-05
ORD101150,2025-06-08,CUST1161,Fashion,Denim Jeans,North,Marketplace,UPI,2,1483.38,0.05,2966.76,658.12,2025-06
ORD101151,2025-02-08,CUST1939,Electronics,Smart Watch,East,Website,Debit Card,1,3530.65,0.1,3530.65,549.89,2025-02
ORD101152,2025-10-23,CUST1835,Beauty,Face Wash,South,Mobile App,Credit Card,5,423.62,0.0,2118.1,612.16,2025-10
ORD101153,2025-02-20,CUST1210,Home & Kitchen,Non-Stick Pan,North,Marketplace,UPI,1,1201.28,0.1,1201.28,266.18,2025-02
ORD101154,2025-11-14,CUST1754,Home & Kitchen,Air Fryer,North,Mobile App,UPI,1,5419.39,0.15,5419.39,1035.39,2025-11
ORD101155,2025-05-29,CUST1117,Fashion,Cotton T-Shirt,South,Website,Debit Card,1,658.6,0.0,658.6,198.72,2025-05
ORD101156,2025-07-16,CUST1025,Fashion,Casual Shirt,East,Marketplace,Debit Card,1,1282.71,0.1,1282.71,281.7,2025-07
ORD101157,2025-10-19,CUST1574,Fashion,Backpack,North,Website,Cash on Delivery,1,1267.21,0.0,1267.21,411.87,2025-10
ORD101158,2025-10-28,CUST2144,Books,Machine Learning Basics,East,Website,Net Banking,1,956.55,0.25,956.55,167.48,2025-10
ORD101159,2025-11-14,CUST1997,Books,Business Management,East,Mobile App,Credit Card,1,508.48,0.25,508.48,100.64,2025-11
ORD101160,2025-02-07,CUST2003,Fashion,Running Shoes,East,Mobile App,Debit Card,1,2175.86,0.2,2175.86,477.54,2025-02
ORD101161,2025-05-11,CUST1069,Electronics,Smart Watch,North,Website,UPI,1,3356.64,0.1,3356.64,431.47,2025-05
ORD101162,2025-09-03,CUST1283,Electronics,Wireless Headphones,North,Website,Credit Card,1,2710.56,0.0,2710.56,477.63,2025-09
ORD101163,2025-06-13,CUST1272,Beauty,Moisturizer,Central,Website,UPI,2,587.38,0.2,1174.76,318.23,2025-06
ORD101164,2025-02-24,CUST1567,Electronics,Wireless Headphones,North,Website,UPI,2,2589.53,0.0,5179.06,748.04,2025-02
ORD101165,2025-04-29,CUST1692,Books,Business Management,North,Website,Credit Card,2,492.75,0.15,985.5,213.83,2025-04
ORD101166,2025-11-24,CUST1960,Electronics,Wireless Headphones,Central,Website,UPI,1,2731.61,0.2,2731.61,384.71,2025-11
ORD101167,2025-01-07,CUST1954,Fashion,Cotton T-Shirt,East,Mobile App,Net Banking,1,721.18,0.25,721.18,161.37,2025-01
ORD101168,2025-02-07,CUST1702,Fashion,Denim Jeans,North,Mobile App,UPI,1,1552.33,0.1,1552.33,423.65,2025-02
ORD101169,2025-04-25,CUST1100,Home & Kitchen,Mixer Grinder,Central,Website,Credit Card,1,3383.87,0.0,3383.87,532.86,2025-04
ORD101170,2025-01-16,CUST1793,Books,Fiction Novel,North,Website,UPI,1,438.26,0.0,438.26,113.66,2025-01
ORD101171,2025-06-07,CUST1801,Electronics,Wireless Headphones,West,Mobile App,Net Banking,1,2636.96,0.1,2636.96,347.33,2025-06
ORD101172,2025-04-03,CUST1321,Books,Fiction Novel,South,Website,Debit Card,1,393.95,0.15,393.95,73.23,2025-04
ORD101173,2025-06-10,CUST1071,Electronics,Bluetooth Speaker,North,Mobile App,Credit Card,1,1953.72,0.15,1953.72,223.06,2025-06
ORD101174,2025-09-17,CUST1158,Fashion,Casual Shirt,East,Marketplace,Credit Card,1,1179.3,0.05,1179.3,268.85,2025-09
ORD101175,2025-11-28,CUST1453,Fashion,Denim Jeans,East,Mobile App,UPI,1,1643.47,0.15,1643.47,293.07,2025-11
ORD101176,2025-11-20,CUST1136,Fashion,Running Shoes,South,Marketplace,Net Banking,1,2301.35,0.25,2301.35,476.48,2025-11
ORD101177,2025-01-02,CUST1278,Home & Kitchen,Storage Container Set,West,Website,Credit Card,1,842.93,0.0,842.93,167.21,2025-01
ORD101178,2025-07-01,CUST2139,Beauty,Perfume,West,Marketplace,Credit Card,1,1196.02,0.0,1196.02,396.13,2025-07
ORD101179,2025-02-28,CUST1114,Beauty,Sunscreen,North,Website,Net Banking,1,721.33,0.05,721.33,241.03,2025-02
ORD101180,2025-02-26,CUST2066,Electronics,Wireless Headphones,South,Mobile App,UPI,4,2703.15,0.05,10812.6,1323.76,2025-02
ORD101181,2025-05-07,CUST2039,Beauty,Moisturizer,South,Marketplace,UPI,1,594.67,0.15,594.67,176.65,2025-05
ORD101182,2025-12-02,CUST2017,Home & Kitchen,Air Fryer,South,Website,Debit Card,1,4895.63,0.05,4895.63,762.63,2025-12
ORD101183,2025-05-09,CUST1540,Fashion,Denim Jeans,West,Marketplace,UPI,2,1499.23,0.1,2998.46,659.49,2025-05
ORD101184,2025-07-11,CUST1012,Beauty,Sunscreen,North,Website,UPI,1,732.26,0.0,732.26,230.43,2025-07
ORD101185,2025-02-05,CUST2150,Fashion,Cotton T-Shirt,West,Website,UPI,2,686.59,0.05,1373.18,392.1,2025-02
ORD101186,2025-04-19,CUST1985,Electronics,Wireless Headphones,Central,Website,Credit Card,3,2432.36,0.25,7297.08,921.53,2025-04
ORD101187,2025-08-28,CUST1911,Home & Kitchen,Non-Stick Pan,West,Website,UPI,2,1238.56,0.1,2477.12,454.65,2025-08
ORD101188,2025-01-16,CUST1986,Home & Kitchen,Electric Kettle,West,Mobile App,Cash on Delivery,1,1602.52,0.0,1602.52,359.63,2025-01
ORD101189,2025-11-11,CUST1020,Beauty,Moisturizer,West,Website,Credit Card,1,633.87,0.1,633.87,202.48,2025-11
ORD101190,2025-12-08,CUST1455,Home & Kitchen,Air Fryer,South,Website,UPI,5,5425.51,0.15,27127.550000000003,4798.5,2025-12
ORD101191,2025-09-03,CUST1961,Fashion,Running Shoes,North,Website,UPI,1,2166.65,0.0,2166.65,629.27,2025-09
ORD101192,2025-10-03,CUST1912,Fashion,Denim Jeans,East,Website,Credit Card,1,1464.1,0.0,1464.1,440.81,2025-10
ORD101193,2025-02-25,CUST1567,Electronics,Wireless Headphones,West,Marketplace,Debit Card,2,2410.75,0.1,4821.5,632.78,2025-02
ORD101194,2025-07-23,CUST2136,Fashion,Running Shoes,Central,Mobile App,UPI,2,2399.23,0.05,4798.46,1308.18,2025-07
ORD101195,2025-05-19,CUST1078,Books,Business Management,Central,Website,Net Banking,4,469.2,0.2,1876.8,377.56,2025-05
ORD101196,2025-05-13,CUST1612,Fashion,Cotton T-Shirt,Central,Mobile App,UPI,1,746.84,0.1,746.84,167.57,2025-05
ORD101197,2025-03-26,CUST1685,Electronics,Wireless Headphones,Central,Mobile App,Net Banking,1,2575.61,0.0,2575.61,357.54,2025-03
ORD101198,2025-10-15,CUST1350,Electronics,Power Bank,South,Website,Debit Card,1,984.25,0.2,984.25,117.11,2025-10
ORD101199,2025-01-11,CUST1862,Fashion,Running Shoes,East,Mobile App,UPI,2,2261.16,0.1,4522.32,1238.2,2025-01
ORD101200,2025-07-01,CUST1965,Fashion,Casual Shirt,North,Mobile App,UPI,3,1239.01,0.2,3717.0299999999997,727.22,2025-07
ORD101201,2025-09-26,CUST2179,Books,Python Programming,East,Website,UPI,1,576.35,0.1,576.35,124.38,2025-09
ORD101202,2025-07-16,CUST1526,Electronics,USB-C Hub,East,Marketplace,Debit Card,3,1404.71,0.0,4214.13,562.85,2025-07
ORD101203,2025-02-17,CUST1376,Books,Data Analytics Guide,West,Mobile App,Credit Card,1,687.54,0.1,687.54,127.05,2025-02
ORD101204,2025-05-25,CUST2166,Fashion,Running Shoes,West,Website,UPI,1,2446.45,0.1,2446.45,614.41,2025-05
ORD101205,2025-09-22,CUST1184,Electronics,Wireless Headphones,East,Website,UPI,2,2742.08,0.1,5484.16,825.3,2025-09
ORD101206,2025-12-29,CUST1084,Electronics,Wireless Headphones,West,Website,UPI,2,2288.51,0.05,4577.02,829.54,2025-12
ORD101207,2025-04-06,CUST1526,Electronics,Wireless Headphones,North,Website,Debit Card,3,2454.97,0.15,7364.91,1263.66,2025-04
ORD101208,2025-11-09,CUST2185,Electronics,Power Bank,West,Website,UPI,2,1082.33,0.05,2164.66,282.71,2025-11
ORD101209,2025-05-05,CUST1736,Beauty,Perfume,East,Website,UPI,2,1233.36,0.05,2466.72,787.64,2025-05
ORD101210,2025-06-11,CUST1128,Books,Python Programming,North,Website,UPI,1,597.07,0.0,597.07,154.87,2025-06
ORD101211,2025-05-14,CUST1239,Beauty,Perfume,North,Marketplace,Debit Card,1,1226.98,0.0,1226.98,422.5,2025-05
ORD101212,2025-09-09,CUST1249,Electronics,USB-C Hub,North,Mobile App,Debit Card,2,1228.23,0.25,2456.46,287.88,2025-09
ORD101213,2025-03-15,CUST1254,Electronics,USB-C Hub,South,Mobile App,Debit Card,1,1242.92,0.15,1242.92,176.69,2025-03
ORD101214,2025-05-22,CUST1903,Fashion,Casual Shirt,South,Website,UPI,1,1157.82,0.0,1157.82,311.17,2025-05
ORD101215,2025-02-10,CUST1069,Books,Business Management,West,Website,UPI,1,523.33,0.15,523.33,112.23,2025-02
ORD101216,2025-11-18,CUST1344,Fashion,Backpack,East,Website,Credit Card,3,1490.93,0.1,4472.79,1059.5,2025-11
ORD101217,2025-08-23,CUST2030,Beauty,Face Wash,Central,Mobile App,UPI,1,396.45,0.05,396.45,127.55,2025-08
ORD101218,2025-06-29,CUST1675,Fashion,Running Shoes,Central,Mobile App,Net Banking,1,2082.11,0.0,2082.11,591.13,2025-06
ORD101219,2025-03-10,CUST1821,Home & Kitchen,Electric Kettle,West,Website,Cash on Delivery,2,1603.49,0.05,3206.98,539.01,2025-03
ORD101220,2025-01-03,CUST1022,Home & Kitchen,Mixer Grinder,East,Website,UPI,1,3725.02,0.1,3725.02,758.96,2025-01
ORD101221,2025-09-27,CUST1827,Beauty,Perfume,East,Mobile App,Credit Card,1,1200.45,0.1,1200.45,388.01,2025-09
ORD101222,2025-05-09,CUST1397,Books,Fiction Novel,East,Website,UPI,2,398.3,0.0,796.6,181.16,2025-05
ORD101223,2025-08-04,CUST1029,Home & Kitchen,Mixer Grinder,East,Mobile App,Credit Card,1,3636.35,0.0,3636.35,767.69,2025-08
ORD101224,2025-07-14,CUST1292,Home & Kitchen,Electric Kettle,Central,Marketplace,UPI,1,1565.93,0.1,1565.93,297.15,2025-07
ORD101225,2025-06-21,CUST2006,Electronics,Bluetooth Speaker,South,Website,Net Banking,1,1817.36,0.0,1817.36,320.15,2025-06
ORD101226,2025-04-05,CUST1556,Fashion,Denim Jeans,West,Mobile App,Cash on Delivery,1,1401.13,0.05,1401.13,378.22,2025-04
ORD101227,2025-09-02,CUST1897,Home & Kitchen,Air Fryer,Central,Mobile App,Credit Card,1,5021.95,0.05,5021.95,980.23,2025-09
ORD101228,2025-03-04,CUST1991,Fashion,Casual Shirt,East,Website,Debit Card,1,1289.37,0.1,1289.37,367.34,2025-03
ORD101229,2025-10-04,CUST1031,Books,Fiction Novel,East,Mobile App,Cash on Delivery,4,400.6,0.05,1602.4,438.39,2025-10
ORD101230,2025-07-31,CUST2100,Home & Kitchen,Electric Kettle,North,Mobile App,UPI,4,1607.62,0.1,6430.48,1174.37,2025-07
ORD101231,2025-01-09,CUST1450,Beauty,Moisturizer,East,Website,Credit Card,3,634.31,0.25,1902.9299999999998,451.14,2025-01
ORD101232,2025-06-27,CUST1577,Home & Kitchen,Non-Stick Pan,West,Website,UPI,5,1266.54,0.0,6332.7,1220.95,2025-06
ORD101233,2025-11-16,CUST1712,Home & Kitchen,Electric Kettle,West,Mobile App,Cash on Delivery,3,1715.36,0.1,5146.08,1075.83,2025-11
ORD101234,2025-05-27,CUST1619,Books,Data Analytics Guide,Central,Marketplace,UPI,2,710.64,0.15,1421.28,311.29,2025-05
ORD101235,2025-06-23,CUST2143,Home & Kitchen,Electric Kettle,West,Website,Debit Card,1,1635.21,0.05,1635.21,337.53,2025-06
ORD101236,2025-08-08,CUST1460,Beauty,Sunscreen,North,Mobile App,UPI,2,638.18,0.1,1276.36,314.15,2025-08
ORD101237,2025-08-18,CUST1533,Electronics,Smart Watch,West,Website,Credit Card,2,3111.57,0.2,6223.14,782.59,2025-08
ORD101238,2025-04-22,CUST1693,Beauty,Face Wash,Central,Website,UPI,3,386.43,0.25,1159.29,260.04,2025-04
ORD101239,2025-08-12,CUST1502,Electronics,Smart Watch,North,Mobile App,UPI,5,3551.96,0.2,17759.8,2390.24,2025-08
ORD101240,2025-09-28,CUST1313,Home & Kitchen,Electric Kettle,West,Website,Cash on Delivery,1,1459.97,0.1,1459.97,232.61,2025-09
ORD101241,2025-07-27,CUST1754,Fashion,Casual Shirt,East,Marketplace,UPI,4,1303.29,0.0,5213.16,1809.24,2025-07
ORD101242,2025-06-25,CUST1392,Electronics,Bluetooth Speaker,North,Mobile App,Debit Card,3,1913.96,0.1,5741.88,741.5,2025-06
ORD101243,2025-01-31,CUST1107,Beauty,Perfume,West,Mobile App,UPI,1,1252.61,0.15,1252.61,351.15,2025-01
ORD101244,2025-05-09,CUST1256,Electronics,Bluetooth Speaker,North,Website,UPI,1,1710.76,0.05,1710.76,196.55,2025-05
ORD101245,2025-11-16,CUST1392,Beauty,Perfume,Central,Marketplace,UPI,1,1333.93,0.15,1333.93,416.9,2025-11
ORD101246,2025-03-08,CUST1950,Books,Data Analytics Guide,South,Website,Debit Card,2,696.65,0.2,1393.3,251.42,2025-03
ORD101247,2025-08-21,CUST1474,Home & Kitchen,Air Fryer,Central,Mobile App,Debit Card,3,4774.77,0.15,14324.310000000001,2162.85,2025-08
ORD101248,2025-08-29,CUST1856,Fashion,Running Shoes,South,Mobile App,Cash on Delivery,2,2192.67,0.1,4385.34,1043.96,2025-08
ORD101249,2025-12-12,CUST1348,Fashion,Denim Jeans,Central,Website,UPI,1,1556.77,0.05,1556.77,372.54,2025-12
ORD101250,2025-04-01,CUST1956,Books,Python Programming,East,Marketplace,Cash on Delivery,1,569.41,0.25,569.41,101.18,2025-04
ORD101251,2025-02-01,CUST1129,Electronics,Power Bank,East,Marketplace,Cash on Delivery,1,940.02,0.05,940.02,156.67,2025-02
ORD101252,2025-05-18,CUST2166,Electronics,Power Bank,West,Mobile App,Debit Card,1,916.64,0.1,916.64,118.11,2025-05
ORD101253,2025-07-26,CUST2170,Books,Data Analytics Guide,West,Website,Debit Card,2,810.63,0.1,1621.26,325.75,2025-07
ORD101254,2025-04-17,CUST1621,Electronics,Bluetooth Speaker,Central,Website,Credit Card,1,1854.34,0.25,1854.34,206.91,2025-04
ORD101255,2025-11-20,CUST1172,Electronics,USB-C Hub,Central,Website,UPI,2,1414.44,0.1,2828.88,468.5,2025-11
ORD101256,2025-11-20,CUST1441,Electronics,Smart Watch,East,Website,UPI,1,3051.24,0.2,3051.24,438.86,2025-11
ORD101257,2025-05-21,CUST1115,Electronics,Bluetooth Speaker,Central,Marketplace,UPI,3,1640.15,0.1,4920.450000000001,922.09,2025-05
ORD101258,2025-07-25,CUST1318,Beauty,Perfume,North,Website,UPI,2,1312.89,0.25,2625.78,666.76,2025-07
ORD101259,2025-07-22,CUST1841,Fashion,Backpack,West,Marketplace,UPI,1,1377.07,0.05,1377.07,365.09,2025-07
ORD101260,2025-04-23,CUST1756,Home & Kitchen,Electric Kettle,North,Mobile App,UPI,1,1676.58,0.05,1676.58,328.97,2025-04
ORD101261,2025-09-25,CUST2162,Fashion,Casual Shirt,South,Mobile App,UPI,1,1284.21,0.15,1284.21,293.86,2025-09
ORD101262,2025-01-10,CUST1138,Fashion,Denim Jeans,South,Marketplace,Credit Card,2,1557.83,0.05,3115.66,794.81,2025-01
ORD101263,2025-10-25,CUST1962,Electronics,USB-C Hub,North,Website,Credit Card,2,1234.18,0.05,2468.36,393.79,2025-10
ORD101264,2025-07-08,CUST1979,Fashion,Cotton T-Shirt,North,Website,UPI,2,765.42,0.25,1530.84,352.38,2025-07
ORD101265,2025-12-18,CUST1747,Home & Kitchen,Storage Container Set,South,Website,UPI,1,913.52,0.1,913.52,155.6,2025-12
ORD101266,2025-11-03,CUST1226,Electronics,Bluetooth Speaker,North,Website,UPI,1,1686.17,0.15,1686.17,289.43,2025-11
ORD101267,2025-10-30,CUST1088,Beauty,Sunscreen,South,Marketplace,Cash on Delivery,2,763.14,0.2,1526.28,375.55,2025-10
ORD101268,2025-05-01,CUST1346,Fashion,Running Shoes,West,Website,Credit Card,1,2461.78,0.15,2461.78,536.04,2025-05
ORD101269,2025-08-06,CUST1206,Books,Fiction Novel,South,Mobile App,Cash on Delivery,1,382.36,0.05,382.36,81.66,2025-08
ORD101270,2025-03-27,CUST1113,Home & Kitchen,Electric Kettle,Central,Website,UPI,1,1604.37,0.0,1604.37,324.28,2025-03
ORD101271,2025-03-26,CUST2089,Beauty,Moisturizer,South,Website,UPI,1,541.5,0.0,541.5,188.69,2025-03
ORD101272,2025-03-30,CUST1730,Fashion,Backpack,Central,Website,UPI,2,1450.31,0.05,2900.62,828.24,2025-03
ORD101273,2025-04-16,CUST2005,Fashion,Casual Shirt,Central,Mobile App,Net Banking,1,1157.32,0.25,1157.32,230.82,2025-04
ORD101274,2025-06-17,CUST1008,Home & Kitchen,Electric Kettle,West,Mobile App,Credit Card,1,1518.32,0.05,1518.32,254.35,2025-06
ORD101275,2025-11-04,CUST1783,Fashion,Cotton T-Shirt,North,Mobile App,UPI,1,699.24,0.2,699.24,165.11,2025-11
ORD101276,2025-01-28,CUST1002,Beauty,Sunscreen,West,Website,Debit Card,1,665.09,0.05,665.09,195.96,2025-01
ORD101277,2025-01-15,CUST1913,Electronics,Bluetooth Speaker,South,Marketplace,Cash on Delivery,3,1790.54,0.2,5371.62,603.68,2025-01
ORD101278,2025-01-17,CUST1443,Home & Kitchen,Electric Kettle,Central,Mobile App,UPI,1,1673.58,0.1,1673.58,384.52,2025-01
ORD101279,2025-03-17,CUST1393,Fashion,Backpack,South,Mobile App,UPI,2,1361.5,0.05,2723.0,769.68,2025-03
ORD101280,2025-11-17,CUST1250,Beauty,Shampoo,West,Website,Debit Card,5,514.85,0.05,2574.25,787.83,2025-11
ORD101281,2025-11-05,CUST1262,Books,Machine Learning Basics,Central,Mobile App,UPI,1,980.18,0.1,980.18,235.55,2025-11
ORD101282,2025-11-21,CUST2090,Books,Data Analytics Guide,East,Mobile App,Net Banking,1,720.87,0.05,720.87,187.99,2025-11
ORD101283,2025-03-18,CUST1917,Beauty,Perfume,Central,Website,Cash on Delivery,1,1222.35,0.15,1222.35,296.35,2025-03
ORD101284,2025-07-29,CUST1958,Home & Kitchen,Electric Kettle,Central,Marketplace,Credit Card,1,1685.06,0.05,1685.06,331.48,2025-07
ORD101285,2025-04-13,CUST1672,Beauty,Shampoo,West,Website,Credit Card,3,508.6,0.2,1525.8000000000002,381.61,2025-04
ORD101286,2025-08-14,CUST1652,Electronics,Smart Watch,West,Website,Credit Card,2,3181.48,0.05,6362.96,782.98,2025-08
ORD101287,2025-06-05,CUST2106,Electronics,Power Bank,South,Marketplace,Debit Card,5,976.78,0.05,4883.9,581.82,2025-06
ORD101288,2025-09-12,CUST1063,Electronics,Bluetooth Speaker,East,Website,Credit Card,3,1827.65,0.0,5482.950000000001,879.47,2025-09
ORD101289,2025-05-14,CUST1911,Books,Fiction Novel,East,Website,Debit Card,2,414.05,0.2,828.1,164.14,2025-05
ORD101290,2025-09-11,CUST1283,Electronics,USB-C Hub,West,Website,Credit Card,2,1313.11,0.1,2626.22,352.44,2025-09
ORD101291,2025-01-19,CUST1538,Fashion,Casual Shirt,West,Website,Credit Card,1,1117.85,0.0,1117.85,283.16,2025-01
ORD101292,2025-08-16,CUST1576,Home & Kitchen,Electric Kettle,West,Website,Cash on Delivery,2,1663.35,0.0,3326.7,667.43,2025-08
ORD101293,2025-04-21,CUST1506,Home & Kitchen,Mixer Grinder,North,Website,UPI,1,3360.97,0.1,3360.97,552.81,2025-04
ORD101294,2025-03-28,CUST1897,Books,Python Programming,East,Marketplace,UPI,1,620.39,0.1,620.39,120.49,2025-03
ORD101295,2025-12-31,CUST2180,Electronics,USB-C Hub,South,Website,UPI,3,1225.33,0.15,3675.99,403.0,2025-12
ORD101296,2025-09-20,CUST1184,Fashion,Denim Jeans,West,Marketplace,Credit Card,1,1593.15,0.25,1593.15,322.6,2025-09
ORD101297,2025-05-10,CUST1764,Beauty,Sunscreen,West,Website,UPI,1,720.47,0.1,720.47,193.5,2025-05
ORD101298,2025-10-24,CUST1752,Electronics,Bluetooth Speaker,East,Website,Cash on Delivery,5,1748.24,0.05,8741.2,1370.05,2025-10
ORD101299,2025-05-12,CUST2117,Beauty,Shampoo,East,Website,Debit Card,4,536.84,0.1,2147.36,681.91,2025-05
ORD101300,2025-08-25,CUST1287,Fashion,Cotton T-Shirt,Central,Mobile App,UPI,3,656.91,0.15,1970.73,379.92,2025-08
ORD101301,2025-06-26,CUST1021,Home & Kitchen,Storage Container Set,West,Website,UPI,2,987.13,0.25,1974.26,343.91,2025-06
ORD101302,2025-11-14,CUST1730,Electronics,Bluetooth Speaker,West,Marketplace,UPI,3,1835.76,0.1,5507.28,809.44,2025-11
ORD101303,2025-12-29,CUST2157,Electronics,Power Bank,East,Mobile App,Credit Card,4,1079.47,0.1,4317.88,786.91,2025-12
ORD101304,2025-08-24,CUST1019,Fashion,Casual Shirt,South,Mobile App,Cash on Delivery,1,1123.53,0.05,1123.53,315.96,2025-08
ORD101305,2025-06-06,CUST1826,Electronics,Power Bank,East,Marketplace,UPI,1,1010.98,0.1,1010.98,143.95,2025-06
ORD101306,2025-11-25,CUST1520,Electronics,USB-C Hub,Central,Website,UPI,2,1291.53,0.2,2583.06,343.26,2025-11
ORD101307,2025-04-25,CUST1666,Electronics,Wireless Headphones,South,Marketplace,Net Banking,3,2556.73,0.0,7670.1900000000005,1121.28,2025-04
ORD101308,2025-03-29,CUST1925,Books,Data Analytics Guide,South,Marketplace,Credit Card,1,716.79,0.05,716.79,172.83,2025-03
ORD101309,2025-05-23,CUST1820,Home & Kitchen,Electric Kettle,East,Mobile App,Debit Card,1,1597.7,0.15,1597.7,233.89,2025-05
ORD101310,2025-04-14,CUST1158,Fashion,Denim Jeans,East,Website,Net Banking,2,1423.13,0.25,2846.26,512.48,2025-04
ORD101311,2025-12-22,CUST1100,Electronics,Wireless Headphones,Central,Marketplace,Cash on Delivery,1,2407.54,0.0,2407.54,367.92,2025-12
ORD101312,2025-06-12,CUST1593,Beauty,Face Wash,South,Website,Cash on Delivery,1,384.49,0.25,384.49,99.7,2025-06
ORD101313,2025-09-20,CUST1166,Beauty,Moisturizer,West,Website,Net Banking,2,633.17,0.1,1266.34,376.91,2025-09
ORD101314,2025-09-14,CUST1043,Electronics,Smart Watch,South,Website,Cash on Delivery,1,3151.8,0.05,3151.8,492.24,2025-09
ORD101315,2025-05-25,CUST1345,Electronics,Smart Watch,South,Mobile App,UPI,1,3275.66,0.0,3275.66,467.99,2025-05
ORD101316,2025-06-27,CUST1746,Fashion,Backpack,East,Marketplace,Net Banking,2,1367.86,0.1,2735.72,687.66,2025-06
ORD101317,2025-04-13,CUST1497,Books,Python Programming,North,Website,Debit Card,1,622.63,0.0,622.63,142.26,2025-04
ORD101318,2025-04-22,CUST1527,Beauty,Moisturizer,West,Website,UPI,3,651.48,0.25,1954.44,431.09,2025-04
ORD101319,2025-05-06,CUST1762,Beauty,Moisturizer,Central,Website,UPI,3,646.28,0.0,1938.84,618.98,2025-05
ORD101320,2025-10-14,CUST1186,Electronics,Smart Watch,West,Website,UPI,1,3248.96,0.15,3248.96,478.08,2025-10
ORD101321,2025-07-06,CUST1366,Books,Machine Learning Basics,East,Website,Credit Card,1,984.18,0.05,984.18,200.17,2025-07
ORD101322,2025-10-25,CUST1473,Home & Kitchen,Mixer Grinder,East,Website,UPI,2,3540.49,0.15,7080.98,1286.54,2025-10
ORD101323,2025-11-23,CUST1165,Books,Python Programming,East,Marketplace,UPI,1,542.16,0.15,542.16,117.73,2025-11
ORD101324,2025-10-02,CUST1427,Home & Kitchen,Mixer Grinder,Central,Website,UPI,1,3347.06,0.1,3347.06,583.83,2025-10
ORD101325,2025-04-14,CUST1143,Books,Fiction Novel,Central,Mobile App,Cash on Delivery,2,360.24,0.2,720.48,142.54,2025-04
ORD101326,2025-08-02,CUST1956,Home & Kitchen,Storage Container Set,East,Mobile App,Debit Card,1,972.22,0.05,972.22,178.31,2025-08
ORD101327,2025-12-13,CUST1025,Electronics,Power Bank,West,Mobile App,Debit Card,2,928.6,0.1,1857.2,200.63,2025-12
ORD101328,2025-07-06,CUST1216,Fashion,Denim Jeans,Central,Mobile App,Credit Card,4,1385.94,0.05,5543.76,1423.63,2025-07
ORD101329,2025-08-15,CUST2001,Fashion,Cotton T-Shirt,Central,Mobile App,UPI,1,748.79,0.05,748.79,215.97,2025-08
ORD101330,2025-04-23,CUST1143,Home & Kitchen,Storage Container Set,South,Mobile App,Credit Card,1,840.23,0.0,840.23,172.15,2025-04
ORD101331,2025-11-18,CUST1806,Books,Fiction Novel,North,Mobile App,UPI,1,418.52,0.0,418.52,92.49,2025-11
ORD101332,2025-08-17,CUST1274,Fashion,Cotton T-Shirt,Central,Website,Credit Card,1,757.33,0.15,757.33,189.94,2025-08
ORD101333,2025-07-19,CUST1417,Fashion,Cotton T-Shirt,North,Mobile App,UPI,3,727.37,0.0,2182.11,630.22,2025-07
ORD101334,2025-01-12,CUST1160,Home & Kitchen,Air Fryer,North,Website,Debit Card,2,5432.42,0.0,10864.84,2002.55,2025-01
ORD101335,2025-08-21,CUST1922,Beauty,Perfume,South,Mobile App,UPI,2,1222.17,0.1,2444.34,724.05,2025-08
ORD101336,2025-01-31,CUST1985,Electronics,Bluetooth Speaker,East,Marketplace,UPI,1,1656.38,0.15,1656.38,233.89,2025-01
ORD101337,2025-07-11,CUST1010,Fashion,Backpack,West,Marketplace,Credit Card,1,1425.09,0.0,1425.09,432.58,2025-07
ORD101338,2025-09-03,CUST1087,Home & Kitchen,Electric Kettle,Central,Mobile App,Cash on Delivery,1,1691.87,0.2,1691.87,258.48,2025-09
ORD101339,2025-03-10,CUST1133,Books,Data Analytics Guide,Central,Mobile App,Credit Card,1,789.82,0.05,789.82,193.37,2025-03
ORD101340,2025-06-10,CUST1746,Fashion,Denim Jeans,East,Mobile App,UPI,2,1353.79,0.0,2707.58,735.18,2025-06
ORD101341,2025-04-11,CUST2121,Electronics,Wireless Headphones,North,Website,Credit Card,2,2633.13,0.05,5266.26,882.84,2025-04
ORD101342,2025-01-20,CUST1535,Books,Python Programming,Central,Website,Debit Card,1,579.57,0.0,579.57,108.68,2025-01
ORD101343,2025-12-11,CUST1017,Home & Kitchen,Storage Container Set,South,Marketplace,UPI,2,844.99,0.0,1689.98,280.45,2025-12
ORD101344,2025-03-29,CUST1449,Books,Business Management,Central,Website,UPI,1,524.49,0.2,524.49,130.47,2025-03
ORD101345,2025-01-30,CUST1577,Books,Data Analytics Guide,East,Website,UPI,3,723.57,0.05,2170.71,594.15,2025-01
ORD101346,2025-04-02,CUST1512,Fashion,Backpack,North,Website,Cash on Delivery,2,1289.65,0.0,2579.3,633.94,2025-04
ORD101347,2025-08-28,CUST1258,Beauty,Sunscreen,West,Website,UPI,2,727.23,0.25,1454.46,294.59,2025-08
ORD101348,2025-05-29,CUST1811,Beauty,Perfume,West,Website,UPI,1,1335.75,0.0,1335.75,381.26,2025-05
ORD101349,2025-04-22,CUST1803,Books,Business Management,Central,Mobile App,UPI,2,456.23,0.1,912.46,199.79,2025-04
ORD101350,2025-07-28,CUST1278,Books,Data Analytics Guide,North,Website,UPI,1,706.5,0.1,706.5,155.11,2025-07
ORD101351,2025-05-14,CUST1708,Beauty,Perfume,South,Mobile App,UPI,1,1251.01,0.0,1251.01,420.83,2025-05
ORD101352,2025-10-14,CUST1211,Fashion,Casual Shirt,North,Website,UPI,1,1312.4,0.1,1312.4,384.04,2025-10
ORD101353,2025-03-22,CUST1322,Beauty,Moisturizer,East,Marketplace,UPI,3,644.59,0.1,1933.77,541.19,2025-03
ORD101354,2025-02-07,CUST1243,Home & Kitchen,Storage Container Set,North,Marketplace,Net Banking,1,955.71,0.2,955.71,156.33,2025-02
ORD101355,2025-10-13,CUST2162,Home & Kitchen,Storage Container Set,West,Mobile App,Cash on Delivery,1,855.47,0.0,855.47,187.31,2025-10
ORD101356,2025-02-05,CUST2195,Home & Kitchen,Mixer Grinder,East,Website,Debit Card,1,3239.07,0.1,3239.07,555.82,2025-02
ORD101357,2025-05-31,CUST1511,Fashion,Cotton T-Shirt,South,Website,UPI,2,708.09,0.1,1416.18,365.68,2025-05
ORD101358,2025-12-29,CUST1940,Home & Kitchen,Air Fryer,East,Website,UPI,4,4522.9,0.0,18091.6,3800.3,2025-12
ORD101359,2025-02-24,CUST2187,Electronics,Smart Watch,East,Marketplace,Credit Card,2,3535.05,0.1,7070.1,1201.9,2025-02
ORD101360,2025-10-14,CUST1155,Beauty,Face Wash,Central,Marketplace,Cash on Delivery,1,366.89,0.0,366.89,114.61,2025-10
ORD101361,2025-06-25,CUST1774,Books,Machine Learning Basics,West,Website,UPI,1,900.76,0.0,900.76,228.87,2025-06
ORD101362,2025-09-07,CUST1227,Home & Kitchen,Storage Container Set,South,Mobile App,Net Banking,2,885.58,0.25,1771.16,269.95,2025-09
ORD101363,2025-12-09,CUST1240,Beauty,Shampoo,East,Mobile App,Debit Card,1,543.89,0.0,543.89,172.26,2025-12
ORD101364,2025-06-03,CUST2145,Electronics,Smart Watch,West,Website,UPI,4,3009.2,0.2,12036.8,1347.21,2025-06
ORD101365,2025-04-25,CUST1001,Home & Kitchen,Mixer Grinder,North,Mobile App,Credit Card,2,3503.37,0.1,7006.74,1125.56,2025-04
ORD101366,2025-05-31,CUST1950,Beauty,Face Wash,South,Website,UPI,5,415.27,0.15,2076.35,601.22,2025-05
ORD101367,2025-12-08,CUST1642,Electronics,Wireless Headphones,Central,Mobile App,UPI,1,2499.62,0.15,2499.62,362.58,2025-12
ORD101368,2025-03-14,CUST1560,Electronics,Bluetooth Speaker,South,Website,Debit Card,3,1863.21,0.15,5589.63,643.74,2025-03
ORD101369,2025-06-30,CUST2188,Beauty,Shampoo,East,Marketplace,UPI,4,520.35,0.0,2081.4,727.82,2025-06
ORD101370,2025-05-01,CUST1451,Books,Data Analytics Guide,North,Website,Credit Card,1,693.92,0.0,693.92,165.36,2025-05
ORD101371,2025-10-17,CUST1164,Books,Machine Learning Basics,Central,Website,UPI,5,954.32,0.15,4771.6,1100.17,2025-10
ORD101372,2025-11-02,CUST1204,Fashion,Casual Shirt,Central,Website,UPI,1,1271.18,0.05,1271.18,390.38,2025-11
ORD101373,2025-08-11,CUST1636,Beauty,Face Wash,Central,Mobile App,Net Banking,2,427.46,0.0,854.92,279.43,2025-08
ORD101374,2025-03-07,CUST1779,Beauty,Perfume,East,Website,UPI,2,1409.22,0.15,2818.44,765.37,2025-03
ORD101375,2025-10-24,CUST1003,Books,Fiction Novel,East,Marketplace,Credit Card,1,425.3,0.15,425.3,94.96,2025-10
ORD101376,2025-02-21,CUST1112,Electronics,USB-C Hub,West,Mobile App,UPI,2,1305.93,0.2,2611.86,391.8,2025-02
ORD101377,2025-01-28,CUST1238,Books,Data Analytics Guide,West,Website,Debit Card,3,753.43,0.0,2260.29,571.4,2025-01
ORD101378,2025-05-30,CUST2162,Home & Kitchen,Storage Container Set,North,Website,UPI,2,941.09,0.1,1882.18,319.45,2025-05
ORD101379,2025-03-18,CUST1624,Fashion,Denim Jeans,South,Marketplace,UPI,1,1579.76,0.15,1579.76,377.88,2025-03
ORD101380,2025-08-30,CUST1665,Books,Python Programming,West,Website,Credit Card,1,625.3,0.1,625.3,132.84,2025-08
ORD101381,2025-02-01,CUST1177,Electronics,Bluetooth Speaker,Central,Mobile App,UPI,1,1763.07,0.2,1763.07,335.1,2025-02
ORD101382,2025-03-23,CUST1982,Books,Machine Learning Basics,South,Website,Net Banking,1,844.17,0.0,844.17,206.05,2025-03
ORD101383,2025-03-01,CUST1771,Books,Fiction Novel,South,Website,Net Banking,3,409.05,0.2,1227.15,236.56,2025-03
ORD101384,2025-06-29,CUST1867,Electronics,USB-C Hub,Central,Website,UPI,1,1190.02,0.1,1190.02,175.03,2025-06
ORD101385,2025-06-07,CUST1484,Books,Fiction Novel,South,Marketplace,UPI,1,428.53,0.15,428.53,84.05,2025-06
ORD101387,2025-09-18,CUST1628,Beauty,Face Wash,Central,Mobile App,Cash on Delivery,1,389.29,0.2,389.29,95.51,2025-09
ORD101388,2025-01-13,CUST2116,Books,Python Programming,East,Mobile App,Credit Card,1,580.76,0.05,580.76,132.0,2025-01
ORD101389,2025-10-30,CUST2022,Books,Python Programming,South,Website,Credit Card,2,609.55,0.05,1219.1,250.11,2025-10
ORD101390,2025-03-04,CUST1460,Fashion,Casual Shirt,South,Mobile App,Credit Card,1,1109.42,0.15,1109.42,292.26,2025-03
ORD101391,2025-08-14,CUST1210,Fashion,Cotton T-Shirt,West,Mobile App,UPI,1,747.74,0.15,747.74,151.45,2025-08
ORD101392,2025-08-27,CUST1476,Home & Kitchen,Mixer Grinder,North,Website,UPI,1,3807.9,0.1,3807.9,780.38,2025-08
ORD101393,2025-11-09,CUST2158,Fashion,Casual Shirt,South,Marketplace,Credit Card,2,1316.6,0.2,2633.2,584.82,2025-11
ORD101394,2025-11-17,CUST1093,Books,Machine Learning Basics,East,Website,Net Banking,2,927.38,0.0,1854.76,437.59,2025-11
ORD101395,2025-09-05,CUST1368,Electronics,Wireless Headphones,South,Marketplace,Debit Card,2,2675.39,0.15,5350.78,755.53,2025-09
ORD101396,2025-11-24,CUST1464,Beauty,Shampoo,Central,Marketplace,UPI,1,451.15,0.25,451.15,127.7,2025-11
ORD101397,2025-10-21,CUST1860,Home & Kitchen,Non-Stick Pan,Central,Website,Credit Card,1,1253.66,0.0,1253.66,209.41,2025-10
ORD101398,2025-09-02,CUST1703,Home & Kitchen,Electric Kettle,South,Website,Cash on Delivery,1,1517.5,0.15,1517.5,293.03,2025-09
ORD101399,2025-07-20,CUST2174,Books,Fiction Novel,West,Mobile App,Net Banking,3,408.17,0.15,1224.51,221.75,2025-07
ORD101400,2025-05-17,CUST1321,Fashion,Running Shoes,East,Website,Credit Card,2,2291.76,0.1,4583.52,1180.1,2025-05
ORD101401,2025-08-22,CUST1540,Electronics,Bluetooth Speaker,West,Website,Net Banking,1,1692.0,0.2,1692.0,205.36,2025-08
ORD101402,2025-10-22,CUST1986,Electronics,Power Bank,East,Website,Debit Card,1,1051.96,0.05,1051.96,169.75,2025-10
ORD101403,2025-05-13,CUST1356,Electronics,Smart Watch,South,Marketplace,UPI,1,3414.88,0.15,3414.88,543.58,2025-05
ORD101404,2025-03-03,CUST1410,Fashion,Cotton T-Shirt,West,Website,Credit Card,2,756.91,0.1,1513.82,369.84,2025-03
ORD101405,2025-04-08,CUST1773,Electronics,Smart Watch,Central,Website,UPI,2,3381.36,0.25,6762.72,720.24,2025-04
ORD101406,2025-01-23,CUST1930,Home & Kitchen,Storage Container Set,East,Marketplace,Cash on Delivery,1,934.7,0.0,934.7,184.55,2025-01
ORD101407,2025-10-01,CUST1878,Electronics,Power Bank,South,Marketplace,Credit Card,2,929.28,0.05,1858.56,287.35,2025-10
ORD101408,2025-05-06,CUST1808,Beauty,Moisturizer,East,Website,Credit Card,1,641.56,0.2,641.56,182.46,2025-05
ORD101409,2025-11-29,CUST2199,Books,Business Management,North,Marketplace,UPI,1,526.13,0.1,526.13,136.12,2025-11
ORD101410,2025-04-05,CUST1877,Home & Kitchen,Storage Container Set,South,Website,Net Banking,5,900.36,0.1,4501.8,884.74,2025-04
ORD101411,2025-01-17,CUST1315,Books,Data Analytics Guide,West,Marketplace,Cash on Delivery,1,775.91,0.25,775.91,152.53,2025-01
ORD101412,2025-11-28,CUST1854,Books,Python Programming,Central,Mobile App,UPI,1,555.05,0.05,555.05,145.08,2025-11
ORD101413,2025-01-21,CUST1299,Books,Business Management,North,Website,Credit Card,1,520.4,0.05,520.4,125.78,2025-01
ORD101414,2025-05-26,CUST1984,Beauty,Face Wash,Central,Website,Debit Card,1,408.33,0.15,408.33,99.36,2025-05
ORD101415,2025-02-19,CUST1883,Electronics,USB-C Hub,West,Mobile App,Net Banking,1,1202.16,0.0,1202.16,184.0,2025-02
ORD101416,2025-11-08,CUST1376,Beauty,Perfume,South,Marketplace,UPI,1,1271.32,0.0,1271.32,424.17,2025-11
ORD101417,2025-03-16,CUST1351,Books,Data Analytics Guide,South,Mobile App,Credit Card,2,795.5,0.1,1591.0,337.51,2025-03
ORD101418,2025-08-13,CUST1310,Books,Python Programming,Central,Website,Cash on Delivery,2,568.62,0.05,1137.24,317.7,2025-08
ORD101419,2025-01-05,CUST1657,Fashion,Casual Shirt,Central,Mobile App,Credit Card,2,1247.71,0.05,2495.42,664.11,2025-01
ORD101420,2025-01-10,CUST1748,Books,Business Management,South,Mobile App,UPI,1,480.84,0.0,480.84,132.03,2025-01
ORD101421,2025-01-20,CUST1511,Beauty,Face Wash,South,Mobile App,UPI,1,389.77,0.15,389.77,110.4,2025-01
ORD101422,2025-10-09,CUST1220,Beauty,Face Wash,West,Marketplace,Cash on Delivery,1,364.98,0.2,364.98,103.33,2025-10
ORD101423,2025-01-18,CUST2117,Beauty,Perfume,West,Website,UPI,1,1294.26,0.2,1294.26,316.88,2025-01
ORD101424,2025-07-15,CUST2182,Electronics,Smart Watch,Central,Website,UPI,2,2988.41,0.05,5976.82,762.12,2025-07
ORD101425,2025-11-13,CUST1185,Fashion,Denim Jeans,Central,Mobile App,Credit Card,2,1466.66,0.0,2933.32,777.38,2025-11
ORD101426,2025-03-16,CUST1669,Fashion,Running Shoes,North,Marketplace,Credit Card,1,2499.38,0.1,2499.38,699.32,2025-03
ORD101427,2025-11-07,CUST1576,Books,Business Management,North,Marketplace,Debit Card,4,526.28,0.15,2105.12,505.62,2025-11
ORD101428,2025-07-24,CUST1164,Books,Python Programming,North,Website,Debit Card,1,591.95,0.1,591.95,124.33,2025-07
ORD101429,2025-09-28,CUST1988,Home & Kitchen,Storage Container Set,North,Website,Credit Card,1,955.02,0.15,955.02,166.93,2025-09
ORD101430,2025-04-21,CUST1064,Books,Python Programming,South,Marketplace,Debit Card,1,611.32,0.25,611.32,96.31,2025-04
ORD101431,2025-03-17,CUST1329,Books,Fiction Novel,East,Mobile App,Debit Card,2,418.24,0.05,836.48,225.12,2025-03
ORD101432,2025-01-01,CUST1678,Books,Python Programming,Central,Mobile App,UPI,1,604.87,0.0,604.87,141.51,2025-01
ORD101433,2025-03-28,CUST2102,Electronics,Bluetooth Speaker,East,Website,Debit Card,1,1798.88,0.15,1798.88,213.38,2025-03
ORD101434,2025-05-23,CUST1740,Books,Python Programming,North,Mobile App,Net Banking,1,559.64,0.25,559.64,106.22,2025-05
ORD101435,2025-09-19,CUST1436,Fashion,Cotton T-Shirt,North,Website,Debit Card,2,667.18,0.15,1334.36,319.6,2025-09
ORD101436,2025-08-07,CUST1196,Fashion,Casual Shirt,South,Mobile App,Net Banking,4,1176.47,0.15,4705.88,1109.12,2025-08
ORD101437,2025-08-05,CUST1375,Home & Kitchen,Mixer Grinder,West,Mobile App,UPI,3,3830.21,0.05,11490.630000000001,2342.69,2025-08
ORD101438,2025-07-18,CUST1514,Books,Machine Learning Basics,North,Website,UPI,1,814.82,0.1,814.82,165.71,2025-07
ORD101439,2025-07-15,CUST1796,Home & Kitchen,Storage Container Set,Central,Mobile App,UPI,1,827.08,0.15,827.08,142.07,2025-07
ORD101440,2025-02-10,CUST1767,Books,Machine Learning Basics,North,Mobile App,Credit Card,1,971.2,0.0,971.2,234.71,2025-02
ORD101441,2025-01-18,CUST1056,Electronics,USB-C Hub,East,Website,Debit Card,1,1313.21,0.0,1313.21,279.27,2025-01
ORD101442,2025-09-13,CUST1301,Fashion,Casual Shirt,North,Website,Net Banking,1,1213.16,0.1,1213.16,262.3,2025-09
ORD101443,2025-07-28,CUST1835,Electronics,Power Bank,West,Website,UPI,1,982.84,0.1,982.84,150.9,2025-07
ORD101444,2025-08-01,CUST1333,Beauty,Perfume,South,Website,Credit Card,3,1197.59,0.05,3592.7699999999995,1044.14,2025-08
ORD101445,2025-12-19,CUST2160,Fashion,Cotton T-Shirt,South,Website,Debit Card,2,762.04,0.0,1524.08,464.83,2025-12
ORD101446,2025-09-15,CUST1482,Electronics,Power Bank,Central,Marketplace,Debit Card,1,962.39,0.2,962.39,140.0,2025-09
ORD101447,2025-02-06,CUST1169,Home & Kitchen,Air Fryer,South,Marketplace,UPI,2,4725.81,0.0,9451.62,1851.76,2025-02
ORD101448,2025-12-31,CUST1136,Fashion,Cotton T-Shirt,Central,Website,UPI,1,689.37,0.25,689.37,137.42,2025-12
ORD101449,2025-06-13,CUST1324,Fashion,Casual Shirt,South,Mobile App,UPI,1,1126.1,0.1,1126.1,269.75,2025-06
ORD101450,2025-05-15,CUST1954,Home & Kitchen,Non-Stick Pan,North,Website,UPI,2,1212.28,0.05,2424.56,488.24,2025-05
ORD101451,2025-10-05,CUST2135,Electronics,Bluetooth Speaker,Central,Mobile App,Cash on Delivery,1,1817.63,0.25,1817.63,211.61,2025-10
ORD101452,2025-03-09,CUST1359,Fashion,Backpack,East,Website,Credit Card,1,1411.02,0.1,1411.02,343.61,2025-03
ORD101453,2025-06-03,CUST1565,Home & Kitchen,Mixer Grinder,South,Website,UPI,5,3273.49,0.1,16367.449999999999,3193.11,2025-06
ORD101454,2025-03-31,CUST1140,Home & Kitchen,Storage Container Set,West,Website,Cash on Delivery,2,882.08,0.25,1764.16,252.41,2025-03
ORD101455,2025-10-16,CUST1527,Electronics,Smart Watch,Central,Marketplace,UPI,1,3315.55,0.1,3315.55,580.74,2025-10
ORD101456,2025-08-13,CUST1605,Beauty,Shampoo,Central,Marketplace,Debit Card,1,500.7,0.0,500.7,155.11,2025-08
ORD101457,2025-12-02,CUST1063,Home & Kitchen,Electric Kettle,North,Website,UPI,3,1644.33,0.1,4932.99,917.8,2025-12
ORD101458,2025-08-02,CUST1079,Fashion,Running Shoes,East,Mobile App,UPI,3,2257.33,0.05,6771.99,1996.08,2025-08
ORD101459,2025-04-17,CUST1395,Fashion,Running Shoes,North,Mobile App,Debit Card,1,2233.14,0.0,2233.14,672.86,2025-04
ORD101460,2025-01-04,CUST1947,Beauty,Face Wash,South,Website,Net Banking,5,386.91,0.15,1934.5500000000002,463.95,2025-01
ORD101461,2025-08-28,CUST1048,Books,Fiction Novel,South,Website,Cash on Delivery,2,390.39,0.25,780.78,123.65,2025-08
ORD101462,2025-03-30,CUST1673,Beauty,Sunscreen,East,Mobile App,Net Banking,1,669.5,0.15,669.5,180.38,2025-03
ORD101463,2025-05-20,CUST1681,Beauty,Face Wash,South,Mobile App,UPI,1,429.71,0.25,429.71,103.42,2025-05
ORD101464,2025-05-17,CUST1912,Books,Python Programming,North,Website,UPI,4,594.94,0.05,2379.76,543.79,2025-05
ORD101465,2025-04-13,CUST1042,Home & Kitchen,Electric Kettle,East,Mobile App,Credit Card,1,1526.3,0.0,1526.3,335.42,2025-04
ORD101466,2025-02-07,CUST2121,Electronics,Power Bank,West,Marketplace,Credit Card,1,1033.2,0.25,1033.2,134.07,2025-02
ORD101467,2025-11-21,CUST1691,Home & Kitchen,Non-Stick Pan,North,Website,Credit Card,1,1344.14,0.1,1344.14,269.32,2025-11
ORD101468,2025-11-19,CUST1233,Beauty,Perfume,North,Website,UPI,1,1339.56,0.15,1339.56,337.5,2025-11
ORD101469,2025-02-02,CUST1696,Books,Business Management,Central,Website,Net Banking,3,531.85,0.15,1595.5500000000002,335.88,2025-02
ORD101470,2025-06-04,CUST1289,Books,Fiction Novel,South,Marketplace,UPI,1,390.94,0.15,390.94,80.2,2025-06
ORD101471,2025-05-15,CUST1202,Books,Python Programming,Central,Mobile App,UPI,1,641.56,0.0,641.56,125.78,2025-05
ORD101472,2025-02-19,CUST1112,Electronics,Smart Watch,South,Mobile App,Debit Card,1,3233.41,0.1,3233.41,500.64,2025-02
ORD101473,2025-03-22,CUST1067,Home & Kitchen,Non-Stick Pan,Central,Mobile App,Credit Card,2,1211.63,0.0,2423.26,523.64,2025-03
ORD101474,2025-11-04,CUST1174,Electronics,Smart Watch,West,Mobile App,Net Banking,1,3431.39,0.0,3431.39,570.99,2025-11
ORD101475,2025-09-23,CUST1168,Electronics,Bluetooth Speaker,North,Mobile App,UPI,1,1731.15,0.1,1731.15,285.02,2025-09
ORD101476,2025-01-04,CUST1788,Books,Data Analytics Guide,West,Mobile App,UPI,3,677.37,0.15,2032.1100000000001,347.41,2025-01
ORD101477,2025-06-14,CUST1692,Books,Python Programming,Central,Mobile App,Debit Card,3,615.6,0.2,1846.8000000000002,419.84,2025-06
ORD101478,2025-11-11,CUST1525,Electronics,Wireless Headphones,North,Mobile App,UPI,1,2616.93,0.1,2616.93,420.24,2025-11
ORD101479,2025-03-13,CUST1755,Home & Kitchen,Mixer Grinder,East,Mobile App,UPI,1,3154.12,0.0,3154.12,666.47,2025-03
ORD101480,2025-09-12,CUST1685,Fashion,Running Shoes,Central,Website,Cash on Delivery,2,2280.51,0.0,4561.02,1048.4,2025-09
ORD101481,2025-01-23,CUST1574,Electronics,Smart Watch,East,Website,UPI,2,3553.72,0.05,7107.44,873.4,2025-01
ORD101482,2025-06-05,CUST2032,Beauty,Face Wash,South,Website,Credit Card,2,361.87,0.15,723.74,207.23,2025-06
ORD101483,2025-11-05,CUST1412,Fashion,Cotton T-Shirt,South,Mobile App,Credit Card,3,728.08,0.0,2184.2400000000002,616.01,2025-11
ORD101484,2025-10-19,CUST1389,Fashion,Running Shoes,South,Website,UPI,3,2278.93,0.0,6836.789999999999,1933.6,2025-10
ORD101485,2025-08-20,CUST1186,Electronics,USB-C Hub,Central,Mobile App,Cash on Delivery,2,1265.58,0.2,2531.16,375.33,2025-08
ORD101486,2025-07-02,CUST1391,Home & Kitchen,Non-Stick Pan,West,Website,UPI,3,1407.78,0.2,4223.34,744.97,2025-07
ORD101487,2025-03-02,CUST1166,Fashion,Cotton T-Shirt,Central,Website,Debit Card,1,661.71,0.1,661.71,153.49,2025-03
ORD101488,2025-08-07,CUST1658,Books,Machine Learning Basics,South,Marketplace,Credit Card,1,927.8,0.15,927.8,188.11,2025-08
ORD101489,2025-02-13,CUST1910,Fashion,Backpack,North,Website,Debit Card,1,1339.92,0.0,1339.92,344.99,2025-02
ORD101490,2025-01-02,CUST1734,Home & Kitchen,Air Fryer,East,Marketplace,Credit Card,1,5341.9,0.15,5341.9,880.91,2025-01
ORD101491,2025-02-26,CUST1498,Beauty,Moisturizer,North,Marketplace,Cash on Delivery,1,633.01,0.15,633.01,179.6,2025-02
ORD101492,2025-07-05,CUST1946,Fashion,Casual Shirt,East,Mobile App,Credit Card,2,1318.88,0.1,2637.76,777.29,2025-07
ORD101493,2025-02-23,CUST1037,Home & Kitchen,Air Fryer,East,Mobile App,Credit Card,1,5123.78,0.1,5123.78,1022.8,2025-02
ORD101494,2025-10-11,CUST1496,Electronics,USB-C Hub,West,Marketplace,UPI,2,1212.11,0.05,2424.22,351.0,2025-10
ORD101495,2025-04-21,CUST1850,Home & Kitchen,Air Fryer,East,Website,Cash on Delivery,3,5319.56,0.0,15958.68,3493.57,2025-04
ORD101496,2025-02-25,CUST1084,Beauty,Face Wash,South,Mobile App,Credit Card,1,383.13,0.0,383.13,115.65,2025-02
ORD101497,2025-11-18,CUST1266,Books,Machine Learning Basics,Central,Website,UPI,2,844.66,0.15,1689.32,385.9,2025-11
ORD101498,2025-11-11,CUST2091,Fashion,Casual Shirt,North,Mobile App,Credit Card,2,1261.7,0.15,2523.4,510.12,2025-11
ORD101499,2025-01-27,CUST1054,Beauty,Moisturizer,North,Mobile App,Debit Card,2,549.07,0.05,1098.14,364.57,2025-01
ORD101500,2025-09-19,CUST1531,Electronics,Bluetooth Speaker,East,Mobile App,Cash on Delivery,1,1695.04,0.1,1695.04,246.68,2025-09
ORD101501,2025-01-20,CUST2118,Electronics,Power Bank,East,Mobile App,UPI,3,1018.16,0.1,3054.48,445.88,2025-01
ORD101502,2025-10-29,CUST1932,Books,Python Programming,South,Website,UPI,1,629.6,0.1,629.6,137.88,2025-10
ORD101503,2025-12-17,CUST1062,Home & Kitchen,Electric Kettle,South,Mobile App,Debit Card,2,1555.23,0.05,3110.46,533.75,2025-12
ORD101504,2025-03-20,CUST1433,Fashion,Backpack,North,Website,Debit Card,1,1493.24,0.1,1493.24,417.05,2025-03
ORD101505,2025-03-21,CUST1017,Fashion,Casual Shirt,South,Mobile App,UPI,3,1279.79,0.1,3839.37,918.8,2025-03
ORD101506,2025-02-23,CUST1823,Electronics,Smart Watch,South,Website,UPI,2,3460.45,0.1,6920.9,943.14,2025-02
ORD101507,2025-08-28,CUST1455,Books,Python Programming,North,Website,Debit Card,1,567.0,0.1,567.0,127.82,2025-08
ORD101508,2025-09-21,CUST1258,Home & Kitchen,Air Fryer,North,Website,Net Banking,1,4840.58,0.25,4840.58,789.32,2025-09
ORD101509,2025-05-25,CUST1262,Electronics,Smart Watch,East,Website,UPI,2,3543.36,0.15,7086.72,1073.84,2025-05
ORD101510,2025-10-28,CUST2135,Electronics,Wireless Headphones,West,Marketplace,Debit Card,1,2540.42,0.15,2540.42,277.85,2025-10
ORD101511,2025-02-23,CUST1599,Beauty,Face Wash,Central,Marketplace,Net Banking,1,374.44,0.0,374.44,122.71,2025-02
ORD101512,2025-11-26,CUST1833,Fashion,Backpack,Central,Website,Net Banking,1,1279.51,0.15,1279.51,315.09,2025-11
ORD101513,2025-05-05,CUST1375,Fashion,Casual Shirt,North,Mobile App,Debit Card,1,1194.98,0.15,1194.98,343.09,2025-05
ORD101514,2025-07-13,CUST2127,Beauty,Face Wash,North,Marketplace,UPI,2,403.5,0.1,807.0,217.35,2025-07
ORD101515,2025-12-30,CUST1718,Home & Kitchen,Storage Container Set,North,Mobile App,UPI,1,988.06,0.05,988.06,184.06,2025-12
ORD101516,2025-05-06,CUST2164,Beauty,Perfume,East,Marketplace,UPI,3,1257.89,0.05,3773.67,1203.95,2025-05
ORD101517,2025-05-03,CUST1669,Home & Kitchen,Non-Stick Pan,North,Mobile App,Credit Card,1,1188.15,0.05,1188.15,225.84,2025-05
ORD101518,2025-05-22,CUST1239,Electronics,Wireless Headphones,Central,Mobile App,Debit Card,4,2267.77,0.1,9071.08,1199.11,2025-05
ORD101519,2025-05-26,CUST1672,Home & Kitchen,Non-Stick Pan,Central,Marketplace,UPI,1,1187.69,0.05,1187.69,203.94,2025-05
ORD101520,2025-06-13,CUST1535,Electronics,Wireless Headphones,Central,Mobile App,Debit Card,4,2479.89,0.0,9919.56,1370.0,2025-06
ORD101521,2025-08-07,CUST1173,Electronics,Smart Watch,East,Website,Cash on Delivery,1,3248.76,0.0,3248.76,487.0,2025-08
ORD101522,2025-04-15,CUST1226,Electronics,Wireless Headphones,East,Mobile App,Debit Card,1,2735.66,0.05,2735.66,471.42,2025-04
ORD101523,2025-07-24,CUST1878,Home & Kitchen,Air Fryer,Central,Marketplace,UPI,1,4758.44,0.1,4758.44,937.78,2025-07
ORD101524,2025-10-23,CUST1068,Home & Kitchen,Mixer Grinder,South,Marketplace,Cash on Delivery,1,3811.01,0.0,3811.01,656.24,2025-10
ORD101525,2025-09-15,CUST1752,Beauty,Moisturizer,East,Website,Credit Card,2,570.88,0.1,1141.76,346.41,2025-09
ORD101526,2025-06-14,CUST2140,Home & Kitchen,Storage Container Set,North,Mobile App,Net Banking,1,974.43,0.05,974.43,136.23,2025-06
ORD101527,2025-09-16,CUST2071,Books,Python Programming,Central,Marketplace,Credit Card,2,607.05,0.05,1214.1,309.17,2025-09
ORD101528,2025-08-16,CUST1323,Books,Business Management,West,Mobile App,UPI,2,537.95,0.15,1075.9,207.27,2025-08
ORD101529,2025-03-24,CUST2070,Books,Fiction Novel,North,Website,Cash on Delivery,1,365.57,0.15,365.57,84.35,2025-03
ORD101530,2025-08-18,CUST1578,Electronics,Wireless Headphones,South,Mobile App,UPI,5,2644.95,0.25,13224.75,1482.33,2025-08
ORD101531,2025-08-27,CUST1112,Fashion,Denim Jeans,West,Mobile App,Credit Card,2,1572.68,0.05,3145.36,828.26,2025-08
ORD101532,2025-12-27,CUST1349,Home & Kitchen,Electric Kettle,West,Marketplace,UPI,2,1564.0,0.0,3128.0,707.91,2025-12
ORD101533,2025-12-26,CUST2025,Fashion,Casual Shirt,East,Website,UPI,2,1140.37,0.15,2280.74,577.64,2025-12
ORD101534,2025-08-22,CUST2050,Books,Data Analytics Guide,South,Website,Credit Card,1,728.42,0.0,728.42,176.94,2025-08
ORD101535,2025-02-17,CUST1770,Fashion,Denim Jeans,East,Marketplace,UPI,1,1376.95,0.0,1376.95,402.83,2025-02
ORD101536,2025-01-10,CUST2006,Home & Kitchen,Mixer Grinder,Central,Marketplace,Debit Card,3,3197.96,0.1,9593.880000000001,1376.7,2025-01
ORD101537,2025-06-03,CUST1732,Books,Fiction Novel,East,Marketplace,Credit Card,1,415.72,0.1,415.72,94.68,2025-06
ORD101538,2025-10-13,CUST1119,Home & Kitchen,Non-Stick Pan,North,Website,Debit Card,2,1323.49,0.1,2646.98,541.02,2025-10
ORD101539,2025-11-08,CUST2113,Home & Kitchen,Electric Kettle,West,Marketplace,Cash on Delivery,1,1489.8,0.05,1489.8,258.31,2025-11
ORD101540,2025-03-11,CUST1739,Home & Kitchen,Mixer Grinder,West,Mobile App,Credit Card,1,3730.02,0.15,3730.02,541.71,2025-03
ORD101541,2025-11-26,CUST1984,Books,Python Programming,North,Website,Credit Card,3,591.98,0.15,1775.94,277.91,2025-11
ORD101542,2025-03-05,CUST1777,Electronics,Smart Watch,North,Website,Cash on Delivery,4,3284.95,0.0,13139.8,1810.21,2025-03
ORD101543,2025-09-18,CUST2158,Books,Business Management,Central,Website,UPI,1,541.6,0.15,541.6,111.29,2025-09
ORD101544,2025-05-19,CUST1779,Fashion,Running Shoes,South,Website,Credit Card,1,2143.31,0.0,2143.31,542.38,2025-05
ORD101545,2025-08-27,CUST1983,Beauty,Perfume,West,Marketplace,UPI,1,1238.51,0.0,1238.51,405.97,2025-08
ORD101546,2025-07-20,CUST2076,Electronics,Smart Watch,Central,Website,UPI,3,3265.79,0.05,9797.369999999999,1775.87,2025-07
ORD101547,2025-05-12,CUST2026,Home & Kitchen,Mixer Grinder,East,Mobile App,Credit Card,2,3540.57,0.0,7081.14,1448.7,2025-05
ORD101548,2025-11-24,CUST1628,Electronics,Smart Watch,North,Website,Debit Card,2,3543.54,0.05,7087.08,1181.48,2025-11
ORD101549,2025-04-06,CUST1392,Home & Kitchen,Air Fryer,West,Website,Debit Card,2,4837.14,0.25,9674.28,1450.16,2025-04
ORD101550,2025-07-28,CUST1217,Electronics,Wireless Headphones,Central,Marketplace,UPI,3,2678.94,0.05,8036.82,1039.76,2025-07
ORD101551,2025-03-11,CUST1201,Books,Machine Learning Basics,West,Website,Debit Card,4,950.99,0.25,3803.96,598.35,2025-03
ORD101552,2025-12-19,CUST1005,Fashion,Running Shoes,Central,Mobile App,Credit Card,2,2299.47,0.1,4598.94,1267.57,2025-12
ORD101553,2025-07-28,CUST1594,Home & Kitchen,Mixer Grinder,North,Mobile App,UPI,3,3371.26,0.1,10113.78,1486.48,2025-07
ORD101554,2025-06-09,CUST1927,Home & Kitchen,Air Fryer,North,Mobile App,Credit Card,2,4813.59,0.1,9627.18,1374.5,2025-06
ORD101555,2025-01-13,CUST1230,Home & Kitchen,Storage Container Set,South,Website,Credit Card,1,966.57,0.15,966.57,181.45,2025-01
ORD101556,2025-03-10,CUST1870,Books,Fiction Novel,South,Mobile App,Net Banking,2,431.53,0.15,863.06,148.23,2025-03
ORD101557,2025-11-12,CUST1908,Books,Business Management,Central,Marketplace,UPI,1,450.83,0.05,450.83,112.73,2025-11
ORD101558,2025-05-05,CUST1788,Home & Kitchen,Air Fryer,North,Mobile App,Credit Card,2,4812.36,0.15,9624.72,1531.16,2025-05
ORD101559,2025-12-07,CUST2050,Home & Kitchen,Electric Kettle,East,Mobile App,UPI,1,1640.15,0.2,1640.15,262.77,2025-12
ORD101560,2025-07-13,CUST1221,Books,Data Analytics Guide,East,Website,Debit Card,4,817.73,0.15,3270.92,597.76,2025-07
ORD101561,2025-03-09,CUST2090,Books,Data Analytics Guide,Central,Website,UPI,1,757.69,0.2,757.69,154.85,2025-03
ORD101562,2025-02-21,CUST1577,Electronics,USB-C Hub,South,Mobile App,Credit Card,1,1425.13,0.1,1425.13,177.64,2025-02
ORD101563,2025-12-24,CUST1444,Books,Machine Learning Basics,North,Website,UPI,2,985.85,0.0,1971.7,403.92,2025-12
ORD101564,2025-11-06,CUST2059,Beauty,Sunscreen,West,Website,UPI,1,720.6,0.05,720.6,236.19,2025-11
ORD101565,2025-05-13,CUST1066,Home & Kitchen,Mixer Grinder,Central,Website,UPI,1,3210.88,0.0,3210.88,637.01,2025-05
ORD101566,2025-01-12,CUST2092,Fashion,Backpack,East,Website,UPI,2,1503.41,0.0,3006.82,750.75,2025-01
ORD101567,2025-11-16,CUST2198,Home & Kitchen,Storage Container Set,West,Website,UPI,1,838.29,0.0,838.29,163.87,2025-11
ORD101568,2025-02-07,CUST1698,Home & Kitchen,Air Fryer,South,Mobile App,UPI,1,4698.3,0.1,4698.3,932.95,2025-02
ORD101569,2025-05-30,CUST1031,Fashion,Cotton T-Shirt,West,Mobile App,UPI,4,736.02,0.05,2944.08,599.71,2025-05
ORD101570,2025-04-24,CUST1777,Fashion,Casual Shirt,Central,Website,UPI,3,1176.61,0.15,3529.83,838.74,2025-04
ORD101571,2025-07-21,CUST1089,Fashion,Denim Jeans,Central,Website,Cash on Delivery,2,1626.52,0.05,3253.04,829.66,2025-07
ORD101572,2025-05-10,CUST1055,Beauty,Shampoo,West,Mobile App,UPI,3,489.88,0.15,1469.6399999999999,393.37,2025-05
ORD101573,2025-08-19,CUST1869,Books,Machine Learning Basics,West,Mobile App,Net Banking,2,853.3,0.15,1706.6,381.68,2025-08
ORD101574,2025-07-06,CUST1218,Beauty,Moisturizer,West,Mobile App,UPI,1,636.81,0.0,636.81,189.79,2025-07
ORD101575,2025-10-06,CUST1341,Home & Kitchen,Electric Kettle,South,Website,UPI,1,1675.04,0.0,1675.04,272.76,2025-10
ORD101576,2025-09-07,CUST1295,Electronics,Power Bank,South,Mobile App,Net Banking,2,1033.59,0.0,2067.18,332.03,2025-09
ORD101577,2025-06-16,CUST1300,Fashion,Backpack,North,Mobile App,UPI,1,1362.35,0.1,1362.35,307.26,2025-06
ORD101578,2025-04-14,CUST1982,Fashion,Casual Shirt,North,Website,UPI,2,1141.36,0.1,2282.72,543.62,2025-04
ORD101579,2025-01-14,CUST2136,Beauty,Sunscreen,East,Marketplace,UPI,1,685.99,0.25,685.99,199.52,2025-01
ORD101580,2025-10-27,CUST1530,Fashion,Casual Shirt,East,Website,Credit Card,1,1177.26,0.1,1177.26,326.7,2025-10
ORD101581,2025-12-11,CUST1599,Home & Kitchen,Electric Kettle,Central,Website,Credit Card,2,1613.76,0.1,3227.52,599.21,2025-12
ORD101582,2025-02-20,CUST1618,Electronics,Smart Watch,North,Website,Credit Card,1,3604.94,0.2,3604.94,462.05,2025-02
ORD101583,2025-01-03,CUST1898,Electronics,Power Bank,Central,Website,UPI,2,1048.32,0.1,2096.64,415.06,2025-01
ORD101584,2025-10-24,CUST1455,Books,Python Programming,North,Mobile App,UPI,1,656.72,0.15,656.72,146.96,2025-10
ORD101585,2025-07-02,CUST1710,Beauty,Moisturizer,North,Mobile App,Cash on Delivery,1,611.61,0.0,611.61,158.09,2025-07
ORD101586,2025-04-09,CUST1981,Books,Business Management,South,Website,UPI,1,514.18,0.0,514.18,111.84,2025-04
ORD101587,2025-07-21,CUST1280,Electronics,Smart Watch,North,Website,Credit Card,1,3110.86,0.1,3110.86,406.6,2025-07
ORD101588,2025-06-03,CUST1907,Home & Kitchen,Electric Kettle,West,Website,Debit Card,1,1497.28,0.05,1497.28,265.04,2025-06
ORD101589,2025-12-22,CUST1420,Home & Kitchen,Air Fryer,East,Mobile App,UPI,3,4982.32,0.1,14946.96,3277.14,2025-12
ORD101590,2025-04-07,CUST1978,Home & Kitchen,Electric Kettle,West,Website,Net Banking,1,1565.62,0.1,1565.62,279.65,2025-04
ORD101591,2025-09-29,CUST1055,Fashion,Running Shoes,Central,Website,Credit Card,3,2295.92,0.1,6887.76,1589.19,2025-09
ORD101592,2025-02-12,CUST1227,Books,Data Analytics Guide,East,Mobile App,Net Banking,2,699.61,0.15,1399.22,286.27,2025-02
ORD101593,2025-07-23,CUST2041,Fashion,Casual Shirt,South,Marketplace,Debit Card,2,1227.38,0.05,2454.76,643.77,2025-07
ORD101594,2025-11-20,CUST2195,Fashion,Denim Jeans,West,Mobile App,UPI,1,1357.75,0.05,1357.75,407.94,2025-11
ORD101595,2025-12-28,CUST1796,Home & Kitchen,Storage Container Set,East,Mobile App,Debit Card,1,912.88,0.1,912.88,201.75,2025-12
ORD101596,2025-01-25,CUST2124,Beauty,Moisturizer,North,Mobile App,UPI,3,573.72,0.05,1721.16,520.29,2025-01
ORD101597,2025-02-17,CUST2004,Fashion,Denim Jeans,South,Marketplace,Cash on Delivery,4,1640.99,0.1,6563.96,1904.89,2025-02
ORD101598,2025-05-30,CUST1036,Books,Machine Learning Basics,South,Website,Debit Card,1,862.62,0.1,862.62,191.53,2025-05
ORD101599,2025-09-09,CUST1684,Books,Fiction Novel,Central,Website,Credit Card,3,361.67,0.0,1085.01,275.78,2025-09
ORD101600,2025-01-18,CUST1818,Electronics,USB-C Hub,South,Marketplace,UPI,2,1310.81,0.15,2621.62,437.91,2025-01
ORD101601,2025-08-18,CUST1243,Electronics,Wireless Headphones,East,Mobile App,Credit Card,2,2670.17,0.0,5340.34,780.16,2025-08
ORD101602,2025-04-21,CUST1934,Electronics,Power Bank,Central,Mobile App,Net Banking,5,929.27,0.15,4646.35,682.97,2025-04
ORD101603,2025-04-17,CUST1425,Electronics,USB-C Hub,South,Marketplace,Cash on Delivery,3,1345.72,0.1,4037.16,471.54,2025-04
ORD101604,2025-04-17,CUST1643,Electronics,Smart Watch,North,Website,Credit Card,3,3244.03,0.05,9732.09,1354.98,2025-04
ORD101605,2025-03-15,CUST1826,Fashion,Backpack,Central,Website,UPI,2,1504.82,0.25,3009.64,602.11,2025-03
ORD101606,2025-12-03,CUST1316,Electronics,Bluetooth Speaker,North,Marketplace,Credit Card,3,1813.67,0.15,5441.01,751.18,2025-12
ORD101607,2025-05-17,CUST1305,Books,Business Management,East,Website,UPI,2,543.41,0.1,1086.82,257.06,2025-05
ORD101608,2025-05-06,CUST1610,Fashion,Cotton T-Shirt,West,Website,Credit Card,1,702.84,0.0,702.84,208.41,2025-05
ORD101609,2025-05-12,CUST1201,Electronics,USB-C Hub,East,Mobile App,Debit Card,1,1404.95,0.05,1404.95,220.43,2025-05
ORD101610,2025-01-28,CUST1335,Electronics,Bluetooth Speaker,Central,Marketplace,Debit Card,2,1627.99,0.2,3255.98,436.35,2025-01
ORD101611,2025-01-14,CUST1377,Home & Kitchen,Mixer Grinder,East,Website,Net Banking,3,3161.08,0.15,9483.24,1618.14,2025-01
ORD101612,2025-08-04,CUST1561,Home & Kitchen,Mixer Grinder,East,Mobile App,UPI,1,3337.03,0.1,3337.03,605.59,2025-08
ORD101613,2025-02-27,CUST1143,Fashion,Running Shoes,North,Website,Credit Card,1,2461.33,0.1,2461.33,577.84,2025-02
ORD101614,2025-11-12,CUST1087,Beauty,Shampoo,South,Website,UPI,2,524.61,0.05,1049.22,324.63,2025-11
ORD101615,2025-12-20,CUST1305,Fashion,Running Shoes,Central,Marketplace,UPI,3,2355.64,0.05,7066.92,2095.24,2025-12
ORD101616,2025-08-15,CUST2151,Electronics,Power Bank,Central,Marketplace,UPI,1,1035.41,0.25,1035.41,159.39,2025-08
ORD101617,2025-10-18,CUST1112,Books,Business Management,East,Website,Debit Card,1,500.52,0.0,500.52,116.4,2025-10
ORD101618,2025-02-28,CUST1116,Beauty,Moisturizer,East,Website,UPI,2,621.55,0.25,1243.1,312.61,2025-02
ORD101619,2025-06-14,CUST1455,Home & Kitchen,Electric Kettle,West,Website,Cash on Delivery,1,1557.02,0.0,1557.02,393.41,2025-06
ORD101620,2025-08-21,CUST1597,Electronics,Wireless Headphones,South,Website,Debit Card,1,2684.08,0.2,2684.08,295.84,2025-08
ORD101621,2025-09-12,CUST2167,Books,Python Programming,East,Mobile App,Net Banking,3,596.67,0.1,1790.0099999999998,402.54,2025-09
ORD101622,2025-01-03,CUST1512,Beauty,Shampoo,South,Marketplace,UPI,1,523.34,0.1,523.34,140.94,2025-01
ORD101623,2025-05-04,CUST2145,Fashion,Backpack,Central,Website,UPI,1,1356.09,0.05,1356.09,350.74,2025-05
ORD101624,2025-04-24,CUST1156,Home & Kitchen,Electric Kettle,West,Mobile App,Cash on Delivery,2,1517.78,0.2,3035.56,508.1,2025-04
ORD101625,2025-01-31,CUST1949,Home & Kitchen,Electric Kettle,South,Marketplace,Debit Card,1,1699.08,0.15,1699.08,284.25,2025-01
ORD101626,2025-09-11,CUST2190,Books,Business Management,West,Mobile App,Net Banking,1,546.7,0.1,546.7,135.02,2025-09
ORD101627,2025-06-30,CUST2029,Home & Kitchen,Mixer Grinder,Central,Website,Credit Card,2,3282.15,0.05,6564.3,1283.54,2025-06
ORD101628,2025-11-06,CUST1274,Books,Python Programming,East,Website,Cash on Delivery,3,633.1,0.0,1899.3000000000002,432.48,2025-11
ORD101629,2025-04-19,CUST1182,Fashion,Denim Jeans,North,Website,Debit Card,1,1404.45,0.15,1404.45,353.84,2025-04
ORD101630,2025-08-13,CUST2113,Electronics,USB-C Hub,South,Mobile App,UPI,1,1302.45,0.0,1302.45,176.34,2025-08
ORD101631,2025-10-08,CUST1814,Electronics,Wireless Headphones,West,Website,UPI,1,2261.11,0.2,2261.11,290.76,2025-10
ORD101632,2025-11-28,CUST1989,Electronics,Wireless Headphones,East,Mobile App,Cash on Delivery,3,2612.3,0.05,7836.900000000001,1156.6,2025-11
ORD101633,2025-11-20,CUST1881,Fashion,Cotton T-Shirt,West,Marketplace,UPI,4,715.65,0.15,2862.6,752.36,2025-11
ORD101634,2025-03-28,CUST2064,Books,Business Management,South,Mobile App,Credit Card,4,479.1,0.2,1916.4,430.41,2025-03
ORD101635,2025-03-01,CUST1862,Fashion,Running Shoes,East,Website,UPI,3,2459.75,0.1,7379.25,1755.81,2025-03
ORD101636,2025-09-13,CUST1073,Electronics,Bluetooth Speaker,East,Website,UPI,2,1846.02,0.1,3692.04,513.56,2025-09
ORD101637,2025-05-15,CUST1523,Home & Kitchen,Air Fryer,West,Mobile App,Net Banking,1,5249.78,0.05,5249.78,1082.24,2025-05
ORD101638,2025-05-30,CUST2018,Home & Kitchen,Mixer Grinder,Central,Website,Net Banking,1,3806.36,0.15,3806.36,724.54,2025-05
ORD101639,2025-12-24,CUST2022,Books,Machine Learning Basics,East,Mobile App,Cash on Delivery,2,961.8,0.1,1923.6,394.47,2025-12
ORD101640,2025-08-27,CUST1590,Fashion,Casual Shirt,North,Mobile App,Debit Card,1,1278.5,0.1,1278.5,344.51,2025-08
ORD101641,2025-11-23,CUST2179,Fashion,Cotton T-Shirt,South,Website,UPI,1,653.21,0.1,653.21,182.65,2025-11
ORD101642,2025-05-27,CUST2010,Electronics,Power Bank,North,Marketplace,Cash on Delivery,2,1060.83,0.1,2121.66,274.88,2025-05
ORD101643,2025-06-26,CUST1115,Fashion,Running Shoes,East,Mobile App,UPI,1,2069.68,0.2,2069.68,423.65,2025-06
ORD101644,2025-03-19,CUST1948,Electronics,USB-C Hub,South,Marketplace,Cash on Delivery,1,1207.71,0.05,1207.71,165.86,2025-03
ORD101645,2025-10-04,CUST1257,Electronics,Bluetooth Speaker,West,Website,UPI,1,1756.36,0.0,1756.36,358.51,2025-10
ORD101646,2025-09-16,CUST1178,Home & Kitchen,Mixer Grinder,South,Marketplace,Credit Card,2,3205.31,0.15,6410.62,1485.26,2025-09
ORD101647,2025-04-16,CUST1359,Electronics,USB-C Hub,East,Mobile App,Cash on Delivery,1,1219.65,0.15,1219.65,171.91,2025-04
ORD101648,2025-01-13,CUST2067,Home & Kitchen,Storage Container Set,South,Marketplace,UPI,2,945.97,0.15,1891.94,271.7,2025-01
ORD101649,2025-03-30,CUST1503,Fashion,Cotton T-Shirt,South,Mobile App,Credit Card,1,685.06,0.15,685.06,175.46,2025-03
ORD101650,2025-04-06,CUST1203,Home & Kitchen,Electric Kettle,South,Mobile App,Net Banking,2,1502.45,0.0,3004.9,521.79,2025-04
ORD101651,2025-04-26,CUST1859,Fashion,Denim Jeans,East,Marketplace,Credit Card,1,1618.53,0.0,1618.53,471.09,2025-04
ORD101652,2025-09-22,CUST1361,Home & Kitchen,Air Fryer,North,Website,Net Banking,1,5459.77,0.15,5459.77,720.59,2025-09
ORD101653,2025-11-02,CUST2170,Home & Kitchen,Air Fryer,South,Marketplace,Credit Card,1,4994.98,0.25,4994.98,830.64,2025-11
ORD101654,2025-04-23,CUST1721,Fashion,Running Shoes,West,Website,UPI,1,2443.96,0.0,2443.96,591.42,2025-04
ORD101655,2025-01-07,CUST1519,Beauty,Sunscreen,South,Mobile App,Debit Card,1,740.36,0.0,740.36,248.56,2025-01
ORD101656,2025-07-08,CUST1235,Fashion,Running Shoes,Central,Website,Credit Card,1,2390.27,0.0,2390.27,571.93,2025-07
ORD101657,2025-05-24,CUST1869,Beauty,Face Wash,West,Website,Debit Card,1,421.84,0.05,421.84,135.21,2025-05
ORD101658,2025-04-09,CUST1837,Electronics,Smart Watch,North,Mobile App,Credit Card,1,2978.33,0.15,2978.33,498.18,2025-04
ORD101659,2025-10-20,CUST2076,Home & Kitchen,Non-Stick Pan,East,Website,Credit Card,2,1333.81,0.0,2667.62,581.27,2025-10
ORD101660,2025-08-10,CUST2105,Home & Kitchen,Air Fryer,East,Website,UPI,2,5064.46,0.05,10128.92,2143.83,2025-08
ORD101661,2025-10-17,CUST1189,Electronics,USB-C Hub,South,Website,Debit Card,2,1225.6,0.0,2451.2,321.99,2025-10
ORD101662,2025-10-03,CUST1364,Beauty,Face Wash,South,Website,Debit Card,2,387.05,0.15,774.1,225.35,2025-10
ORD101663,2025-05-10,CUST1657,Home & Kitchen,Air Fryer,East,Website,UPI,3,5377.55,0.15,16132.650000000001,2835.78,2025-05
ORD101664,2025-03-04,CUST2113,Fashion,Denim Jeans,Central,Website,Cash on Delivery,1,1577.97,0.15,1577.97,373.81,2025-03
ORD101665,2025-05-27,CUST1439,Home & Kitchen,Non-Stick Pan,Central,Website,Debit Card,2,1267.53,0.05,2535.06,414.36,2025-05
ORD101666,2025-02-07,CUST1386,Electronics,Bluetooth Speaker,North,Mobile App,UPI,3,1882.02,0.05,5646.0599999999995,881.37,2025-02
ORD101667,2025-04-06,CUST1544,Beauty,Moisturizer,East,Marketplace,Credit Card,1,642.44,0.25,642.44,163.43,2025-04
ORD101668,2025-07-27,CUST1996,Beauty,Moisturizer,North,Website,UPI,1,596.78,0.05,596.78,172.7,2025-07
ORD101669,2025-04-20,CUST1828,Fashion,Denim Jeans,East,Website,Debit Card,1,1507.25,0.2,1507.25,318.34,2025-04
ORD101670,2025-08-27,CUST2167,Electronics,USB-C Hub,Central,Website,UPI,2,1267.21,0.25,2534.42,296.53,2025-08
ORD101671,2025-06-30,CUST1515,Books,Business Management,North,Marketplace,Credit Card,1,451.28,0.05,451.28,110.74,2025-06
ORD101672,2025-09-22,CUST2064,Home & Kitchen,Mixer Grinder,West,Website,UPI,1,3466.86,0.1,3466.86,676.97,2025-09
ORD101673,2025-06-07,CUST2024,Electronics,USB-C Hub,North,Website,Cash on Delivery,1,1302.89,0.1,1302.89,173.58,2025-06
ORD101674,2025-10-24,CUST1302,Electronics,Bluetooth Speaker,Central,Website,Credit Card,2,1868.88,0.0,3737.76,825.95,2025-10
ORD101675,2025-02-15,CUST1474,Fashion,Denim Jeans,South,Website,Net Banking,1,1481.41,0.0,1481.41,403.63,2025-02
ORD101676,2025-12-17,CUST1644,Electronics,Bluetooth Speaker,North,Website,Credit Card,1,1882.29,0.25,1882.29,189.85,2025-12
ORD101677,2025-07-27,CUST2084,Books,Machine Learning Basics,Central,Website,Credit Card,3,833.98,0.2,2501.94,492.95,2025-07
ORD101678,2025-08-07,CUST1389,Electronics,Bluetooth Speaker,Central,Website,UPI,2,1644.33,0.0,3288.66,565.7,2025-08
ORD101679,2025-06-28,CUST1148,Home & Kitchen,Storage Container Set,North,Mobile App,Net Banking,4,854.35,0.05,3417.4,687.32,2025-06
ORD101680,2025-01-03,CUST2161,Books,Business Management,South,Marketplace,Cash on Delivery,2,509.18,0.1,1018.36,209.66,2025-01
ORD101681,2025-07-19,CUST1099,Electronics,Wireless Headphones,South,Website,Debit Card,1,2478.57,0.15,2478.57,343.9,2025-07
ORD101682,2025-04-22,CUST1785,Home & Kitchen,Storage Container Set,North,Marketplace,Credit Card,3,838.46,0.2,2515.38,390.26,2025-04
ORD101683,2025-01-25,CUST2096,Fashion,Cotton T-Shirt,North,Website,Net Banking,2,654.63,0.0,1309.26,381.79,2025-01
ORD101684,2025-06-12,CUST1872,Home & Kitchen,Mixer Grinder,East,Mobile App,UPI,1,3481.61,0.1,3481.61,671.18,2025-06
ORD101685,2025-03-18,CUST1966,Beauty,Sunscreen,South,Marketplace,UPI,3,662.2,0.05,1986.6000000000001,660.19,2025-03
ORD101686,2025-10-20,CUST2040,Home & Kitchen,Mixer Grinder,Central,Mobile App,Credit Card,2,3537.93,0.1,7075.86,1338.66,2025-10
ORD101687,2025-10-20,CUST2023,Fashion,Denim Jeans,Central,Website,UPI,1,1376.31,0.0,1376.31,373.26,2025-10
ORD101688,2025-12-07,CUST1711,Electronics,USB-C Hub,North,Mobile App,Net Banking,2,1259.4,0.25,2518.8,322.38,2025-12
ORD101689,2025-06-02,CUST1992,Electronics,Bluetooth Speaker,Central,Mobile App,Credit Card,5,1645.53,0.05,8227.65,1198.76,2025-06
ORD101690,2025-09-02,CUST1496,Fashion,Running Shoes,West,Mobile App,Net Banking,2,2318.74,0.15,4637.48,1132.68,2025-09
ORD101691,2025-07-29,CUST1308,Electronics,Smart Watch,West,Marketplace,Debit Card,1,3303.62,0.15,3303.62,402.44,2025-07
ORD101692,2025-07-31,CUST2178,Beauty,Moisturizer,East,Mobile App,Credit Card,1,541.22,0.2,541.22,142.45,2025-07
ORD101693,2025-04-14,CUST1431,Electronics,Bluetooth Speaker,Central,Marketplace,UPI,1,1756.21,0.15,1756.21,253.87,2025-04
ORD101694,2025-02-05,CUST1067,Electronics,Wireless Headphones,Central,Website,UPI,3,2484.17,0.1,7452.51,1061.35,2025-02
ORD101695,2025-04-02,CUST1289,Fashion,Running Shoes,Central,Website,UPI,1,2433.63,0.1,2433.63,592.83,2025-04
ORD101696,2025-05-04,CUST1694,Home & Kitchen,Mixer Grinder,West,Marketplace,Debit Card,1,3484.73,0.1,3484.73,559.77,2025-05
ORD101697,2025-08-24,CUST1828,Beauty,Moisturizer,West,Marketplace,UPI,2,640.34,0.05,1280.68,371.26,2025-08
ORD101698,2025-12-02,CUST1484,Home & Kitchen,Storage Container Set,South,Mobile App,Net Banking,1,939.43,0.1,939.43,161.15,2025-12
ORD101699,2025-03-02,CUST1303,Books,Machine Learning Basics,West,Marketplace,Debit Card,3,897.63,0.25,2692.89,481.64,2025-03
ORD101700,2025-05-03,CUST1129,Books,Python Programming,North,Website,UPI,2,579.75,0.1,1159.5,253.58,2025-05
ORD101701,2025-09-20,CUST1070,Electronics,USB-C Hub,Central,Marketplace,UPI,1,1333.17,0.05,1333.17,219.4,2025-09
ORD101702,2025-10-31,CUST1682,Electronics,Smart Watch,East,Marketplace,UPI,1,3372.09,0.05,3372.09,488.89,2025-10
ORD101703,2025-09-25,CUST1126,Electronics,Bluetooth Speaker,North,Website,UPI,2,1827.47,0.0,3654.94,628.12,2025-09
ORD101704,2025-06-18,CUST1977,Fashion,Backpack,East,Website,Debit Card,1,1434.63,0.15,1434.63,312.88,2025-06
ORD101705,2025-10-31,CUST1360,Home & Kitchen,Air Fryer,East,Mobile App,UPI,3,4672.43,0.2,14017.29,2204.54,2025-10
ORD101706,2025-07-24,CUST2100,Books,Business Management,South,Website,Credit Card,1,454.45,0.1,454.45,106.94,2025-07
ORD101707,2025-07-03,CUST2040,Books,Business Management,North,Website,Credit Card,5,474.31,0.1,2371.55,462.85,2025-07
ORD101708,2025-12-11,CUST1022,Beauty,Perfume,West,Marketplace,Debit Card,1,1428.01,0.1,1428.01,368.13,2025-12
ORD101709,2025-02-04,CUST1490,Books,Business Management,Central,Mobile App,Credit Card,1,528.16,0.0,528.16,128.92,2025-02
ORD101710,2025-09-10,CUST2189,Fashion,Denim Jeans,North,Website,UPI,1,1568.41,0.1,1568.41,377.95,2025-09
ORD101711,2025-12-01,CUST2185,Home & Kitchen,Non-Stick Pan,South,Marketplace,Credit Card,3,1253.31,0.0,3759.93,618.71,2025-12
ORD101712,2025-04-30,CUST2099,Fashion,Denim Jeans,South,Website,Credit Card,2,1533.45,0.15,3066.9,774.15,2025-04
ORD101713,2025-10-06,CUST2173,Books,Data Analytics Guide,West,Website,UPI,2,743.45,0.0,1486.9,373.57,2025-10
ORD101714,2025-02-04,CUST1793,Beauty,Shampoo,North,Website,UPI,4,460.55,0.0,1842.2,579.48,2025-02
ORD101715,2025-06-03,CUST1162,Home & Kitchen,Electric Kettle,East,Website,UPI,1,1565.59,0.2,1565.59,253.94,2025-06
ORD101716,2025-04-16,CUST1523,Fashion,Running Shoes,West,Website,UPI,4,2473.28,0.1,9893.12,2857.02,2025-04
ORD101717,2025-07-15,CUST1057,Home & Kitchen,Mixer Grinder,North,Mobile App,UPI,5,3243.4,0.25,16217.0,2806.67,2025-07
ORD101718,2025-10-27,CUST1929,Books,Data Analytics Guide,North,Mobile App,Credit Card,1,678.77,0.05,678.77,167.62,2025-10
ORD101719,2025-03-22,CUST1615,Electronics,Wireless Headphones,East,Mobile App,UPI,1,2463.94,0.0,2463.94,402.72,2025-03
ORD101720,2025-08-30,CUST1152,Fashion,Cotton T-Shirt,East,Mobile App,UPI,2,654.42,0.0,1308.84,352.03,2025-08
ORD101721,2025-10-08,CUST1349,Beauty,Face Wash,Central,Mobile App,Net Banking,1,427.04,0.15,427.04,131.74,2025-10
ORD101722,2025-02-02,CUST1392,Fashion,Backpack,South,Website,Cash on Delivery,1,1414.46,0.2,1414.46,326.49,2025-02
ORD101723,2025-09-07,CUST1721,Fashion,Casual Shirt,West,Website,UPI,5,1276.56,0.15,6382.799999999999,1566.48,2025-09
ORD101724,2025-02-24,CUST1531,Fashion,Denim Jeans,West,Mobile App,Debit Card,1,1430.89,0.25,1430.89,293.21,2025-02
ORD101725,2025-01-22,CUST1384,Books,Business Management,West,Mobile App,Credit Card,2,515.59,0.05,1031.18,285.21,2025-01
ORD101726,2025-09-07,CUST1360,Electronics,Bluetooth Speaker,East,Marketplace,UPI,1,1963.28,0.25,1963.28,175.49,2025-09
ORD101727,2025-04-03,CUST1394,Electronics,Power Bank,Central,Website,Cash on Delivery,2,995.08,0.0,1990.16,342.96,2025-04
ORD101728,2025-04-01,CUST1707,Books,Machine Learning Basics,North,Website,Net Banking,2,845.54,0.1,1691.08,406.48,2025-04
ORD101729,2025-08-21,CUST2148,Fashion,Backpack,West,Website,Cash on Delivery,4,1394.56,0.05,5578.24,1482.42,2025-08
ORD101730,2025-09-05,CUST1568,Home & Kitchen,Air Fryer,West,Website,Credit Card,1,4610.12,0.25,4610.12,533.67,2025-09
ORD101731,2025-11-02,CUST1367,Fashion,Backpack,West,Website,UPI,1,1343.99,0.05,1343.99,311.83,2025-11
ORD101732,2025-10-12,CUST1315,Fashion,Denim Jeans,South,Website,Credit Card,2,1574.1,0.0,3148.2,878.66,2025-10
ORD101733,2025-08-24,CUST1023,Home & Kitchen,Non-Stick Pan,West,Mobile App,UPI,3,1263.46,0.2,3790.38,744.88,2025-08
ORD101734,2025-04-20,CUST1328,Fashion,Backpack,North,Marketplace,Cash on Delivery,2,1397.63,0.1,2795.26,772.16,2025-04
ORD101735,2025-01-29,CUST1297,Electronics,Smart Watch,West,Mobile App,Debit Card,1,3173.18,0.15,3173.18,412.16,2025-01
ORD101736,2025-11-05,CUST1888,Beauty,Perfume,North,Mobile App,UPI,3,1248.41,0.0,3745.2300000000005,1186.71,2025-11
ORD101737,2025-03-09,CUST1097,Home & Kitchen,Non-Stick Pan,West,Marketplace,UPI,1,1364.56,0.15,1364.56,234.52,2025-03
ORD101738,2025-09-05,CUST1766,Fashion,Running Shoes,West,Marketplace,UPI,2,2494.3,0.0,4988.6,1368.27,2025-09
ORD101739,2025-05-09,CUST2117,Home & Kitchen,Air Fryer,East,Mobile App,Credit Card,1,5376.08,0.0,5376.08,992.79,2025-05
ORD101740,2025-04-14,CUST1907,Electronics,USB-C Hub,Central,Mobile App,Debit Card,2,1227.66,0.05,2455.32,353.44,2025-04
ORD101741,2025-10-18,CUST1617,Fashion,Casual Shirt,Central,Mobile App,Credit Card,1,1105.87,0.1,1105.87,247.87,2025-10
ORD101742,2025-11-24,CUST2101,Beauty,Face Wash,North,Website,UPI,2,412.43,0.15,824.86,248.13,2025-11
ORD101743,2025-01-27,CUST1589,Home & Kitchen,Air Fryer,South,Website,UPI,1,5170.3,0.15,5170.3,849.88,2025-01
ORD101744,2025-05-31,CUST1225,Home & Kitchen,Storage Container Set,West,Website,UPI,1,915.18,0.15,915.18,161.12,2025-05
ORD101745,2025-01-02,CUST1929,Electronics,USB-C Hub,South,Mobile App,UPI,1,1250.91,0.1,1250.91,179.09,2025-01
ORD101746,2025-06-16,CUST1907,Fashion,Casual Shirt,East,Website,Debit Card,1,1186.25,0.25,1186.25,248.87,2025-06
ORD101747,2025-03-30,CUST1221,Books,Data Analytics Guide,Central,Mobile App,Net Banking,1,788.83,0.05,788.83,156.4,2025-03
ORD101748,2025-12-01,CUST2021,Fashion,Running Shoes,Central,Mobile App,UPI,4,2464.45,0.0,9857.8,2572.24,2025-12
ORD101749,2025-03-07,CUST1806,Electronics,Smart Watch,North,Mobile App,UPI,1,3197.48,0.0,3197.48,480.18,2025-03
ORD101750,2025-09-13,CUST1728,Books,Business Management,Central,Marketplace,UPI,1,541.1,0.1,541.1,119.01,2025-09
ORD101751,2025-04-19,CUST1921,Fashion,Casual Shirt,South,Mobile App,Debit Card,2,1211.36,0.15,2422.72,466.38,2025-04
ORD101752,2025-05-04,CUST2004,Fashion,Denim Jeans,North,Website,Cash on Delivery,1,1606.65,0.1,1606.65,421.5,2025-05
ORD101753,2025-02-28,CUST1838,Beauty,Moisturizer,West,Website,UPI,3,579.7,0.05,1739.1000000000001,501.47,2025-02
ORD101754,2025-01-17,CUST1575,Fashion,Running Shoes,East,Mobile App,UPI,2,2411.33,0.05,4822.66,1213.02,2025-01
ORD101755,2025-04-15,CUST1301,Home & Kitchen,Storage Container Set,North,Mobile App,Debit Card,2,893.28,0.15,1786.56,304.87,2025-04
ORD101756,2025-11-19,CUST1006,Home & Kitchen,Electric Kettle,West,Website,Credit Card,1,1547.03,0.1,1547.03,333.49,2025-11
ORD101757,2025-11-09,CUST1909,Electronics,Power Bank,Central,Marketplace,UPI,1,1033.11,0.1,1033.11,153.48,2025-11
ORD101758,2025-10-30,CUST1884,Home & Kitchen,Mixer Grinder,West,Website,Cash on Delivery,1,3554.09,0.1,3554.09,701.26,2025-10
ORD101759,2025-07-14,CUST1874,Books,Data Analytics Guide,South,Website,Debit Card,2,751.72,0.0,1503.44,340.56,2025-07
ORD101760,2025-09-14,CUST2173,Fashion,Backpack,West,Mobile App,UPI,1,1398.8,0.05,1398.8,373.41,2025-09
ORD101761,2025-03-22,CUST1044,Electronics,Wireless Headphones,East,Website,UPI,1,2592.8,0.1,2592.8,460.3,2025-03
ORD101762,2025-03-09,CUST1828,Books,Business Management,North,Marketplace,Net Banking,1,510.78,0.1,510.78,100.99,2025-03
ORD101763,2025-02-09,CUST2176,Books,Fiction Novel,West,Website,Credit Card,3,415.67,0.25,1247.01,214.69,2025-02
ORD101764,2025-03-01,CUST1843,Fashion,Denim Jeans,West,Mobile App,Debit Card,1,1566.92,0.05,1566.92,422.03,2025-03
ORD101765,2025-04-08,CUST1176,Electronics,Wireless Headphones,North,Website,Cash on Delivery,2,2475.38,0.15,4950.76,552.47,2025-04
ORD101766,2025-12-30,CUST2157,Fashion,Backpack,Central,Website,UPI,1,1385.0,0.0,1385.0,379.24,2025-12
ORD101767,2025-12-05,CUST2077,Fashion,Casual Shirt,East,Marketplace,Cash on Delivery,1,1245.51,0.2,1245.51,288.75,2025-12
ORD101768,2025-07-27,CUST1260,Home & Kitchen,Electric Kettle,South,Website,Cash on Delivery,1,1604.59,0.15,1604.59,269.35,2025-07
ORD101769,2025-09-15,CUST1797,Home & Kitchen,Air Fryer,South,Website,UPI,2,5074.9,0.05,10149.8,1987.46,2025-09
ORD101770,2025-10-06,CUST2086,Electronics,USB-C Hub,South,Marketplace,Cash on Delivery,3,1207.53,0.1,3622.59,654.96,2025-10
ORD101771,2025-04-29,CUST1529,Electronics,Bluetooth Speaker,North,Mobile App,Credit Card,4,1772.25,0.0,7089.0,1236.09,2025-04
ORD101772,2025-02-12,CUST2092,Electronics,Power Bank,West,Website,Cash on Delivery,1,999.03,0.15,999.03,151.73,2025-02
ORD101773,2025-10-16,CUST1491,Home & Kitchen,Non-Stick Pan,East,Website,UPI,1,1362.03,0.15,1362.03,298.67,2025-10
ORD101774,2025-11-28,CUST1947,Fashion,Cotton T-Shirt,East,Website,Debit Card,5,649.37,0.05,3246.85,788.15,2025-11
ORD101775,2025-03-11,CUST1598,Beauty,Face Wash,Central,Website,Cash on Delivery,1,408.24,0.05,408.24,120.18,2025-03
ORD101776,2025-01-19,CUST1098,Books,Business Management,North,Mobile App,Cash on Delivery,1,484.09,0.2,484.09,115.89,2025-01
ORD101777,2025-04-06,CUST1621,Beauty,Sunscreen,South,Mobile App,UPI,1,681.35,0.0,681.35,223.72,2025-04
ORD101778,2025-02-10,CUST1771,Home & Kitchen,Non-Stick Pan,North,Mobile App,Debit Card,2,1177.15,0.05,2354.3,475.82,2025-02
ORD101779,2025-02-21,CUST1488,Fashion,Casual Shirt,East,Website,UPI,2,1106.38,0.15,2212.76,494.05,2025-02
ORD101780,2025-11-19,CUST1217,Fashion,Casual Shirt,Central,Website,Debit Card,1,1166.84,0.15,1166.84,292.0,2025-11
ORD101781,2025-02-18,CUST1823,Home & Kitchen,Storage Container Set,North,Mobile App,Cash on Delivery,1,914.11,0.15,914.11,154.62,2025-02
ORD101782,2025-06-25,CUST1228,Electronics,Power Bank,East,Marketplace,Credit Card,1,1053.79,0.1,1053.79,93.86,2025-06
ORD101783,2025-10-13,CUST1074,Home & Kitchen,Non-Stick Pan,East,Website,Debit Card,2,1283.18,0.1,2566.36,449.66,2025-10
ORD101784,2025-10-23,CUST1713,Beauty,Moisturizer,East,Website,Net Banking,1,628.63,0.15,628.63,167.15,2025-10
ORD101785,2025-03-18,CUST1477,Fashion,Backpack,East,Mobile App,Net Banking,1,1321.71,0.15,1321.71,303.24,2025-03
ORD101786,2025-06-16,CUST1579,Fashion,Running Shoes,South,Website,Credit Card,1,2255.13,0.0,2255.13,658.22,2025-06
ORD101787,2025-02-03,CUST2003,Electronics,Wireless Headphones,North,Mobile App,UPI,2,2747.75,0.25,5495.5,650.6,2025-02
ORD101788,2025-12-16,CUST1019,Beauty,Sunscreen,East,Website,Cash on Delivery,2,740.63,0.0,1481.26,483.8,2025-12
ORD101789,2025-07-10,CUST1995,Beauty,Perfume,West,Website,Net Banking,2,1205.92,0.1,2411.84,734.08,2025-07
ORD101790,2025-01-17,CUST1186,Beauty,Perfume,West,Mobile App,UPI,1,1313.21,0.05,1313.21,334.98,2025-01
ORD101791,2025-01-21,CUST1805,Home & Kitchen,Non-Stick Pan,North,Mobile App,Credit Card,3,1420.34,0.1,4261.0199999999995,819.26,2025-01
ORD101792,2025-11-24,CUST1103,Electronics,Bluetooth Speaker,Central,Marketplace,UPI,1,1892.4,0.1,1892.4,310.27,2025-11
ORD101793,2025-02-18,CUST1612,Home & Kitchen,Storage Container Set,West,Marketplace,UPI,1,944.07,0.05,944.07,158.38,2025-02
ORD101794,2025-03-22,CUST1732,Fashion,Backpack,Central,Mobile App,Cash on Delivery,1,1399.95,0.05,1399.95,441.89,2025-03
ORD101795,2025-06-29,CUST1207,Home & Kitchen,Electric Kettle,North,Website,UPI,1,1681.3,0.0,1681.3,260.9,2025-06
ORD101796,2025-08-13,CUST1626,Home & Kitchen,Air Fryer,East,Marketplace,Net Banking,3,5089.52,0.15,15268.560000000001,2747.38,2025-08
ORD101797,2025-10-31,CUST1068,Fashion,Backpack,East,Website,Debit Card,1,1314.41,0.05,1314.41,368.75,2025-10
ORD101798,2025-11-09,CUST2129,Electronics,Power Bank,East,Mobile App,Cash on Delivery,3,1063.36,0.1,3190.08,504.01,2025-11
ORD101799,2025-03-25,CUST1648,Fashion,Cotton T-Shirt,South,Mobile App,Cash on Delivery,1,650.31,0.05,650.31,159.58,2025-03
ORD101800,2025-10-30,CUST2054,Books,Data Analytics Guide,South,Mobile App,Debit Card,2,798.55,0.1,1597.1,362.6,2025-10
ORD101801,2025-02-12,CUST1694,Home & Kitchen,Air Fryer,North,Website,UPI,3,5119.21,0.25,15357.630000000001,2255.6,2025-02
ORD101802,2025-04-26,CUST2139,Home & Kitchen,Mixer Grinder,West,Mobile App,Debit Card,1,3816.64,0.05,3816.64,716.43,2025-04
ORD101803,2025-08-09,CUST1513,Beauty,Moisturizer,North,Mobile App,UPI,1,547.07,0.1,547.07,171.5,2025-08
ORD101804,2025-08-21,CUST1721,Electronics,Smart Watch,South,Mobile App,Credit Card,4,3551.14,0.1,14204.56,1719.5,2025-08
ORD101805,2025-12-16,CUST1037,Books,Machine Learning Basics,East,Marketplace,UPI,2,984.49,0.0,1968.98,484.86,2025-12
ORD101806,2025-12-27,CUST1304,Home & Kitchen,Non-Stick Pan,South,Website,Net Banking,1,1273.91,0.25,1273.91,164.44,2025-12
ORD101807,2025-03-18,CUST1930,Electronics,Smart Watch,South,Website,UPI,2,3234.84,0.0,6469.68,1025.0,2025-03
ORD101808,2025-09-18,CUST1342,Electronics,Power Bank,South,Website,UPI,1,1066.28,0.15,1066.28,180.25,2025-09
ORD101809,2025-08-19,CUST1318,Books,Data Analytics Guide,West,Mobile App,Net Banking,2,719.13,0.1,1438.26,355.85,2025-08
ORD101810,2025-05-12,CUST1042,Fashion,Cotton T-Shirt,Central,Website,Debit Card,1,690.45,0.15,690.45,191.58,2025-05
ORD101811,2025-05-16,CUST1750,Electronics,Smart Watch,East,Website,Cash on Delivery,2,3427.18,0.1,6854.36,1157.32,2025-05
ORD101812,2025-08-13,CUST1690,Fashion,Cotton T-Shirt,East,Mobile App,Credit Card,1,664.12,0.05,664.12,168.56,2025-08
ORD101813,2025-02-20,CUST1771,Books,Machine Learning Basics,North,Mobile App,UPI,1,947.77,0.2,947.77,200.83,2025-02
ORD101814,2025-03-28,CUST1578,Fashion,Casual Shirt,South,Mobile App,UPI,1,1232.52,0.1,1232.52,323.09,2025-03
ORD101815,2025-03-20,CUST1059,Fashion,Running Shoes,East,Mobile App,Debit Card,1,2483.69,0.1,2483.69,602.15,2025-03
ORD101816,2025-03-25,CUST1929,Home & Kitchen,Storage Container Set,East,Mobile App,UPI,1,847.2,0.1,847.2,175.38,2025-03
ORD101817,2025-04-02,CUST1412,Fashion,Casual Shirt,East,Marketplace,UPI,1,1290.4,0.1,1290.4,295.99,2025-04
ORD101818,2025-03-28,CUST1013,Home & Kitchen,Non-Stick Pan,North,Website,UPI,1,1340.58,0.05,1340.58,285.34,2025-03
ORD101819,2025-11-30,CUST2130,Books,Fiction Novel,South,Website,UPI,2,428.14,0.15,856.28,199.74,2025-11
ORD101820,2025-10-22,CUST1347,Beauty,Shampoo,Central,Website,Debit Card,3,480.17,0.05,1440.51,452.09,2025-10
ORD101821,2025-05-03,CUST1640,Fashion,Backpack,Central,Marketplace,UPI,5,1277.05,0.1,6385.25,1374.29,2025-05
ORD101822,2025-11-20,CUST1702,Electronics,USB-C Hub,South,Marketplace,Credit Card,1,1301.14,0.1,1301.14,183.52,2025-11
ORD101823,2025-08-31,CUST1416,Beauty,Perfume,West,Mobile App,UPI,1,1352.53,0.1,1352.53,359.22,2025-08
ORD101824,2025-01-05,CUST1575,Electronics,Power Bank,Central,Marketplace,Cash on Delivery,5,1089.26,0.0,5446.3,1037.82,2025-01
ORD101825,2025-03-13,CUST1582,Fashion,Running Shoes,West,Website,UPI,2,2407.03,0.05,4814.06,1311.2,2025-03
ORD101826,2025-07-10,CUST1347,Electronics,USB-C Hub,North,Mobile App,Credit Card,1,1212.42,0.1,1212.42,155.64,2025-07
ORD101827,2025-04-24,CUST1126,Books,Python Programming,South,Marketplace,Credit Card,1,641.27,0.1,641.27,133.77,2025-04
ORD101828,2025-11-01,CUST1498,Beauty,Shampoo,North,Website,Credit Card,1,466.01,0.0,466.01,157.07,2025-11
ORD101829,2025-09-25,CUST1921,Home & Kitchen,Non-Stick Pan,West,Mobile App,UPI,2,1416.98,0.05,2833.96,633.56,2025-09
ORD101830,2025-10-22,CUST1845,Books,Fiction Novel,East,Mobile App,Credit Card,1,437.43,0.1,437.43,93.69,2025-10
ORD101831,2025-07-28,CUST1690,Home & Kitchen,Electric Kettle,South,Mobile App,Cash on Delivery,2,1677.64,0.1,3355.28,646.47,2025-07
ORD101832,2025-09-21,CUST1733,Electronics,Smart Watch,South,Mobile App,UPI,1,3165.5,0.15,3165.5,464.33,2025-09
ORD101833,2025-02-28,CUST1161,Fashion,Casual Shirt,West,Website,UPI,2,1143.45,0.05,2286.9,645.07,2025-02
ORD101834,2025-04-04,CUST1911,Home & Kitchen,Storage Container Set,North,Mobile App,Net Banking,1,975.03,0.1,975.03,177.29,2025-04
ORD101835,2025-12-03,CUST1203,Electronics,Smart Watch,East,Website,Net Banking,1,3054.26,0.05,3054.26,416.5,2025-12
ORD101836,2025-03-19,CUST1854,Fashion,Cotton T-Shirt,Central,Mobile App,Credit Card,3,732.17,0.2,2196.5099999999998,584.22,2025-03
ORD101837,2025-10-17,CUST1084,Beauty,Perfume,Central,Mobile App,Debit Card,2,1310.25,0.15,2620.5,739.49,2025-10
ORD101838,2025-12-05,CUST1526,Electronics,Power Bank,South,Marketplace,Debit Card,1,1034.37,0.15,1034.37,134.71,2025-12
ORD101839,2025-06-24,CUST1262,Fashion,Denim Jeans,West,Mobile App,Cash on Delivery,1,1446.83,0.1,1446.83,392.67,2025-06
ORD101840,2025-10-12,CUST1518,Books,Machine Learning Basics,South,Mobile App,UPI,4,815.47,0.15,3261.88,666.48,2025-10
ORD101841,2025-03-24,CUST1929,Books,Python Programming,West,Marketplace,Credit Card,1,563.8,0.25,563.8,96.83,2025-03
ORD101842,2025-05-31,CUST1871,Beauty,Face Wash,West,Website,Cash on Delivery,1,385.59,0.1,385.59,106.62,2025-05
ORD101843,2025-11-05,CUST2013,Books,Business Management,Central,Mobile App,Net Banking,1,513.83,0.0,513.83,130.58,2025-11
ORD101844,2025-01-09,CUST1525,Home & Kitchen,Mixer Grinder,North,Website,UPI,1,3650.25,0.1,3650.25,830.6,2025-01
ORD101845,2025-08-16,CUST1019,Home & Kitchen,Mixer Grinder,West,Website,UPI,2,3515.62,0.15,7031.24,1176.42,2025-08
ORD101846,2025-10-14,CUST1565,Books,Business Management,North,Website,Credit Card,1,488.68,0.1,488.68,105.14,2025-10
ORD101847,2025-07-26,CUST1283,Home & Kitchen,Air Fryer,Central,Marketplace,UPI,2,5134.62,0.15,10269.24,1884.42,2025-07
ORD101848,2025-03-16,CUST1522,Electronics,Smart Watch,North,Marketplace,Debit Card,4,3068.82,0.1,12275.28,2118.53,2025-03
ORD101849,2025-06-20,CUST1424,Beauty,Moisturizer,Central,Website,Debit Card,1,627.21,0.1,627.21,168.16,2025-06
ORD101850,2025-04-16,CUST1171,Books,Data Analytics Guide,South,Marketplace,Credit Card,2,678.05,0.15,1356.1,274.13,2025-04
ORD101851,2025-02-14,CUST1815,Electronics,Smart Watch,Central,Website,UPI,1,3117.12,0.2,3117.12,400.79,2025-02
ORD101852,2025-07-28,CUST1360,Fashion,Running Shoes,South,Mobile App,Credit Card,3,2385.6,0.25,7156.799999999999,1462.0,2025-07
ORD101853,2025-11-08,CUST1283,Books,Fiction Novel,South,Website,Credit Card,1,407.57,0.25,407.57,67.58,2025-11
ORD101854,2025-07-20,Unknown,Books,Fiction Novel,Central,Website,UPI,1,420.22,0.05,420.22,96.67,2025-07
ORD101855,2025-03-08,CUST1828,Books,Fiction Novel,East,Website,Debit Card,3,368.58,0.05,1105.74,278.09,2025-03
ORD101856,2025-12-31,CUST1768,Beauty,Shampoo,West,Mobile App,UPI,1,470.15,0.15,470.15,133.3,2025-12
ORD101857,2025-06-02,CUST1647,Books,Data Analytics Guide,South,Marketplace,Credit Card,2,736.38,0.1,1472.76,337.18,2025-06
ORD101858,2025-05-15,CUST1954,Electronics,USB-C Hub,South,Mobile App,Debit Card,2,1260.11,0.05,2520.22,397.47,2025-05
ORD101859,2025-10-29,CUST1203,Beauty,Face Wash,Central,Website,UPI,3,401.06,0.2,1203.18,290.09,2025-10
ORD101860,2025-03-23,CUST1579,Books,Fiction Novel,Central,Website,Debit Card,4,435.7,0.1,1742.8,370.96,2025-03
ORD101861,2025-06-10,CUST1703,Books,Business Management,East,Website,UPI,1,493.34,0.05,493.34,122.6,2025-06
ORD101862,2025-11-09,CUST2096,Books,Fiction Novel,South,Website,UPI,2,429.71,0.1,859.42,196.84,2025-11
ORD101863,2025-11-17,CUST2022,Home & Kitchen,Non-Stick Pan,South,Mobile App,UPI,2,1219.01,0.05,2438.02,551.0,2025-11
ORD101864,2025-02-09,CUST1250,Electronics,Power Bank,South,Mobile App,Debit Card,3,911.04,0.15,2733.12,288.86,2025-02
ORD101865,2025-05-09,CUST1319,Books,Python Programming,East,Website,Credit Card,2,645.67,0.05,1291.34,343.98,2025-05
ORD101866,2025-05-03,CUST1459,Fashion,Cotton T-Shirt,North,Website,Debit Card,1,635.37,0.05,635.37,146.16,2025-05
ORD101867,2025-07-27,CUST2106,Books,Business Management,North,Mobile App,Cash on Delivery,1,464.62,0.1,464.62,108.5,2025-07
ORD101868,2025-09-16,CUST1356,Fashion,Denim Jeans,East,Website,Debit Card,1,1616.15,0.2,1616.15,333.42,2025-09
ORD101869,2025-10-23,CUST1694,Home & Kitchen,Electric Kettle,North,Marketplace,Credit Card,3,1590.16,0.05,4770.4800000000005,792.49,2025-10
ORD101870,2025-12-21,CUST1489,Beauty,Shampoo,West,Mobile App,UPI,2,467.86,0.2,935.72,260.89,2025-12
ORD101871,2025-02-01,CUST1530,Electronics,USB-C Hub,Central,Mobile App,Debit Card,2,1244.82,0.2,2489.64,389.86,2025-02
ORD101872,2025-06-29,CUST1072,Electronics,Wireless Headphones,East,Website,UPI,2,2389.99,0.0,4779.98,795.31,2025-06
ORD101873,2025-03-03,CUST1583,Home & Kitchen,Electric Kettle,Central,Marketplace,Debit Card,2,1573.46,0.2,3146.92,538.29,2025-03
ORD101874,2025-04-21,CUST1527,Electronics,USB-C Hub,North,Website,UPI,2,1187.1,0.15,2374.2,396.27,2025-04
ORD101875,2025-09-17,CUST1641,Electronics,Wireless Headphones,South,Mobile App,Debit Card,1,2317.62,0.1,2317.62,316.58,2025-09
ORD101876,2025-07-21,CUST1344,Electronics,Bluetooth Speaker,Central,Website,UPI,1,1656.5,0.0,1656.5,281.71,2025-07
ORD101877,2025-11-24,CUST1275,Books,Business Management,Central,Website,UPI,1,520.51,0.05,520.51,138.52,2025-11
ORD101878,2025-12-09,CUST1799,Fashion,Cotton T-Shirt,West,Mobile App,Debit Card,1,730.63,0.15,730.63,160.84,2025-12
ORD101879,2025-09-19,CUST1927,Books,Python Programming,North,Mobile App,Cash on Delivery,3,584.86,0.15,1754.58,351.19,2025-09
ORD101880,2025-11-08,CUST1566,Home & Kitchen,Non-Stick Pan,East,Mobile App,Debit Card,3,1370.55,0.1,4111.65,751.91,2025-11
ORD101881,2025-08-15,CUST1027,Fashion,Backpack,West,Website,Credit Card,2,1451.11,0.1,2902.22,673.96,2025-08
ORD101882,2025-01-13,CUST2048,Electronics,Bluetooth Speaker,Central,Marketplace,UPI,1,1700.85,0.05,1700.85,251.03,2025-01
ORD101883,2025-07-26,CUST2059,Fashion,Casual Shirt,South,Website,Credit Card,1,1278.98,0.1,1278.98,309.38,2025-07
ORD101884,2025-07-23,CUST1989,Beauty,Sunscreen,Central,Website,Credit Card,3,750.65,0.1,2251.95,608.89,2025-07
ORD101885,2025-06-14,CUST1550,Fashion,Cotton T-Shirt,North,Website,UPI,2,662.74,0.1,1325.48,351.95,2025-06
ORD101886,2025-06-16,CUST1016,Home & Kitchen,Non-Stick Pan,North,Mobile App,Cash on Delivery,4,1388.58,0.05,5554.32,905.06,2025-06
ORD101887,2025-11-30,CUST1761,Electronics,USB-C Hub,West,Website,Debit Card,1,1386.19,0.05,1386.19,207.31,2025-11
ORD101888,2025-12-14,CUST1678,Home & Kitchen,Electric Kettle,Central,Website,UPI,2,1588.32,0.05,3176.64,564.4,2025-12
ORD101889,2025-05-04,CUST2015,Fashion,Running Shoes,Central,Marketplace,Cash on Delivery,2,2349.82,0.1,4699.64,1094.32,2025-05
ORD101890,2025-11-05,CUST1874,Electronics,Bluetooth Speaker,North,Website,UPI,2,1737.54,0.05,3475.08,343.7,2025-11
ORD101891,2025-10-20,CUST1668,Fashion,Casual Shirt,North,Mobile App,UPI,2,1120.94,0.05,2241.88,505.33,2025-10
ORD101892,2025-03-28,CUST1101,Home & Kitchen,Non-Stick Pan,North,Website,Cash on Delivery,1,1400.22,0.15,1400.22,256.73,2025-03
ORD101893,2025-11-14,CUST1675,Home & Kitchen,Electric Kettle,Central,Website,UPI,1,1624.3,0.25,1624.3,201.72,2025-11
ORD101894,2025-01-26,CUST1066,Fashion,Casual Shirt,South,Website,Cash on Delivery,1,1183.52,0.0,1183.52,319.73,2025-01
ORD101895,2025-02-01,CUST1015,Beauty,Moisturizer,East,Mobile App,Credit Card,1,609.67,0.15,609.67,168.63,2025-02
ORD101896,2025-10-16,CUST1186,Home & Kitchen,Non-Stick Pan,West,Mobile App,UPI,3,1286.06,0.15,3858.18,722.48,2025-10
ORD101897,2025-10-08,CUST2086,Fashion,Casual Shirt,North,Mobile App,UPI,2,1149.82,0.1,2299.64,550.54,2025-10
ORD101898,2025-04-29,CUST1069,Beauty,Shampoo,Central,Marketplace,UPI,3,501.81,0.0,1505.43,458.35,2025-04
ORD101899,2025-09-14,CUST2087,Fashion,Casual Shirt,West,Marketplace,Debit Card,1,1284.91,0.05,1284.91,383.1,2025-09
ORD101900,2025-09-20,CUST2161,Home & Kitchen,Air Fryer,West,Marketplace,Cash on Delivery,4,4686.87,0.1,18747.48,2778.06,2025-09
ORD101901,2025-10-28,CUST1485,Electronics,Smart Watch,West,Website,UPI,1,3232.45,0.1,3232.45,423.77,2025-10
ORD101902,2025-06-27,CUST1250,Fashion,Cotton T-Shirt,Central,Website,Credit Card,1,630.48,0.05,630.48,184.73,2025-06
ORD101903,2025-11-27,CUST1138,Home & Kitchen,Mixer Grinder,West,Website,Cash on Delivery,1,3554.28,0.1,3554.28,563.0,2025-11
ORD101904,2025-04-17,CUST1560,Beauty,Moisturizer,South,Mobile App,UPI,2,552.87,0.0,1105.74,359.93,2025-04
ORD101905,2025-11-27,CUST1768,Home & Kitchen,Air Fryer,North,Website,UPI,1,4671.69,0.0,4671.69,921.19,2025-11
ORD101906,2025-12-29,CUST2015,Fashion,Denim Jeans,East,Website,UPI,1,1596.61,0.05,1596.61,337.72,2025-12
ORD101907,2025-11-05,CUST1412,Beauty,Perfume,East,Website,UPI,3,1401.19,0.0,4203.57,1346.2,2025-11
ORD101908,2025-01-12,CUST1083,Electronics,Wireless Headphones,East,Marketplace,UPI,3,2730.43,0.05,8191.289999999999,1036.9,2025-01
ORD101909,2025-07-15,CUST1756,Home & Kitchen,Air Fryer,North,Website,UPI,1,5341.4,0.05,5341.4,1068.33,2025-07
ORD101910,2025-04-21,CUST1894,Books,Fiction Novel,Central,Website,Debit Card,2,435.14,0.05,870.28,200.09,2025-04
ORD101911,2025-04-12,CUST1426,Electronics,Bluetooth Speaker,South,Website,Cash on Delivery,1,1909.89,0.2,1909.89,218.83,2025-04
ORD101912,2025-05-12,CUST1935,Home & Kitchen,Air Fryer,Central,Mobile App,Credit Card,1,4877.53,0.15,4877.53,861.59,2025-05
ORD101913,2025-06-22,CUST1523,Books,Python Programming,Central,Website,Debit Card,1,610.72,0.15,610.72,133.75,2025-06
ORD101914,2025-02-06,CUST1392,Electronics,USB-C Hub,Central,Marketplace,UPI,1,1191.53,0.15,1191.53,226.59,2025-02
ORD101915,2025-03-17,CUST1617,Home & Kitchen,Air Fryer,West,Mobile App,UPI,2,5367.93,0.15,10735.86,1754.49,2025-03
ORD101916,2025-05-04,CUST2112,Beauty,Perfume,North,Marketplace,UPI,3,1279.73,0.15,3839.19,1028.46,2025-05
ORD101917,2025-12-08,CUST1258,Books,Python Programming,West,Marketplace,UPI,3,644.17,0.0,1932.5099999999998,457.77,2025-12
ORD101918,2025-07-27,CUST2160,Electronics,Wireless Headphones,Central,Website,Debit Card,2,2729.51,0.0,5459.02,625.37,2025-07
ORD101919,2025-11-16,CUST2111,Home & Kitchen,Air Fryer,South,Website,Debit Card,1,4841.02,0.2,4841.02,635.47,2025-11
ORD101920,2025-06-17,CUST2174,Fashion,Running Shoes,South,Mobile App,UPI,1,2138.03,0.05,2138.03,596.7,2025-06
ORD101921,2025-06-10,CUST1306,Beauty,Shampoo,North,Website,UPI,2,472.63,0.2,945.26,257.69,2025-06
ORD101922,2025-12-13,CUST1955,Fashion,Running Shoes,North,Mobile App,Cash on Delivery,2,2409.5,0.15,4819.0,1249.34,2025-12
ORD101923,2025-06-24,CUST1824,Electronics,Wireless Headphones,West,Marketplace,Credit Card,5,2637.18,0.0,13185.9,1972.74,2025-06
ORD101924,2025-11-18,CUST1544,Home & Kitchen,Storage Container Set,East,Website,Debit Card,1,916.01,0.05,916.01,178.51,2025-11
ORD101925,2025-10-06,CUST1847,Electronics,USB-C Hub,South,Website,UPI,3,1276.36,0.15,3829.08,388.77,2025-10
ORD101926,2025-12-14,CUST2030,Fashion,Running Shoes,East,Website,Credit Card,4,2504.92,0.0,10019.68,2816.84,2025-12
ORD101927,2025-11-18,CUST1126,Books,Fiction Novel,North,Marketplace,Debit Card,1,421.51,0.1,421.51,118.68,2025-11
ORD101928,2025-01-30,CUST1606,Fashion,Casual Shirt,West,Mobile App,UPI,1,1107.5,0.15,1107.5,260.92,2025-01
ORD101929,2025-07-26,CUST1475,Fashion,Casual Shirt,North,Website,Debit Card,1,1177.3,0.2,1177.3,290.61,2025-07
ORD101930,2025-11-09,CUST1952,Home & Kitchen,Mixer Grinder,West,Website,Debit Card,3,3366.27,0.0,10098.81,1496.19,2025-11
ORD101931,2025-08-22,CUST1417,Home & Kitchen,Non-Stick Pan,East,Marketplace,UPI,5,1389.86,0.1,6949.299999999999,1058.19,2025-08
ORD101932,2025-09-09,CUST1395,Electronics,Power Bank,Central,Mobile App,Debit Card,5,1071.36,0.0,5356.799999999999,935.58,2025-09
ORD101933,2025-02-26,CUST1813,Books,Business Management,South,Marketplace,UPI,2,488.39,0.1,976.78,172.95,2025-02
ORD101934,2025-03-13,CUST1671,Electronics,Bluetooth Speaker,East,Mobile App,Credit Card,1,1666.25,0.2,1666.25,250.74,2025-03
ORD101935,2025-09-06,CUST1357,Home & Kitchen,Non-Stick Pan,North,Website,Credit Card,5,1298.25,0.05,6491.25,1142.9,2025-09
ORD101936,2025-05-03,CUST1027,Electronics,Smart Watch,East,Mobile App,Credit Card,3,3476.88,0.05,10430.64,1424.83,2025-05
ORD101937,2025-04-26,CUST1674,Books,Business Management,East,Website,Net Banking,2,472.56,0.2,945.12,233.79,2025-04
ORD101938,2025-05-16,CUST1869,Home & Kitchen,Electric Kettle,East,Mobile App,Net Banking,1,1690.1,0.25,1690.1,276.29,2025-05
ORD101939,2025-08-11,CUST1593,Fashion,Running Shoes,South,Mobile App,UPI,2,2154.45,0.15,4308.9,987.39,2025-08
ORD101940,2025-07-23,CUST1345,Electronics,Smart Watch,South,Website,Debit Card,3,3380.83,0.2,10142.49,1060.21,2025-07
ORD101941,2025-03-30,CUST1540,Home & Kitchen,Storage Container Set,West,Website,Debit Card,1,903.63,0.05,903.63,162.09,2025-03
ORD101942,2025-04-11,CUST1658,Books,Python Programming,South,Mobile App,Cash on Delivery,1,642.32,0.1,642.32,162.13,2025-04
ORD101943,2025-01-07,CUST1896,Fashion,Denim Jeans,Central,Marketplace,Net Banking,2,1447.94,0.1,2895.88,721.86,2025-01
ORD101944,2025-09-27,CUST1605,Home & Kitchen,Storage Container Set,Central,Website,Net Banking,1,926.73,0.1,926.73,162.94,2025-09
ORD101945,2025-04-02,CUST1085,Beauty,Sunscreen,East,Mobile App,Cash on Delivery,3,754.05,0.05,2262.1499999999996,751.65,2025-04
ORD101946,2025-04-05,CUST2003,Home & Kitchen,Storage Container Set,Central,Marketplace,Net Banking,4,887.67,0.05,3550.68,650.78,2025-04
ORD101947,2025-05-26,CUST2021,Books,Business Management,West,Marketplace,UPI,2,485.9,0.0,971.8,273.47,2025-05
ORD101948,2025-03-28,CUST1905,Electronics,Wireless Headphones,West,Mobile App,Debit Card,2,2313.36,0.25,4626.72,567.51,2025-03
ORD101949,2025-02-28,CUST1183,Fashion,Backpack,East,Mobile App,UPI,1,1293.35,0.15,1293.35,353.82,2025-02
ORD101950,2025-10-16,CUST2161,Beauty,Face Wash,South,Marketplace,Cash on Delivery,1,423.99,0.05,423.99,143.66,2025-10
ORD101951,2025-09-01,CUST1053,Electronics,Bluetooth Speaker,North,Mobile App,Cash on Delivery,1,1659.67,0.2,1659.67,152.72,2025-09
ORD101952,2025-07-15,CUST1859,Books,Fiction Novel,Central,Website,Cash on Delivery,1,407.1,0.05,407.1,99.11,2025-07
ORD101953,2025-03-06,CUST1892,Electronics,Bluetooth Speaker,South,Website,Credit Card,4,1803.24,0.0,7212.96,999.29,2025-03
ORD101954,2025-02-13,CUST1300,Fashion,Running Shoes,East,Website,UPI,1,2285.09,0.05,2285.09,592.85,2025-02
ORD101955,2025-10-05,CUST1516,Fashion,Denim Jeans,West,Website,Cash on Delivery,1,1543.91,0.15,1543.91,391.33,2025-10
ORD101956,2025-09-18,CUST1810,Beauty,Shampoo,South,Marketplace,Debit Card,1,525.86,0.1,525.86,130.69,2025-09
ORD101957,2025-06-05,CUST1484,Home & Kitchen,Electric Kettle,West,Website,Net Banking,2,1475.27,0.05,2950.54,471.38,2025-06
ORD101958,2025-04-18,CUST1104,Electronics,Power Bank,East,Mobile App,Credit Card,1,987.97,0.25,987.97,140.72,2025-04
ORD101959,2025-09-06,CUST1448,Electronics,Bluetooth Speaker,South,Mobile App,Credit Card,1,1947.69,0.05,1947.69,351.78,2025-09
ORD101960,2025-02-27,CUST1548,Home & Kitchen,Air Fryer,North,Website,UPI,1,4690.67,0.05,4690.67,879.01,2025-02
ORD101961,2025-07-20,CUST1179,Books,Data Analytics Guide,West,Website,Cash on Delivery,4,802.86,0.25,3211.44,682.45,2025-07
ORD101962,2025-03-13,CUST2073,Fashion,Denim Jeans,South,Mobile App,UPI,1,1613.37,0.2,1613.37,398.23,2025-03
ORD101963,2025-02-04,CUST1394,Home & Kitchen,Mixer Grinder,East,Website,Net Banking,1,3185.51,0.1,3185.51,599.38,2025-02
ORD101964,2025-11-12,CUST1590,Electronics,USB-C Hub,West,Marketplace,Cash on Delivery,1,1268.22,0.05,1268.22,231.73,2025-11
ORD101965,2025-12-03,CUST1521,Books,Data Analytics Guide,West,Mobile App,Cash on Delivery,1,763.31,0.15,763.31,160.59,2025-12
ORD101966,2025-04-24,CUST1407,Electronics,Bluetooth Speaker,South,Marketplace,UPI,1,1772.49,0.15,1772.49,259.23,2025-04
ORD101967,2025-05-10,CUST1316,Electronics,Wireless Headphones,North,Marketplace,Debit Card,2,2746.12,0.1,5492.24,610.8,2025-05
ORD101968,2025-02-24,CUST1153,Electronics,Wireless Headphones,West,Mobile App,UPI,2,2658.41,0.0,5316.82,1080.11,2025-02
ORD101969,2025-06-27,CUST2061,Fashion,Denim Jeans,East,Website,Credit Card,2,1402.65,0.0,2805.3,728.0,2025-06
ORD101970,2025-05-23,CUST2121,Home & Kitchen,Electric Kettle,South,Mobile App,Cash on Delivery,3,1450.75,0.0,4352.25,626.57,2025-05
ORD101971,2025-05-27,CUST1364,Home & Kitchen,Storage Container Set,Central,Mobile App,UPI,3,881.72,0.15,2645.16,530.06,2025-05
ORD101972,2025-11-19,CUST2164,Home & Kitchen,Non-Stick Pan,Central,Marketplace,Debit Card,2,1183.68,0.1,2367.36,436.83,2025-11
ORD101973,2025-04-28,CUST1864,Beauty,Face Wash,East,Marketplace,UPI,1,437.3,0.0,437.3,130.72,2025-04
ORD101974,2025-03-24,CUST1276,Home & Kitchen,Mixer Grinder,South,Mobile App,UPI,1,3668.4,0.0,3668.4,883.85,2025-03
ORD101975,2025-01-21,CUST1986,Electronics,Smart Watch,North,Mobile App,UPI,4,3238.58,0.05,12954.32,1953.59,2025-01
ORD101976,2025-10-20,CUST1774,Electronics,Power Bank,South,Marketplace,Net Banking,1,1064.87,0.1,1064.87,154.65,2025-10
ORD101977,2025-08-30,CUST2083,Books,Machine Learning Basics,South,Mobile App,Debit Card,1,861.92,0.25,861.92,142.94,2025-08
ORD101978,2025-01-09,CUST1719,Home & Kitchen,Storage Container Set,Central,Website,Credit Card,1,877.28,0.2,877.28,95.27,2025-01
ORD101979,2025-09-01,CUST1845,Fashion,Denim Jeans,East,Website,Net Banking,1,1466.39,0.25,1466.39,332.45,2025-09
ORD101980,2025-09-12,CUST2078,Electronics,Bluetooth Speaker,East,Mobile App,Credit Card,2,1648.43,0.0,3296.86,497.77,2025-09
ORD101981,2025-06-26,CUST1521,Beauty,Face Wash,East,Marketplace,UPI,1,416.58,0.15,416.58,112.94,2025-06
ORD101982,2025-03-06,CUST1662,Electronics,Wireless Headphones,Central,Website,UPI,4,2673.27,0.2,10693.08,1125.42,2025-03
ORD101983,2025-01-27,CUST2066,Home & Kitchen,Mixer Grinder,Central,Website,UPI,1,3590.47,0.1,3590.47,637.65,2025-01
ORD101984,2025-11-11,CUST1117,Home & Kitchen,Non-Stick Pan,West,Website,Net Banking,2,1417.57,0.1,2835.14,497.59,2025-11
ORD101985,2025-01-04,CUST1653,Fashion,Cotton T-Shirt,Central,Website,UPI,4,747.25,0.25,2989.0,574.47,2025-01
ORD101986,2025-09-10,CUST1624,Home & Kitchen,Air Fryer,East,Website,Credit Card,1,5405.19,0.15,5405.19,1091.06,2025-09
ORD101987,2025-12-25,CUST2175,Fashion,Backpack,West,Mobile App,Net Banking,1,1403.57,0.0,1403.57,375.91,2025-12
ORD101988,2025-08-02,CUST1738,Home & Kitchen,Air Fryer,Central,Marketplace,Credit Card,2,4503.72,0.1,9007.44,1682.93,2025-08
ORD101989,2025-03-18,CUST1543,Books,Data Analytics Guide,South,Website,Net Banking,1,814.52,0.0,814.52,188.09,2025-03
ORD101990,2025-08-09,CUST1663,Fashion,Casual Shirt,South,Marketplace,Net Banking,2,1314.73,0.05,2629.46,790.09,2025-08
ORD101991,2025-09-14,CUST1751,Electronics,Power Bank,West,Website,UPI,1,1047.48,0.1,1047.48,157.17,2025-09
ORD101992,2025-02-23,CUST1353,Books,Data Analytics Guide,East,Mobile App,Debit Card,1,786.76,0.05,786.76,164.79,2025-02
ORD101993,2025-04-15,CUST1420,Home & Kitchen,Electric Kettle,South,Website,UPI,2,1476.06,0.15,2952.12,613.94,2025-04
ORD101994,2025-04-09,CUST1706,Beauty,Face Wash,Central,Website,UPI,3,360.65,0.1,1081.9499999999998,302.08,2025-04
ORD101995,2025-08-17,CUST1343,Fashion,Casual Shirt,East,Mobile App,Net Banking,2,1266.71,0.2,2533.42,640.63,2025-08
ORD101996,2025-12-24,CUST1171,Electronics,Wireless Headphones,North,Mobile App,UPI,3,2572.77,0.1,7718.3099999999995,933.23,2025-12
ORD101997,2025-03-15,CUST1100,Home & Kitchen,Electric Kettle,North,Website,Net Banking,2,1592.29,0.05,3184.58,494.86,2025-03
ORD101998,2025-09-30,CUST1339,Fashion,Denim Jeans,East,Website,UPI,3,1435.18,0.15,4305.54,1009.95,2025-09
ORD101999,2025-06-24,CUST2158,Beauty,Moisturizer,South,Marketplace,Cash on Delivery,1,580.31,0.15,580.31,151.76,2025-06
ORD102000,2025-02-21,CUST1303,Beauty,Moisturizer,East,Marketplace,Cash on Delivery,2,565.97,0.05,1131.94,346.53,2025-02
ORD102001,2025-07-15,CUST1413,Home & Kitchen,Mixer Grinder,Central,Marketplace,Cash on Delivery,1,3798.61,0.05,3798.61,844.6,2025-07
ORD102002,2025-08-01,CUST1915,Books,Business Management,East,Mobile App,UPI,2,471.35,0.05,942.7,248.96,2025-08
ORD102003,2025-02-27,CUST1096,Home & Kitchen,Storage Container Set,Central,Website,Cash on Delivery,1,865.66,0.1,865.66,155.98,2025-02
ORD102004,2025-03-12,CUST1593,Home & Kitchen,Non-Stick Pan,North,Website,Net Banking,1,1187.42,0.0,1187.42,285.26,2025-03
ORD102005,2025-07-25,CUST1345,Electronics,Smart Watch,West,Website,Debit Card,3,3331.41,0.2,9994.23,1469.2,2025-07
ORD102006,2025-09-21,CUST1113,Books,Fiction Novel,Central,Website,Cash on Delivery,1,398.7,0.1,398.7,83.61,2025-09
ORD102007,2025-08-12,CUST1726,Home & Kitchen,Non-Stick Pan,Central,Marketplace,Debit Card,2,1230.63,0.05,2461.26,439.81,2025-08
ORD102008,2025-05-31,CUST1055,Fashion,Cotton T-Shirt,Central,Marketplace,Credit Card,1,643.79,0.05,643.79,169.75,2025-05
ORD102009,2025-06-23,CUST2163,Books,Business Management,North,Marketplace,UPI,2,487.96,0.1,975.92,224.38,2025-06
ORD102010,2025-10-16,CUST1972,Electronics,Smart Watch,West,Website,Cash on Delivery,2,3609.52,0.15,7219.04,982.86,2025-10
ORD102011,2025-03-17,CUST1831,Home & Kitchen,Mixer Grinder,East,Mobile App,UPI,4,3384.79,0.15,13539.16,2967.38,2025-03
ORD102012,2025-07-16,CUST1773,Books,Machine Learning Basics,Central,Website,UPI,1,939.14,0.1,939.14,204.7,2025-07
ORD102013,2025-10-25,CUST1270,Home & Kitchen,Mixer Grinder,South,Website,Debit Card,4,3204.04,0.15,12816.16,2715.09,2025-10
ORD102014,2025-12-23,CUST1964,Electronics,Power Bank,South,Mobile App,Net Banking,1,1063.65,0.05,1063.65,175.62,2025-12
ORD102015,2025-06-04,CUST2129,Electronics,Power Bank,South,Mobile App,UPI,1,1079.26,0.0,1079.26,201.19,2025-06
ORD102016,2025-09-10,CUST1774,Fashion,Casual Shirt,West,Mobile App,Credit Card,2,1243.4,0.0,2486.8,594.66,2025-09
ORD102017,2025-05-12,CUST1647,Electronics,USB-C Hub,East,Mobile App,UPI,3,1196.93,0.05,3590.79,621.96,2025-05
ORD102018,2025-10-24,CUST1938,Fashion,Cotton T-Shirt,East,Marketplace,Cash on Delivery,1,735.79,0.05,735.79,175.67,2025-10
ORD102019,2025-03-01,CUST1812,Books,Data Analytics Guide,East,Mobile App,Net Banking,1,802.66,0.2,802.66,183.98,2025-03
ORD102020,2025-11-16,CUST2177,Home & Kitchen,Mixer Grinder,Central,Website,Cash on Delivery,1,3344.15,0.05,3344.15,752.63,2025-11
ORD102021,2025-06-18,CUST1333,Home & Kitchen,Air Fryer,North,Mobile App,Net Banking,2,4631.94,0.05,9263.88,1924.71,2025-06
ORD102022,2025-09-30,CUST1967,Books,Python Programming,West,Mobile App,Debit Card,1,639.33,0.0,639.33,140.19,2025-09
ORD102023,2025-11-19,CUST1503,Fashion,Denim Jeans,West,Mobile App,Credit Card,1,1358.51,0.0,1358.51,405.12,2025-11
ORD102024,2025-04-17,CUST1617,Fashion,Denim Jeans,South,Mobile App,Cash on Delivery,2,1368.9,0.0,2737.8,820.23,2025-04
ORD102025,2025-05-29,CUST1060,Electronics,USB-C Hub,North,Mobile App,Net Banking,1,1428.63,0.1,1428.63,187.31,2025-05
ORD102026,2025-07-07,CUST1811,Books,Data Analytics Guide,Central,Marketplace,UPI,1,733.69,0.05,733.69,159.54,2025-07
ORD102027,2025-06-28,CUST2042,Home & Kitchen,Non-Stick Pan,East,Mobile App,Debit Card,1,1388.24,0.05,1388.24,257.16,2025-06
ORD102028,2025-09-04,CUST1071,Beauty,Face Wash,Central,Website,UPI,2,363.17,0.1,726.34,211.79,2025-09
ORD102029,2025-09-02,CUST1066,Home & Kitchen,Air Fryer,West,Website,Net Banking,2,5061.51,0.15,10123.02,1590.03,2025-09
ORD102030,2025-06-06,CUST1958,Fashion,Cotton T-Shirt,West,Mobile App,UPI,1,650.44,0.05,650.44,179.3,2025-06
ORD102031,2025-04-05,CUST1524,Beauty,Perfume,East,Marketplace,Net Banking,3,1351.47,0.15,4054.41,1209.31,2025-04
ORD102032,2025-03-12,CUST1308,Beauty,Perfume,East,Mobile App,UPI,1,1315.03,0.15,1315.03,359.6,2025-03
ORD102033,2025-05-03,CUST1800,Electronics,Smart Watch,South,Mobile App,Debit Card,1,3239.29,0.1,3239.29,573.98,2025-05
ORD102034,2025-04-04,CUST2083,Beauty,Moisturizer,West,Marketplace,UPI,1,582.87,0.0,582.87,179.4,2025-04
ORD102035,2025-07-25,CUST1521,Beauty,Moisturizer,North,Website,UPI,3,542.51,0.15,1627.53,405.67,2025-07
ORD102036,2025-07-22,CUST1002,Electronics,USB-C Hub,West,Website,Net Banking,2,1221.65,0.15,2443.3,347.02,2025-07
ORD102037,2025-10-05,CUST1377,Home & Kitchen,Mixer Grinder,North,Website,UPI,1,3498.25,0.2,3498.25,530.57,2025-10
ORD102038,2025-05-05,CUST1523,Home & Kitchen,Electric Kettle,South,Mobile App,Debit Card,2,1692.18,0.0,3384.36,643.89,2025-05
ORD102039,2025-09-11,CUST1904,Fashion,Casual Shirt,East,Mobile App,Debit Card,1,1249.97,0.25,1249.97,259.46,2025-09
ORD102040,2025-08-25,CUST1994,Electronics,Power Bank,East,Mobile App,Debit Card,3,899.55,0.05,2698.6499999999996,616.31,2025-08
ORD102041,2025-05-21,CUST1955,Books,Fiction Novel,North,Website,Net Banking,3,421.31,0.05,1263.93,267.31,2025-05
ORD102042,2025-07-29,CUST2136,Home & Kitchen,Air Fryer,North,Mobile App,UPI,1,4932.74,0.05,4932.74,789.21,2025-07
ORD102043,2025-12-21,CUST1533,Beauty,Perfume,South,Website,UPI,3,1180.53,0.1,3541.59,1017.76,2025-12
ORD102044,2025-08-17,CUST1640,Beauty,Face Wash,West,Mobile App,Net Banking,4,386.51,0.25,1546.04,396.4,2025-08
ORD102045,2025-04-03,CUST1161,Home & Kitchen,Mixer Grinder,Central,Website,UPI,2,3818.23,0.1,7636.46,1272.88,2025-04
ORD102046,2025-11-05,CUST1737,Fashion,Casual Shirt,West,Mobile App,UPI,2,1211.51,0.1,2423.02,570.67,2025-11
ORD102047,2025-02-17,CUST1573,Electronics,Bluetooth Speaker,South,Website,Net Banking,2,1688.7,0.15,3377.4,412.67,2025-02
ORD102048,2025-10-24,CUST1518,Fashion,Backpack,South,Mobile App,UPI,2,1403.92,0.05,2807.84,716.75,2025-10
ORD102049,2025-12-19,CUST1344,Fashion,Casual Shirt,West,Marketplace,UPI,1,1285.95,0.05,1285.95,339.74,2025-12
ORD102050,2025-06-08,CUST1739,Beauty,Shampoo,Central,Mobile App,UPI,2,504.18,0.05,1008.36,326.88,2025-06
ORD102051,2025-03-28,CUST1222,Home & Kitchen,Storage Container Set,Central,Mobile App,UPI,4,903.15,0.2,3612.6,581.08,2025-03
ORD102052,2025-12-31,CUST1270,Fashion,Backpack,Central,Marketplace,UPI,4,1416.45,0.25,5665.8,1174.18,2025-12
ORD102053,2025-09-13,CUST1925,Beauty,Face Wash,North,Website,UPI,1,387.91,0.0,387.91,138.13,2025-09
ORD102054,2025-03-20,CUST2055,Electronics,USB-C Hub,West,Marketplace,Credit Card,1,1223.92,0.1,1223.92,182.1,2025-03
ORD102055,2025-09-07,CUST1453,Home & Kitchen,Air Fryer,North,Mobile App,UPI,4,5084.43,0.15,20337.72,3805.1,2025-09
ORD102056,2025-11-18,CUST2139,Books,Fiction Novel,East,Website,UPI,2,377.67,0.05,755.34,176.47,2025-11
ORD102057,2025-12-16,CUST1273,Beauty,Sunscreen,Central,Website,Cash on Delivery,1,700.02,0.0,700.02,220.25,2025-12
ORD102058,2025-12-26,CUST1307,Electronics,Smart Watch,Central,Mobile App,Credit Card,1,3461.44,0.05,3461.44,562.52,2025-12
ORD102059,2025-11-21,CUST1960,Home & Kitchen,Electric Kettle,West,Website,Credit Card,1,1526.39,0.1,1526.39,294.13,2025-11
ORD102060,2025-08-10,CUST1548,Books,Machine Learning Basics,East,Marketplace,UPI,2,944.83,0.05,1889.66,462.77,2025-08
ORD102061,2025-05-03,CUST1685,Home & Kitchen,Mixer Grinder,East,Marketplace,UPI,1,3240.19,0.15,3240.19,587.96,2025-05
ORD102062,2025-12-09,CUST1332,Home & Kitchen,Mixer Grinder,Central,Website,Cash on Delivery,3,3225.46,0.0,9676.380000000001,1854.69,2025-12
ORD102063,2025-07-27,CUST1186,Electronics,Bluetooth Speaker,Central,Marketplace,UPI,2,1647.88,0.1,3295.76,441.46,2025-07
ORD102064,2025-04-17,CUST1562,Books,Data Analytics Guide,East,Mobile App,Net Banking,2,761.75,0.25,1523.5,321.92,2025-04
ORD102065,2025-01-25,CUST2141,Books,Fiction Novel,South,Marketplace,Cash on Delivery,3,385.81,0.1,1157.43,241.64,2025-01
ORD102066,2025-08-12,CUST1298,Home & Kitchen,Storage Container Set,West,Marketplace,UPI,1,962.29,0.05,962.29,202.4,2025-08
ORD102067,2025-12-04,CUST1863,Fashion,Casual Shirt,South,Website,Cash on Delivery,1,1160.47,0.1,1160.47,270.89,2025-12
ORD102068,2025-05-24,CUST1673,Fashion,Running Shoes,North,Mobile App,UPI,2,2427.29,0.15,4854.58,1048.01,2025-05
ORD102069,2025-04-25,CUST1268,Fashion,Running Shoes,West,Website,Debit Card,1,2469.54,0.05,2469.54,623.25,2025-04
ORD102070,2025-06-18,CUST1486,Fashion,Running Shoes,West,Mobile App,Debit Card,3,2460.09,0.25,7380.27,1623.41,2025-06
ORD102071,2025-11-09,CUST1407,Beauty,Moisturizer,Central,Marketplace,UPI,1,544.98,0.15,544.98,163.98,2025-11
ORD102072,2025-02-16,CUST1956,Beauty,Face Wash,East,Mobile App,UPI,3,384.28,0.05,1152.84,349.24,2025-02
ORD102073,2025-01-15,CUST2130,Beauty,Face Wash,South,Marketplace,Credit Card,2,409.66,0.0,819.32,265.71,2025-01
ORD102074,2025-06-03,CUST2177,Home & Kitchen,Storage Container Set,East,Mobile App,UPI,1,857.8,0.0,857.8,174.86,2025-06
ORD102075,2025-04-11,CUST1804,Electronics,Bluetooth Speaker,Central,Mobile App,UPI,4,1676.32,0.25,6705.28,684.15,2025-04
ORD102076,2025-08-10,CUST1616,Fashion,Running Shoes,South,Website,Net Banking,2,2241.19,0.2,4482.38,861.28,2025-08
ORD102077,2025-12-16,CUST1144,Electronics,Smart Watch,North,Mobile App,Debit Card,1,3075.04,0.15,3075.04,428.92,2025-12
ORD102078,2025-05-21,CUST1318,Electronics,USB-C Hub,West,Mobile App,Net Banking,1,1400.56,0.0,1400.56,238.46,2025-05
ORD102079,2025-04-19,CUST1975,Home & Kitchen,Non-Stick Pan,Central,Website,Cash on Delivery,1,1244.07,0.1,1244.07,236.36,2025-04
ORD102080,2025-07-08,CUST1772,Beauty,Shampoo,East,Mobile App,UPI,1,491.64,0.05,491.64,137.13,2025-07
ORD102081,2025-12-14,CUST1429,Electronics,Smart Watch,Central,Mobile App,Credit Card,2,3002.64,0.2,6005.28,678.67,2025-12
ORD102082,2025-03-28,CUST1515,Electronics,Wireless Headphones,West,Mobile App,Cash on Delivery,1,2639.97,0.0,2639.97,467.94,2025-03
ORD102083,2025-01-04,CUST1316,Electronics,Power Bank,East,Marketplace,Credit Card,1,1052.64,0.05,1052.64,215.62,2025-01
ORD102084,2025-08-18,CUST1728,Books,Business Management,West,Website,UPI,1,520.8,0.1,520.8,118.23,2025-08
ORD102085,2025-01-07,CUST1852,Home & Kitchen,Storage Container Set,North,Website,Credit Card,3,882.64,0.0,2647.92,618.15,2025-01
ORD102086,2025-05-23,CUST1657,Beauty,Face Wash,Central,Website,Cash on Delivery,2,373.47,0.0,746.94,253.14,2025-05
ORD102087,2025-12-30,CUST1986,Home & Kitchen,Mixer Grinder,West,Website,Cash on Delivery,1,3634.08,0.1,3634.08,812.36,2025-12
ORD102088,2025-04-15,CUST1466,Beauty,Shampoo,West,Website,UPI,2,451.92,0.05,903.84,269.47,2025-04
ORD102089,2025-04-04,CUST1324,Home & Kitchen,Storage Container Set,East,Website,Net Banking,1,850.17,0.15,850.17,150.8,2025-04
ORD102090,2025-08-01,CUST1818,Electronics,USB-C Hub,South,Mobile App,Debit Card,1,1386.29,0.2,1386.29,171.64,2025-08
ORD102091,2025-07-23,CUST1940,Home & Kitchen,Storage Container Set,West,Website,Debit Card,1,892.77,0.2,892.77,135.65,2025-07
ORD102092,2025-05-20,CUST1400,Fashion,Running Shoes,West,Website,Debit Card,2,2113.72,0.1,4227.44,1017.09,2025-05
ORD102093,2025-06-29,CUST1100,Books,Machine Learning Basics,West,Website,UPI,1,862.32,0.05,862.32,247.75,2025-06
ORD102094,2025-03-25,CUST1851,Home & Kitchen,Air Fryer,North,Website,UPI,2,4569.11,0.1,9138.22,1707.1,2025-03
ORD102095,2025-06-30,CUST1576,Beauty,Perfume,West,Website,UPI,3,1372.25,0.0,4116.75,1218.6,2025-06
ORD102096,2025-10-17,CUST1446,Fashion,Cotton T-Shirt,Central,Website,UPI,3,683.42,0.1,2050.2599999999998,475.81,2025-10
ORD102097,2025-09-14,CUST1268,Fashion,Cotton T-Shirt,East,Mobile App,Debit Card,4,701.95,0.25,2807.8,535.63,2025-09
ORD102098,2025-09-30,CUST1625,Fashion,Backpack,West,Mobile App,Debit Card,1,1473.04,0.1,1473.04,372.02,2025-09
ORD102099,2025-08-19,CUST1925,Electronics,Smart Watch,Central,Marketplace,UPI,2,3065.11,0.1,6130.22,1062.86,2025-08
ORD102100,2025-07-23,CUST2170,Books,Python Programming,West,Website,UPI,1,630.46,0.0,630.46,173.52,2025-07
ORD102101,2025-12-22,CUST1241,Fashion,Backpack,Central,Mobile App,UPI,1,1325.88,0.1,1325.88,317.66,2025-12
ORD102102,2025-01-20,CUST2061,Home & Kitchen,Mixer Grinder,Central,Marketplace,UPI,1,3660.86,0.2,3660.86,535.49,2025-01
ORD102103,2025-01-11,CUST2073,Books,Python Programming,East,Marketplace,Credit Card,1,544.96,0.2,544.96,89.28,2025-01
ORD102104,2025-07-07,CUST2174,Books,Fiction Novel,Central,Website,UPI,1,366.23,0.15,366.23,76.74,2025-07
ORD102105,2025-10-16,CUST1205,Fashion,Running Shoes,East,Mobile App,Cash on Delivery,1,2132.62,0.05,2132.62,557.48,2025-10
ORD102106,2025-02-18,CUST1206,Fashion,Cotton T-Shirt,South,Mobile App,Cash on Delivery,2,717.26,0.0,1434.52,426.02,2025-02
ORD102107,2025-04-07,CUST1955,Home & Kitchen,Storage Container Set,Central,Marketplace,Cash on Delivery,4,890.84,0.15,3563.36,624.36,2025-04
ORD102108,2025-06-16,CUST2184,Fashion,Cotton T-Shirt,West,Website,Credit Card,1,762.31,0.0,762.31,224.09,2025-06
ORD102109,2025-06-16,CUST2172,Beauty,Perfume,West,Website,Credit Card,1,1320.31,0.2,1320.31,345.19,2025-06
ORD102110,2025-01-31,CUST1453,Beauty,Moisturizer,North,Mobile App,Debit Card,1,595.16,0.1,595.16,176.66,2025-01
ORD102111,2025-06-02,CUST1917,Fashion,Casual Shirt,South,Website,Net Banking,3,1214.92,0.15,3644.76,828.29,2025-06
ORD102112,2025-10-21,CUST1871,Fashion,Casual Shirt,East,Website,Credit Card,1,1257.65,0.05,1257.65,336.93,2025-10
ORD102113,2025-11-01,CUST2094,Fashion,Cotton T-Shirt,South,Mobile App,UPI,1,746.43,0.1,746.43,186.6,2025-11
ORD102114,2025-09-02,CUST1057,Home & Kitchen,Electric Kettle,West,Website,UPI,2,1751.56,0.25,3503.12,604.24,2025-09
ORD102115,2025-01-22,CUST1157,Electronics,Bluetooth Speaker,North,Website,Debit Card,1,1701.1,0.15,1701.1,201.19,2025-01
ORD102116,2025-06-04,CUST1661,Electronics,USB-C Hub,Central,Website,Debit Card,1,1227.11,0.15,1227.11,134.53,2025-06
ORD102117,2025-05-11,CUST2045,Books,Machine Learning Basics,East,Mobile App,Cash on Delivery,3,844.8,0.0,2534.3999999999996,609.59,2025-05
ORD102118,2025-12-13,CUST1993,Electronics,Smart Watch,East,Marketplace,UPI,2,3183.94,0.05,6367.88,1090.39,2025-12
ORD102119,2025-03-21,CUST1013,Fashion,Denim Jeans,East,Mobile App,UPI,1,1629.58,0.05,1629.58,471.53,2025-03
ORD102120,2025-06-07,CUST1798,Electronics,Power Bank,East,Marketplace,Debit Card,1,990.95,0.0,990.95,152.98,2025-06
ORD102121,2025-04-12,CUST1689,Fashion,Denim Jeans,South,Mobile App,Credit Card,1,1627.99,0.1,1627.99,415.26,2025-04
ORD102122,2025-12-22,CUST1885,Electronics,Wireless Headphones,South,Website,Credit Card,2,2329.59,0.0,4659.18,739.18,2025-12
ORD102123,2025-09-13,CUST1274,Home & Kitchen,Air Fryer,East,Marketplace,Cash on Delivery,1,5365.26,0.05,5365.26,1142.4,2025-09
ORD102124,2025-12-10,CUST1717,Home & Kitchen,Mixer Grinder,Central,Marketplace,UPI,1,3538.4,0.05,3538.4,756.23,2025-12
ORD102125,2025-04-27,CUST1822,Books,Business Management,Central,Website,UPI,1,453.69,0.05,453.69,95.71,2025-04
ORD102126,2025-08-09,CUST1467,Fashion,Backpack,North,Website,Credit Card,1,1409.02,0.05,1409.02,389.02,2025-08
ORD102127,2025-09-08,CUST1922,Beauty,Moisturizer,Central,Marketplace,UPI,1,544.79,0.2,544.79,116.48,2025-09
ORD102128,2025-06-01,CUST1013,Books,Fiction Novel,East,Website,UPI,4,414.37,0.05,1657.48,382.51,2025-06
ORD102129,2025-01-24,CUST1538,Fashion,Casual Shirt,South,Website,Credit Card,1,1177.45,0.1,1177.45,304.54,2025-01
ORD102130,2025-01-05,CUST1157,Fashion,Backpack,West,Mobile App,Net Banking,2,1405.38,0.1,2810.76,770.16,2025-01
ORD102131,2025-10-15,CUST1477,Books,Python Programming,North,Website,Debit Card,1,562.68,0.15,562.68,101.13,2025-10
ORD102132,2025-02-20,CUST1439,Books,Machine Learning Basics,Central,Website,Debit Card,2,830.21,0.05,1660.42,413.34,2025-02
ORD102133,2025-02-27,CUST2150,Books,Python Programming,North,Mobile App,UPI,3,571.69,0.15,1715.0700000000002,420.98,2025-02
ORD102134,2025-06-30,CUST1133,Fashion,Casual Shirt,North,Mobile App,UPI,2,1164.98,0.1,2329.96,599.48,2025-06
ORD102135,2025-07-17,CUST1781,Fashion,Denim Jeans,East,Mobile App,Net Banking,1,1381.21,0.15,1381.21,336.9,2025-07
ORD102136,2025-04-17,CUST1600,Electronics,Wireless Headphones,South,Marketplace,Cash on Delivery,1,2311.33,0.2,2311.33,347.27,2025-04
ORD102137,2025-12-21,CUST2185,Fashion,Cotton T-Shirt,South,Marketplace,Credit Card,5,724.28,0.05,3621.3999999999996,787.22,2025-12
ORD102138,2025-02-05,CUST2043,Beauty,Shampoo,East,Mobile App,Debit Card,2,534.42,0.05,1068.84,361.87,2025-02
ORD102139,2025-07-22,CUST1639,Electronics,Power Bank,East,Website,Cash on Delivery,4,969.83,0.05,3879.32,520.84,2025-07
ORD102140,2025-08-13,CUST1103,Fashion,Backpack,East,Website,Debit Card,2,1323.77,0.25,2647.54,544.1,2025-08
ORD102141,2025-02-05,CUST1134,Home & Kitchen,Storage Container Set,Central,Mobile App,Credit Card,1,868.65,0.0,868.65,195.24,2025-02
ORD102142,2025-06-10,CUST2013,Electronics,Smart Watch,South,Website,Credit Card,1,3186.18,0.1,3186.18,387.96,2025-06
ORD102143,2025-08-02,CUST1534,Fashion,Denim Jeans,South,Mobile App,UPI,1,1542.94,0.05,1542.94,346.33,2025-08
ORD102144,2025-06-23,CUST1406,Books,Python Programming,South,Mobile App,Credit Card,3,627.71,0.0,1883.13,523.72,2025-06
ORD102145,2025-08-11,CUST1509,Fashion,Cotton T-Shirt,North,Website,Cash on Delivery,3,757.8,0.15,2273.3999999999996,522.27,2025-08
ORD102146,2025-07-30,CUST2121,Fashion,Running Shoes,Central,Website,Cash on Delivery,1,2382.17,0.15,2382.17,668.0,2025-07
ORD102147,2025-01-03,CUST1796,Electronics,Smart Watch,North,Website,Net Banking,4,3109.73,0.0,12438.92,1617.28,2025-01
ORD102148,2025-11-17,CUST1138,Electronics,USB-C Hub,East,Website,UPI,3,1219.35,0.05,3658.0499999999997,621.15,2025-11
ORD102149,2025-09-02,CUST1596,Home & Kitchen,Mixer Grinder,West,Marketplace,UPI,2,3313.48,0.05,6626.96,1374.89,2025-09
ORD102150,2025-11-06,CUST1723,Beauty,Moisturizer,North,Website,UPI,3,608.38,0.25,1825.1399999999999,395.31,2025-11
ORD102151,2025-01-22,CUST2123,Home & Kitchen,Air Fryer,South,Mobile App,Credit Card,4,5142.97,0.0,20571.88,4910.98,2025-01
ORD102152,2025-11-24,CUST1306,Electronics,USB-C Hub,West,Website,Credit Card,1,1402.96,0.15,1402.96,235.11,2025-11
ORD102153,2025-12-23,CUST1573,Beauty,Perfume,South,Mobile App,UPI,1,1360.93,0.2,1360.93,330.64,2025-12
ORD102154,2025-09-23,CUST1107,Home & Kitchen,Electric Kettle,East,Marketplace,Debit Card,3,1554.99,0.05,4664.97,827.41,2025-09
ORD102155,2025-09-16,CUST1046,Books,Machine Learning Basics,South,Mobile App,Credit Card,1,859.02,0.1,859.02,197.25,2025-09
ORD102156,2025-11-20,CUST1451,Beauty,Perfume,East,Mobile App,UPI,2,1422.18,0.15,2844.36,806.29,2025-11
ORD102157,2025-10-29,CUST1246,Fashion,Backpack,East,Marketplace,Debit Card,3,1269.41,0.1,3808.2300000000005,1002.93,2025-10
ORD102158,2025-06-06,CUST1107,Fashion,Running Shoes,West,Website,Debit Card,2,2264.26,0.15,4528.52,1094.3,2025-06
ORD102159,2025-06-05,CUST1908,Electronics,Wireless Headphones,South,Website,Credit Card,1,2690.13,0.05,2690.13,506.49,2025-06
ORD102160,2025-05-16,CUST1158,Home & Kitchen,Storage Container Set,South,Mobile App,UPI,1,920.91,0.05,920.91,199.24,2025-05
ORD102161,2025-12-19,CUST2029,Beauty,Moisturizer,West,Mobile App,Net Banking,2,613.99,0.15,1227.98,324.47,2025-12
ORD102162,2025-12-10,CUST1388,Home & Kitchen,Air Fryer,North,Marketplace,Credit Card,2,5110.31,0.15,10220.62,1648.85,2025-12
ORD102163,2025-08-24,CUST1373,Fashion,Cotton T-Shirt,East,Marketplace,Credit Card,1,743.58,0.1,743.58,202.16,2025-08
ORD102164,2025-09-11,CUST1020,Fashion,Cotton T-Shirt,West,Mobile App,Net Banking,3,733.28,0.0,2199.84,580.03,2025-09
ORD102165,2025-09-24,CUST2112,Fashion,Backpack,West,Mobile App,Debit Card,2,1413.78,0.15,2827.56,665.59,2025-09
ORD102166,2025-03-08,CUST1640,Home & Kitchen,Storage Container Set,Unknown,Website,Debit Card,4,979.29,0.15,3917.16,597.78,2025-03
ORD102167,2025-11-05,CUST1412,Home & Kitchen,Storage Container Set,South,Website,Credit Card,2,929.4,0.05,1858.8,290.19,2025-11
ORD102168,2025-06-06,CUST1584,Beauty,Face Wash,West,Mobile App,UPI,3,424.42,0.15,1273.26,333.31,2025-06
ORD102169,2025-12-28,CUST1222,Books,Python Programming,Central,Mobile App,Credit Card,1,584.95,0.1,584.95,136.41,2025-12
ORD102170,2025-05-14,CUST1464,Books,Machine Learning Basics,East,Mobile App,UPI,2,880.74,0.0,1761.48,368.42,2025-05
ORD102171,2025-12-16,CUST1379,Electronics,Wireless Headphones,Central,Marketplace,UPI,1,2677.6,0.15,2677.6,297.36,2025-12
ORD102172,2025-08-13,CUST1480,Beauty,Sunscreen,Central,Mobile App,Credit Card,1,632.82,0.15,632.82,149.59,2025-08
ORD102173,2025-11-26,CUST1511,Electronics,Bluetooth Speaker,East,Mobile App,Debit Card,3,1710.9,0.05,5132.700000000001,732.63,2025-11
ORD102174,2025-12-13,CUST1721,Books,Data Analytics Guide,Central,Website,Credit Card,1,811.13,0.15,811.13,154.87,2025-12
ORD102175,2025-01-05,CUST1119,Home & Kitchen,Storage Container Set,North,Website,Credit Card,2,872.74,0.1,1745.48,254.14,2025-01
ORD102176,2025-01-01,CUST2191,Beauty,Perfume,South,Marketplace,Debit Card,1,1291.98,0.15,1291.98,326.72,2025-01
ORD102177,2025-09-24,CUST1997,Books,Data Analytics Guide,East,Mobile App,Credit Card,4,733.48,0.2,2933.92,598.63,2025-09
ORD102178,2025-07-01,CUST1984,Electronics,USB-C Hub,North,Website,UPI,1,1226.78,0.1,1226.78,165.68,2025-07
ORD102179,2025-06-09,CUST1910,Electronics,USB-C Hub,South,Website,UPI,1,1401.6,0.25,1401.6,156.37,2025-06
ORD102180,2025-07-15,CUST1845,Home & Kitchen,Air Fryer,Central,Website,Credit Card,2,5223.94,0.15,10447.88,1603.18,2025-07
ORD102181,2025-12-12,CUST1261,Electronics,Power Bank,North,Website,Credit Card,3,1098.39,0.25,3295.17,369.56,2025-12
ORD102182,2025-08-24,CUST2056,Home & Kitchen,Air Fryer,South,Mobile App,Cash on Delivery,4,4692.42,0.2,18769.68,3535.69,2025-08
ORD102183,2025-10-05,CUST1175,Electronics,Smart Watch,South,Mobile App,Cash on Delivery,4,3552.26,0.15,14209.04,1949.26,2025-10
ORD102184,2025-09-10,CUST1271,Books,Fiction Novel,Central,Website,Debit Card,1,398.92,0.15,398.92,90.41,2025-09
ORD102185,2025-12-02,CUST1528,Beauty,Perfume,North,Mobile App,UPI,4,1291.79,0.05,5167.16,1450.89,2025-12
ORD102186,2025-05-11,CUST1561,Electronics,Wireless Headphones,Central,Website,Net Banking,1,2411.43,0.15,2411.43,232.57,2025-05
ORD102187,2025-04-14,CUST1707,Home & Kitchen,Air Fryer,West,Website,UPI,3,4950.78,0.2,14852.34,2943.18,2025-04
ORD102188,2025-08-01,CUST1766,Electronics,Smart Watch,Central,Mobile App,Cash on Delivery,1,3275.88,0.1,3275.88,560.25,2025-08
ORD102189,2025-12-19,CUST2161,Electronics,Power Bank,East,Website,Debit Card,3,958.13,0.1,2874.39,428.69,2025-12
ORD102190,2025-06-30,CUST1836,Home & Kitchen,Storage Container Set,South,Website,UPI,1,957.18,0.0,957.18,191.83,2025-06
ORD102191,2025-04-16,CUST2129,Fashion,Cotton T-Shirt,Central,Website,UPI,2,743.6,0.2,1487.2,353.0,2025-04
ORD102192,2025-01-24,CUST1343,Home & Kitchen,Storage Container Set,East,Mobile App,UPI,1,828.82,0.1,828.82,140.61,2025-01
ORD102193,2025-12-21,CUST1561,Home & Kitchen,Mixer Grinder,Central,Mobile App,Debit Card,1,3605.05,0.25,3605.05,445.85,2025-12
ORD102194,2025-10-19,CUST1311,Electronics,Bluetooth Speaker,Unknown,Marketplace,UPI,2,1653.0,0.15,3306.0,544.79,2025-10
ORD102195,2025-04-29,CUST1821,Electronics,Power Bank,South,Website,Cash on Delivery,5,1054.75,0.1,5273.75,783.17,2025-04
ORD102196,2025-04-28,CUST1979,Fashion,Casual Shirt,North,Mobile App,Cash on Delivery,2,1149.84,0.0,2299.68,622.54,2025-04
ORD102197,2025-03-26,CUST1322,Books,Machine Learning Basics,Central,Website,Net Banking,2,915.53,0.1,1831.06,484.23,2025-03
ORD102198,2025-08-17,CUST1998,Home & Kitchen,Storage Container Set,South,Marketplace,Cash on Delivery,1,858.09,0.05,858.09,157.6,2025-08
ORD102199,2025-07-08,CUST1394,Electronics,USB-C Hub,West,Mobile App,Net Banking,1,1308.39,0.1,1308.39,211.33,2025-07
ORD102200,2025-08-25,CUST1280,Home & Kitchen,Electric Kettle,West,Website,Cash on Delivery,2,1540.38,0.15,3080.76,488.12,2025-08
ORD102201,2025-06-20,CUST1850,Home & Kitchen,Non-Stick Pan,South,Website,Credit Card,1,1233.03,0.05,1233.03,220.94,2025-06
ORD102202,2025-05-05,CUST1528,Fashion,Cotton T-Shirt,East,Website,UPI,4,755.05,0.05,3020.2,863.18,2025-05
ORD102203,2025-08-10,CUST1876,Books,Business Management,South,Mobile App,UPI,3,453.63,0.0,1360.8899999999999,355.79,2025-08
ORD102204,2025-11-21,CUST1842,Fashion,Running Shoes,West,Marketplace,Credit Card,2,2518.73,0.15,5037.46,1323.64,2025-11
ORD102205,2025-01-13,CUST1162,Electronics,Bluetooth Speaker,West,Mobile App,UPI,1,1905.64,0.05,1905.64,283.4,2025-01
ORD102206,2025-08-13,CUST1431,Electronics,USB-C Hub,South,Website,Credit Card,1,1224.88,0.2,1224.88,141.66,2025-08
ORD102207,2025-12-17,CUST2185,Books,Machine Learning Basics,East,Marketplace,Net Banking,1,975.71,0.1,975.71,179.36,2025-12
ORD102208,2025-10-21,CUST1127,Electronics,Wireless Headphones,East,Website,UPI,1,2574.53,0.15,2574.53,362.73,2025-10
ORD102209,2025-04-09,CUST1182,Home & Kitchen,Mixer Grinder,North,Website,Debit Card,2,3153.5,0.0,6307.0,1145.75,2025-04
ORD102210,2025-03-26,CUST1319,Beauty,Perfume,North,Mobile App,Net Banking,1,1373.59,0.15,1373.59,347.64,2025-03
ORD102211,2025-03-13,CUST1888,Fashion,Backpack,South,Mobile App,UPI,1,1402.43,0.05,1402.43,376.59,2025-03
ORD102212,2025-05-28,CUST1443,Home & Kitchen,Air Fryer,North,Website,Debit Card,2,4716.05,0.0,9432.1,1930.69,2025-05
ORD102213,2025-01-24,CUST1731,Electronics,Power Bank,North,Mobile App,Credit Card,3,923.48,0.25,2770.44,285.69,2025-01
ORD102214,2025-05-11,CUST1824,Beauty,Perfume,North,Website,Debit Card,1,1287.18,0.0,1287.18,400.36,2025-05
ORD102215,2025-09-01,CUST1164,Books,Machine Learning Basics,West,Website,Credit Card,2,940.55,0.0,1881.1,513.81,2025-09
ORD102216,2025-08-27,CUST1727,Fashion,Denim Jeans,East,Website,Debit Card,1,1600.32,0.2,1600.32,355.85,2025-08
ORD102217,2025-10-14,CUST1917,Beauty,Perfume,West,Mobile App,Credit Card,1,1291.05,0.15,1291.05,333.55,2025-10
ORD102218,2025-12-20,CUST1271,Fashion,Backpack,East,Website,UPI,3,1359.68,0.0,4079.04,1135.93,2025-12
ORD102219,2025-08-14,CUST2031,Fashion,Running Shoes,West,Website,Net Banking,1,2091.34,0.1,2091.34,545.39,2025-08
ORD102220,2025-03-25,CUST1779,Home & Kitchen,Air Fryer,South,website,UPI,1,5204.25,0.0,5204.25,1065.59,2025-03
ORD102221,2025-02-11,CUST1285,Home & Kitchen,Storage Container Set,West,Mobile App,Credit Card,1,816.05,0.05,816.05,144.05,2025-02
ORD102222,2025-06-30,CUST1883,Home & Kitchen,Mixer Grinder,South,Mobile App,Cash on Delivery,4,3424.45,0.15,13697.8,2674.16,2025-06
ORD102223,2025-01-29,CUST1509,Fashion,Denim Jeans,East,Marketplace,UPI,4,1550.86,0.0,6203.44,1687.17,2025-01
ORD102224,2025-10-19,CUST1029,Beauty,Perfume,East,Website,Cash on Delivery,2,1289.38,0.1,2578.76,678.55,2025-10
ORD102225,2025-12-29,CUST1200,Fashion,Cotton T-Shirt,South,Website,Credit Card,2,696.15,0.1,1392.3,327.2,2025-12
ORD102226,2025-07-21,CUST1433,Electronics,Bluetooth Speaker,East,Website,UPI,2,1838.94,0.0,3677.88,560.52,2025-07
ORD102227,2025-02-19,CUST1331,Electronics,Smart Watch,East,Website,Debit Card,2,3115.25,0.2,6230.5,1049.72,2025-02
ORD102228,2025-05-11,CUST1724,Electronics,Bluetooth Speaker,South,Website,UPI,1,1906.28,0.0,1906.28,300.25,2025-05
ORD102229,2025-01-18,CUST1934,Electronics,Wireless Headphones,North,Mobile App,UPI,1,2649.44,0.1,2649.44,328.64,2025-01
ORD102230,2025-04-14,CUST1289,Books,Machine Learning Basics,West,Website,UPI,1,938.79,0.1,938.79,222.7,2025-04
ORD102231,2025-03-10,CUST1301,Books,Python Programming,East,Mobile App,Cash on Delivery,1,596.99,0.2,596.99,110.18,2025-03
ORD102232,2025-05-27,CUST1886,Electronics,Unknown,North,Mobile App,Credit Card,1,1289.11,0.2,1289.11,162.45,2025-05
ORD102233,2025-02-26,CUST1650,Books,Fiction Novel,North,Website,UPI,1,404.06,0.15,404.06,90.95,2025-02
ORD102234,2025-04-26,CUST1361,Books,Business Management,East,Mobile App,UPI,1,505.06,0.1,505.06,105.09,2025-04
ORD102235,2025-04-20,CUST1052,Beauty,Perfume,East,Website,Debit Card,3,1408.29,0.1,4224.87,1135.38,2025-04
ORD102236,2025-09-16,CUST1065,Beauty,Perfume,East,Mobile App,UPI,1,1425.8,0.0,1425.8,422.23,2025-09
ORD102237,2025-06-13,CUST2137,Electronics,Power Bank,South,Website,Debit Card,4,1035.61,0.1,4142.44,430.86,2025-06
ORD102238,2025-04-18,CUST1961,Electronics,Wireless Headphones,West,Mobile App,Debit Card,3,2579.03,0.1,7737.09,1197.01,2025-04
ORD102239,2025-03-23,CUST1221,Fashion,Running Shoes,East,Mobile App,Debit Card,3,2275.41,0.0,6826.23,1491.7,2025-03
ORD102240,2025-09-10,CUST1934,Beauty,Sunscreen,West,Website,Credit Card,1,679.21,0.05,679.21,212.56,2025-09
ORD102241,2025-10-16,CUST1105,Home & Kitchen,Mixer Grinder,West,Mobile App,UPI,1,3276.75,0.1,3276.75,506.93,2025-10
ORD102242,2025-02-06,CUST2043,Electronics,USB-C Hub,East,Website,Debit Card,3,1319.24,0.05,3957.7200000000003,546.19,2025-02
ORD102243,2025-06-19,CUST1294,Electronics,Wireless Headphones,South,Website,Net Banking,1,2490.73,0.05,2490.73,438.24,2025-06
ORD102244,2025-09-23,CUST1908,Home & Kitchen,Storage Container Set,North,Marketplace,Debit Card,4,973.91,0.2,3895.64,625.79,2025-09
ORD102245,2025-12-16,CUST1388,Home & Kitchen,Non-Stick Pan,North,Mobile App,Debit Card,2,1237.76,0.15,2475.52,444.84,2025-12
ORD102246,2025-06-06,CUST1449,Books,Data Analytics Guide,South,Website,Debit Card,1,750.62,0.1,750.62,178.03,2025-06
ORD102247,2025-06-09,CUST1178,Beauty,Sunscreen,East,Mobile App,Net Banking,1,721.04,0.25,721.04,171.11,2025-06
ORD102248,2025-11-11,CUST2162,Books,Business Management,East,Marketplace,UPI,5,495.99,0.15,2479.95,531.24,2025-11
ORD102249,2025-11-29,CUST2080,Home & Kitchen,Storage Container Set,North,Mobile App,Cash on Delivery,1,970.96,0.1,970.96,213.24,2025-11
ORD102250,2025-11-29,CUST1882,Beauty,Face Wash,Central,Website,Cash on Delivery,1,389.74,0.0,389.74,116.53,2025-11
ORD102251,2025-12-24,Unknown,Electronics,USB-C Hub,West,Marketplace,UPI,1,1259.93,0.1,1259.93,174.28,2025-12
ORD102252,2025-09-04,CUST1264,Home & Kitchen,Storage Container Set,East,Mobile App,Credit Card,1,939.64,0.05,939.64,197.75,2025-09
ORD102253,2025-07-02,CUST2130,Books,Fiction Novel,West,Mobile App,Cash on Delivery,1,428.29,0.05,428.29,100.65,2025-07
ORD102254,2025-12-03,CUST1119,Books,Machine Learning Basics,Central,Marketplace,Cash on Delivery,2,971.63,0.0,1943.26,446.74,2025-12
ORD102255,2025-08-05,CUST1990,Home & Kitchen,Non-Stick Pan,West,Mobile App,Debit Card,1,1271.38,0.25,1271.38,212.11,2025-08
ORD102256,2025-01-02,CUST1217,Electronics,Bluetooth Speaker,North,Mobile App,upi,2,1821.11,0.05,3642.22,505.1,2025-01
ORD102257,2025-03-23,CUST2028,Electronics,Power Bank,East,Marketplace,UPI,1,965.33,0.25,965.33,100.69,2025-03
ORD102258,2025-06-26,CUST1543,Electronics,Bluetooth Speaker,Central,Marketplace,UPI,2,1772.33,0.05,3544.66,662.43,2025-06
ORD102259,2025-03-13,CUST1822,Books,Business Management,North,Marketplace,Credit Card,1,472.86,0.05,472.86,122.5,2025-03
ORD102260,2025-03-14,CUST1896,Fashion,Casual Shirt,South,Website,UPI,2,1311.11,0.25,2622.22,567.52,2025-03
ORD102261,2025-06-20,CUST2003,Electronics,Bluetooth Speaker,South,Website,Credit Card,2,1702.26,0.05,3404.52,490.79,2025-06
ORD102262,2025-05-02,CUST1489,Home & Kitchen,Storage Container Set,East,Marketplace,UPI,1,912.33,0.25,912.33,154.67,2025-05
ORD102263,2025-12-18,CUST1754,Home & Kitchen,Mixer Grinder,Central,Mobile App,Debit Card,2,3216.25,0.25,6432.5,918.2,2025-12
ORD102264,2025-09-16,CUST1988,Books,Fiction Novel,West,Website,UPI,2,392.16,0.0,784.32,226.85,2025-09
ORD102265,2025-11-11,CUST1542,Electronics,Wireless Headphones,Central,Mobile App,Debit Card,1,2678.9,0.2,2678.9,347.66,2025-11
ORD102266,2025-08-20,CUST1613,Home & Kitchen,Air Fryer,North,Website,UPI,1,4820.35,0.1,4820.35,852.37,2025-08
ORD102267,2025-09-25,CUST1137,Books,Python Programming,South,Mobile App,Credit Card,3,592.66,0.2,1777.98,312.34,2025-09
ORD102268,2025-08-02,CUST1247,Electronics,Power Bank,South,Marketplace,Credit Card,1,991.25,0.1,991.25,135.0,2025-08
ORD102269,2025-08-17,CUST1688,Home & Kitchen,Storage Container Set,West,Marketplace,UPI,2,964.41,0.15,1928.82,384.25,2025-08
ORD102270,2025-03-08,CUST1627,Beauty,Moisturizer,North,Marketplace,UPI,3,560.82,0.1,1682.46,500.96,2025-03
ORD102271,2025-02-13,CUST1304,Home & Kitchen,Mixer Grinder,Central,Mobile App,Cash on Delivery,2,3222.63,0.2,6445.26,1134.28,2025-02
ORD102272,2025-08-13,CUST2167,Beauty,Moisturizer,South,Website,Credit Card,2,598.17,0.15,1196.34,322.29,2025-08
ORD102273,2025-09-26,CUST1681,Beauty,Shampoo,East,Mobile App,Credit Card,3,453.34,0.25,1360.02,297.72,2025-09
ORD102274,2025-02-06,CUST1978,Home & Kitchen,Storage Container Set,East,Marketplace,UPI,1,844.95,0.1,844.95,139.08,2025-02
ORD102275,2025-03-04,CUST1957,Fashion,Cotton T-Shirt,North,Website,UPI,1,749.17,0.05,749.17,197.31,2025-03
ORD102276,2025-01-11,CUST1960,Electronics,Power Bank,West,Marketplace,Credit Card,1,1097.62,0.1,1097.62,163.55,2025-01
ORD102277,2025-07-06,CUST1485,Electronics,Smart Watch,North,Website,UPI,1,3033.52,0.1,3033.52,398.03,2025-07
ORD102278,2025-07-03,CUST2140,Home & Kitchen,Non-Stick Pan,West,Mobile App,Credit Card,1,1275.12,0.2,1275.12,184.94,2025-07
ORD102279,2025-04-19,CUST1263,Home & Kitchen,Storage Container Set,East,Website,UPI,2,975.94,0.25,1951.88,259.56,2025-04
ORD102280,2025-07-15,CUST1426,Electronics,USB-C Hub,East,Website,UPI,1,1307.02,0.25,1307.02,199.2,2025-07
ORD102281,2025-10-30,CUST1358,Electronics,Power Bank,Central,Website,Debit Card,2,1013.44,0.1,2026.88,414.79,2025-10
ORD102282,2025-01-30,CUST1936,Books,Data Analytics Guide,Central,Mobile App,UPI,1,708.9,0.05,708.9,157.51,2025-01
ORD102283,2025-01-19,CUST1605,Beauty,Moisturizer,North,Mobile App,Debit Card,2,551.5,0.1,1103.0,306.2,2025-01
ORD102284,2025-08-20,CUST1701,Beauty,Perfume,South,Mobile App,Cash on Delivery,1,1280.68,0.05,1280.68,422.46,2025-08
ORD102285,2025-03-09,CUST1446,Books,Business Management,North,Marketplace,UPI,3,511.51,0.05,1534.53,308.27,2025-03
ORD102286,2025-04-29,CUST1787,Home & Kitchen,Non-Stick Pan,West,Website,UPI,2,1257.29,0.1,2514.58,401.52,2025-04
ORD102287,2025-10-21,CUST1602,Beauty,Face Wash,East,Mobile App,Debit Card,1,369.79,0.0,369.79,123.18,2025-10
ORD102288,2025-07-24,CUST1285,Books,Machine Learning Basics,West,Website,Debit Card,1,964.52,0.1,964.52,247.62,2025-07
ORD102289,2025-11-03,CUST1568,Home & Kitchen,Air Fryer,East,Website,Credit Card,3,4578.92,0.15,13736.76,2185.19,2025-11
ORD102290,2025-12-28,CUST1753,Fashion,Denim Jeans,South,Mobile App,Debit Card,2,1390.75,0.1,2781.5,760.32,2025-12
ORD102291,2025-08-19,CUST1449,Electronics,Wireless Headphones,West,Website,UPI,1,2257.53,0.15,2257.53,255.29,2025-08
ORD102292,2025-12-22,CUST1091,Home & Kitchen,Storage Container Set,West,Mobile App,UPI,2,821.31,0.05,1642.62,330.93,2025-12
ORD102293,2025-03-10,CUST1114,Beauty,Moisturizer,West,Website,Debit Card,2,592.85,0.0,1185.7,340.47,2025-03
ORD102294,2025-05-03,CUST1516,Fashion,Cotton T-Shirt,West,Mobile App,Credit Card,3,658.02,0.25,1974.06,385.91,2025-05
ORD102295,2025-06-07,CUST1667,Books,Business Management,North,Mobile App,Cash on Delivery,1,455.23,0.05,455.23,108.98,2025-06
ORD102296,2025-08-27,CUST2132,Books,Machine Learning Basics,North,Mobile App,Credit Card,1,855.1,0.0,855.1,189.78,2025-08
ORD102297,2025-11-27,CUST1801,Electronics,Power Bank,South,Marketplace,UPI,1,1076.95,0.1,1076.95,124.63,2025-11
ORD102298,2025-02-06,CUST2038,Electronics,Power Bank,Central,Website,UPI,1,1055.22,0.0,1055.22,148.33,2025-02
ORD102299,2025-12-17,CUST1311,Home & Kitchen,Mixer Grinder,North,Website,UPI,1,3180.16,0.15,3180.16,558.6,2025-12
ORD102300,2025-06-24,CUST1298,Beauty,Sunscreen,Central,Mobile App,Credit Card,1,680.18,0.1,680.18,208.03,2025-06
ORD102301,2025-11-10,CUST1532,Fashion,Running Shoes,West,Website,Cash on Delivery,4,2396.03,0.1,9584.12,2696.91,2025-11
ORD102302,2025-07-17,CUST1344,Fashion,Cotton T-Shirt,East,Website,Cash on Delivery,2,667.58,0.15,1335.16,311.54,2025-07
ORD102303,2025-09-24,CUST1320,Books,Python Programming,Central,Website,UPI,1,540.7,0.1,540.7,122.99,2025-09
ORD102304,2025-03-12,CUST2024,Books,Business Management,South,Mobile App,UPI,1,530.28,0.15,530.28,107.51,2025-03
ORD102305,2025-01-01,CUST1908,Books,Fiction Novel,East,Mobile App,Net Banking,5,393.5,0.1,1967.5,357.64,2025-01
ORD102306,2025-02-02,CUST1899,Electronics,Power Bank,West,Website,Credit Card,1,943.9,0.15,943.9,117.62,2025-02
ORD102307,2025-05-04,CUST1009,Home & Kitchen,Storage Container Set,Central,Website,UPI,2,867.62,0.1,1735.24,336.98,2025-05
ORD102308,2025-01-04,CUST1774,Beauty,Moisturizer,North,Website,Net Banking,1,617.56,0.0,617.56,180.96,2025-01
ORD102309,2025-10-28,CUST1816,Electronics,Smart Watch,West,Mobile App,Net Banking,2,3216.68,0.05,6433.36,986.46,2025-10
ORD102310,2025-06-10,CUST2043,Fashion,Running Shoes,East,Marketplace,UPI,1,2504.83,0.1,2504.83,552.11,2025-06
ORD102311,2025-07-28,CUST1267,Fashion,Backpack,Central,Marketplace,UPI,2,1283.71,0.15,2567.42,589.89,2025-07
ORD102312,2025-09-15,CUST2049,Fashion,Running Shoes,West,Mobile App,UPI,2,2336.48,0.2,4672.96,964.71,2025-09
ORD102313,2025-07-01,CUST1757,Fashion,Casual Shirt,East,Marketplace,Debit Card,1,1173.83,0.25,1173.83,228.5,2025-07
ORD102314,2025-08-30,CUST1715,Fashion,Backpack,North,Website,Debit Card,2,1472.31,0.1,2944.62,814.51,2025-08
ORD102315,2025-09-25,CUST1051,Fashion,Casual Shirt,East,Marketplace,UPI,1,1243.51,0.05,1243.51,280.29,2025-09
ORD102316,2025-03-09,CUST1517,Fashion,Casual Shirt,East,Marketplace,UPI,1,1132.61,0.0,1132.61,330.09,2025-03
ORD102317,2025-08-25,CUST1998,Electronics,Power Bank,Central,Marketplace,UPI,2,1018.37,0.0,2036.74,274.64,2025-08
ORD102318,2025-11-04,CUST1239,Books,Business Management,South,Mobile App,Debit Card,1,461.66,0.0,461.66,137.8,2025-11
ORD102319,2025-03-11,CUST2173,Fashion,Denim Jeans,Central,Website,UPI,1,1397.6,0.05,1397.6,322.43,2025-03
ORD102320,2025-05-01,CUST1126,Electronics,Bluetooth Speaker,Central,Website,Cash on Delivery,1,1955.58,0.05,1955.58,320.13,2025-05
ORD102321,2025-05-01,CUST1626,Books,Business Management,East,Marketplace,Credit Card,1,538.43,0.15,538.43,115.32,2025-05
ORD102322,2025-07-11,CUST2143,Books,Data Analytics Guide,North,Website,UPI,1,818.58,0.15,818.58,179.94,2025-07
ORD102323,2025-10-15,CUST1911,Books,Business Management,South,Marketplace,Credit Card,2,533.05,0.1,1066.1,281.2,2025-10
ORD102324,2025-05-29,CUST2116,Fashion,Casual Shirt,West,Marketplace,Cash on Delivery,2,1199.87,0.0,2399.74,706.66,2025-05
ORD102325,2025-04-22,CUST1890,Books,Business Management,North,Website,UPI,1,503.48,0.1,503.48,117.57,2025-04
ORD102326,2025-10-15,CUST2015,Books,Data Analytics Guide,East,Marketplace,Credit Card,1,761.7,0.0,761.7,202.42,2025-10
ORD102327,2025-03-04,CUST1780,Books,Machine Learning Basics,North,Mobile App,Debit Card,1,845.03,0.05,845.03,192.04,2025-03
ORD102328,2025-10-23,CUST1241,Home & Kitchen,Air Fryer,North,Marketplace,UPI,2,5027.02,0.15,10054.04,1609.1,2025-10
ORD102329,2025-12-13,CUST1384,Books,Machine Learning Basics,North,Mobile App,UPI,1,844.79,0.1,844.79,203.38,2025-12
ORD102330,2025-09-23,CUST1023,Home & Kitchen,Mixer Grinder,North,Website,UPI,1,3169.42,0.15,3169.42,558.84,2025-09
ORD102331,2025-05-19,CUST1672,Beauty,Moisturizer,East,Marketplace,Credit Card,1,542.03,0.0,542.03,175.02,2025-05
ORD102332,2025-09-06,CUST1770,Electronics,USB-C Hub,North,Mobile App,UPI,2,1185.25,0.05,2370.5,397.17,2025-09
ORD102333,2025-05-21,CUST1079,Home & Kitchen,Electric Kettle,Central,Website,UPI,1,1686.96,0.2,1686.96,275.59,2025-05
ORD102334,2025-10-28,CUST2073,Fashion,Backpack,North,Website,Net Banking,1,1407.46,0.0,1407.46,374.83,2025-10
ORD102335,2025-12-09,CUST1906,Home & Kitchen,Mixer Grinder,East,Website,Debit Card,1,3454.97,0.05,3454.97,529.48,2025-12
ORD102336,2025-11-07,CUST1914,Fashion,Cotton T-Shirt,West,Website,UPI,1,686.56,0.15,686.56,145.76,2025-11
ORD102337,2025-04-26,CUST1917,Electronics,USB-C Hub,East,Mobile App,UPI,2,1328.05,0.1,2656.1,363.11,2025-04
ORD102338,2025-08-01,CUST1560,Beauty,Moisturizer,East,Website,UPI,3,550.58,0.15,1651.7400000000002,395.18,2025-08
ORD102339,2025-08-04,CUST1221,Beauty,Sunscreen,Central,Website,Debit Card,1,659.9,0.1,659.9,195.23,2025-08
ORD102340,2025-11-11,CUST1038,Beauty,Face Wash,Central,Mobile App,UPI,2,362.31,0.0,724.62,240.39,2025-11
ORD102341,2025-11-29,CUST1036,Books,Python Programming,East,Website,Credit Card,1,624.62,0.2,624.62,132.39,2025-11
ORD102342,2025-08-16,CUST1338,Beauty,Moisturizer,North,Website,UPI,2,629.42,0.15,1258.84,386.63,2025-08
ORD102343,2025-02-16,CUST1010,Beauty,Moisturizer,East,Website,Credit Card,2,551.53,0.05,1103.06,305.57,2025-02
ORD102344,2025-09-16,CUST1454,Fashion,Casual Shirt,East,Mobile App,UPI,1,1139.13,0.15,1139.13,266.38,2025-09
ORD102345,2025-01-07,CUST1092,Electronics,Bluetooth Speaker,North,Website,UPI,3,1882.08,0.15,5646.24,597.26,2025-01
ORD102346,2025-05-09,CUST2122,Home & Kitchen,Non-Stick Pan,East,Marketplace,UPI,1,1210.32,0.1,1210.32,233.81,2025-05
ORD102347,2025-12-27,CUST1168,Beauty,Sunscreen,South,Website,Net Banking,2,755.42,0.2,1510.84,379.37,2025-12
ORD102348,2025-01-04,CUST1688,Beauty,Face Wash,West,Website,Debit Card,1,403.41,0.0,403.41,121.65,2025-01
ORD102349,2025-06-17,CUST1377,Beauty,Moisturizer,West,Mobile App,Debit Card,2,651.78,0.05,1303.56,425.58,2025-06
ORD102350,2025-09-23,CUST1070,Home & Kitchen,Non-Stick Pan,Central,Marketplace,Credit Card,2,1267.48,0.2,2534.96,435.81,2025-09
ORD102351,2025-01-22,CUST1064,Home & Kitchen,Electric Kettle,West,Marketplace,Cash on Delivery,3,1559.26,0.25,4677.78,728.84,2025-01
ORD102352,2025-07-20,CUST1579,Fashion,Denim Jeans,North,Mobile App,Debit Card,2,1371.95,0.1,2743.9,733.39,2025-07
ORD102353,2025-09-12,CUST1896,Electronics,Bluetooth Speaker,West,Website,Debit Card,4,1887.27,0.1,7549.08,908.88,2025-09
ORD102354,2025-02-24,CUST1340,Home & Kitchen,Non-Stick Pan,West,Marketplace,UPI,4,1335.33,0.05,5341.32,1052.24,2025-02
ORD102355,2025-10-06,CUST1558,Beauty,Perfume,South,Mobile App,UPI,4,1346.59,0.0,5386.36,1717.93,2025-10
ORD102356,2025-09-20,CUST1121,Home & Kitchen,Non-Stick Pan,Central,Mobile App,Debit Card,2,1261.41,0.0,2522.82,537.37,2025-09
ORD102357,2025-03-16,CUST1947,Beauty,Sunscreen,North,Website,Credit Card,3,685.32,0.1,2055.96,529.87,2025-03
ORD102358,2025-06-20,CUST1421,Books,Machine Learning Basics,West,Website,UPI,1,834.61,0.15,834.61,194.23,2025-06
ORD102359,2025-10-01,CUST1094,Books,Data Analytics Guide,Central,Mobile App,UPI,1,684.05,0.05,684.05,142.96,2025-10
ORD102360,2025-02-27,CUST1140,Home & Kitchen,Storage Container Set,Central,Website,UPI,2,819.83,0.05,1639.66,230.48,2025-02
ORD102361,2025-04-05,CUST1233,Fashion,Casual Shirt,Central,Website,UPI,2,1294.93,0.15,2589.86,650.51,2025-04
ORD102362,2025-09-08,CUST1738,Home & Kitchen,Mixer Grinder,North,Mobile App,UPI,1,3386.43,0.0,3386.43,608.43,2025-09
ORD102363,2025-04-16,CUST1784,Fashion,Cotton T-Shirt,North,Website,Cash on Delivery,1,745.57,0.1,745.57,188.67,2025-04
ORD102364,2025-03-16,CUST1357,Electronics,Smart Watch,Central,Marketplace,Credit Card,2,3436.6,0.2,6873.2,1039.17,2025-03
ORD102365,2025-09-27,CUST2166,Electronics,Smart Watch,Central,Mobile App,Cash on Delivery,1,3091.26,0.1,3091.26,490.98,2025-09
ORD102366,2025-12-08,CUST1221,Electronics,Wireless Headphones,South,Website,Debit Card,1,2376.57,0.0,2376.57,287.5,2025-12
ORD102367,2025-04-28,CUST1217,Home & Kitchen,Air Fryer,Central,Website,Credit Card,1,4619.64,0.1,4619.64,837.03,2025-04
ORD102368,2025-12-28,CUST1629,Beauty,Face Wash,South,Mobile App,Debit Card,1,426.33,0.15,426.33,119.15,2025-12
ORD102369,2025-12-11,CUST1346,Beauty,Moisturizer,West,Mobile App,Debit Card,1,592.34,0.25,592.34,147.0,2025-12
ORD102370,2025-12-17,CUST1297,Fashion,Cotton T-Shirt,South,Website,Credit Card,2,668.7,0.0,1337.4,370.34,2025-12
ORD102371,2025-10-16,CUST1244,Beauty,Moisturizer,North,Marketplace,Credit Card,1,632.96,0.25,632.96,157.2,2025-10
ORD102372,2025-05-29,CUST1528,Beauty,Face Wash,North,Marketplace,Net Banking,1,368.78,0.1,368.78,111.36,2025-05
ORD102373,2025-10-18,CUST1422,Electronics,Bluetooth Speaker,Central,Website,Credit Card,2,1622.63,0.1,3245.26,452.75,2025-10
ORD102374,2025-05-20,CUST1454,Beauty,Sunscreen,South,Marketplace,UPI,4,653.93,0.1,2615.72,644.25,2025-05
ORD102375,2025-09-12,CUST1812,Fashion,Casual Shirt,South,Mobile App,UPI,5,1236.16,0.05,6180.8,1568.59,2025-09
ORD102376,2025-03-15,CUST2104,Beauty,Shampoo,South,Marketplace,UPI,1,541.14,0.15,541.14,143.07,2025-03
ORD102377,2025-06-16,CUST1389,Home & Kitchen,Air Fryer,Central,Website,Credit Card,1,4576.09,0.2,4576.09,668.17,2025-06
ORD102378,2025-12-10,CUST1862,Books,Machine Learning Basics,South,Mobile App,UPI,2,872.49,0.25,1744.98,287.99,2025-12
ORD102379,2025-04-05,CUST2102,Electronics,USB-C Hub,North,Website,UPI,2,1288.79,0.15,2577.58,470.68,2025-04
ORD102380,2025-10-26,CUST1752,Home & Kitchen,Non-Stick Pan,East,Website,Debit Card,3,1290.11,0.05,3870.33,794.76,2025-10
ORD102381,2025-02-11,CUST1522,Fashion,Denim Jeans,North,Marketplace,Debit Card,1,1618.97,0.0,1618.97,468.4,2025-02
ORD102382,2025-07-07,CUST1736,Beauty,Sunscreen,East,Mobile App,UPI,1,723.39,0.0,723.39,213.84,2025-07
ORD102383,2025-01-08,CUST1959,Home & Kitchen,Mixer Grinder,North,Marketplace,Cash on Delivery,3,3568.17,0.05,10704.51,1400.75,2025-01
ORD102384,2025-05-08,CUST1261,Electronics,Wireless Headphones,East,Website,Credit Card,1,2464.6,0.0,2464.6,353.27,2025-05
ORD102385,2025-09-13,CUST1586,Books,Fiction Novel,North,Website,Net Banking,1,413.67,0.0,413.67,89.43,2025-09
ORD102386,2025-11-12,CUST1240,Fashion,Cotton T-Shirt,South,Marketplace,Cash on Delivery,2,676.04,0.05,1352.08,334.15,2025-11
ORD102387,2025-07-13,CUST1681,Fashion,Denim Jeans,West,Mobile App,Credit Card,4,1351.4,0.0,5405.6,1377.95,2025-07
ORD102388,2025-12-10,CUST1296,Beauty,Shampoo,Central,Mobile App,UPI,2,547.22,0.0,1094.44,393.82,2025-12
ORD102389,2025-05-01,CUST1119,Electronics,Bluetooth Speaker,North,Website,UPI,1,1972.17,0.0,1972.17,309.13,2025-05
ORD102390,2025-06-13,CUST1003,Beauty,Shampoo,South,Website,UPI,1,531.13,0.1,531.13,153.16,2025-06
ORD102391,2025-12-06,CUST1432,Books,Business Management,North,Mobile App,UPI,2,504.88,0.0,1009.76,242.44,2025-12
ORD102392,2025-06-30,CUST1184,Books,Data Analytics Guide,East,Website,Net Banking,2,691.39,0.0,1382.78,353.09,2025-06
ORD102393,2025-02-25,CUST1807,Home & Kitchen,Non-Stick Pan,North,Mobile App,UPI,1,1242.21,0.2,1242.21,201.32,2025-02
ORD102394,2025-07-25,CUST1974,Fashion,Backpack,South,Mobile App,Net Banking,2,1495.4,0.1,2990.8,828.45,2025-07
ORD102395,2025-04-05,CUST1775,Electronics,Bluetooth Speaker,West,Website,Credit Card,1,1677.03,0.1,1677.03,238.73,2025-04
ORD102396,2025-04-28,CUST1122,Books,Machine Learning Basics,South,Mobile App,Debit Card,1,863.53,0.1,863.53,198.99,2025-04
ORD102397,2025-10-06,CUST1604,Electronics,USB-C Hub,South,Website,UPI,1,1399.23,0.05,1399.23,176.37,2025-10
ORD102398,2025-03-28,CUST2174,Books,Fiction Novel,North,Mobile App,Credit Card,1,429.91,0.0,429.91,115.23,2025-03
ORD102399,2025-05-17,CUST1684,Fashion,Cotton T-Shirt,South,Mobile App,Debit Card,2,699.34,0.05,1398.68,390.2,2025-05
ORD102400,2025-08-14,CUST1595,Fashion,Running Shoes,South,Website,Credit Card,2,2493.62,0.1,4987.24,1344.68,2025-08
ORD102401,2025-12-20,CUST1032,Books,Machine Learning Basics,North,Website,UPI,2,818.36,0.05,1636.72,359.15,2025-12
ORD102402,2025-07-01,CUST1771,Fashion,Running Shoes,Central,Marketplace,UPI,1,2338.76,0.2,2338.76,467.88,2025-07
ORD102403,2025-04-02,CUST1213,Beauty,Perfume,South,Mobile App,Debit Card,2,1284.32,0.05,2568.64,693.89,2025-04
ORD102404,2025-04-05,CUST1782,Fashion,Running Shoes,North,Mobile App,Credit Card,3,2191.31,0.0,6573.93,1492.78,2025-04
ORD102405,2025-02-04,CUST1039,Electronics,USB-C Hub,West,Marketplace,UPI,1,1273.24,0.05,1273.24,210.59,2025-02
ORD102406,2025-08-10,CUST1248,Books,Fiction Novel,North,Website,Cash on Delivery,3,375.04,0.15,1125.1200000000001,291.03,2025-08
ORD102407,2025-09-26,CUST2143,Books,Data Analytics Guide,East,Mobile App,Cash on Delivery,1,725.53,0.2,725.53,123.04,2025-09
ORD102408,2025-08-13,CUST1779,Electronics,USB-C Hub,East,Mobile App,Credit Card,2,1315.47,0.15,2630.94,367.73,2025-08
ORD102409,2025-02-24,CUST1314,Fashion,Backpack,West,Mobile App,Debit Card,5,1517.08,0.15,7585.4,2060.95,2025-02
ORD102410,2025-11-21,CUST1602,Books,Data Analytics Guide,South,Website,Debit Card,1,690.55,0.1,690.55,155.08,2025-11
ORD102411,2025-09-10,CUST1025,Electronics,Wireless Headphones,Central,Marketplace,Credit Card,1,2335.97,0.05,2335.97,345.69,2025-09
ORD102412,2025-06-29,CUST1415,Books,Data Analytics Guide,West,Website,Debit Card,1,716.56,0.0,716.56,197.52,2025-06
ORD102413,2025-04-12,CUST2177,Fashion,Casual Shirt,Central,Website,Cash on Delivery,1,1307.21,0.05,1307.21,391.61,2025-04
ORD102414,2025-12-09,CUST1124,Electronics,Power Bank,West,Marketplace,Debit Card,2,1004.54,0.2,2009.08,323.23,2025-12
ORD102415,2025-03-24,CUST1027,Home & Kitchen,Air Fryer,Central,Website,Debit Card,1,5175.2,0.05,5175.2,1018.5,2025-03
ORD102416,2025-09-17,CUST1658,Books,Business Management,West,Mobile App,Cash on Delivery,1,479.8,0.05,479.8,119.01,2025-09
ORD102417,2025-11-07,CUST1518,Beauty,Sunscreen,North,Website,Cash on Delivery,1,699.82,0.0,699.82,193.14,2025-11
ORD102418,2025-01-17,CUST1389,Electronics,Wireless Headphones,South,Website,UPI,3,2647.65,0.1,7942.950000000001,1133.46,2025-01
ORD102419,2025-12-09,CUST2062,Home & Kitchen,Mixer Grinder,West,Mobile App,UPI,4,3289.51,0.15,13158.04,2071.78,2025-12
ORD102420,2025-06-04,CUST1105,Books,Python Programming,West,Website,UPI,1,597.76,0.2,597.76,120.79,2025-06
ORD102421,2025-12-29,CUST1931,Home & Kitchen,Electric Kettle,North,Marketplace,Debit Card,3,1684.75,0.1,5054.25,834.91,2025-12
ORD102422,2025-05-05,CUST1038,Home & Kitchen,Non-Stick Pan,Central,Website,UPI,1,1376.46,0.15,1376.46,257.82,2025-05
ORD102423,2025-06-14,CUST1583,Home & Kitchen,Mixer Grinder,North,Marketplace,Debit Card,1,3209.4,0.05,3209.4,686.27,2025-06
ORD102424,2025-05-17,CUST1871,Beauty,Shampoo,West,Mobile App,UPI,2,501.76,0.05,1003.52,309.52,2025-05
ORD102425,2025-03-23,CUST1816,Fashion,Backpack,West,Website,Net Banking,3,1528.99,0.15,4586.97,1024.91,2025-03
ORD102426,2025-06-01,CUST1576,Electronics,Smart Watch,North,Mobile App,Debit Card,4,3434.45,0.05,13737.8,1787.13,2025-06
ORD102427,2025-12-28,CUST1328,Home & Kitchen,Non-Stick Pan,West,Mobile App,Debit Card,1,1171.44,0.25,1171.44,167.49,2025-12
ORD102428,2025-02-04,CUST1119,Electronics,Wireless Headphones,East,Mobile App,Net Banking,3,2258.87,0.0,6776.61,1280.94,2025-02
ORD102429,2025-10-06,CUST1955,Fashion,Running Shoes,North,Marketplace,Net Banking,3,2131.64,0.15,6394.92,1541.35,2025-10
ORD102430,2025-05-29,CUST1056,Books,Python Programming,West,Website,UPI,1,591.8,0.1,591.8,143.58,2025-05
ORD102431,2025-08-17,CUST1764,Electronics,Power Bank,East,Website,Debit Card,1,1006.48,0.1,1006.48,160.09,2025-08
ORD102432,2025-08-04,CUST1230,Fashion,Casual Shirt,East,Website,Debit Card,2,1120.69,0.05,2241.38,591.43,2025-08
ORD102433,2025-02-23,CUST1457,Books,Machine Learning Basics,Central,Website,Net Banking,2,957.94,0.1,1915.88,348.11,2025-02
ORD102434,2025-03-01,CUST1230,Beauty,Sunscreen,East,Marketplace,UPI,2,740.59,0.15,1481.18,422.01,2025-03
ORD102435,2025-09-11,CUST2166,Beauty,Face Wash,Central,Website,Cash on Delivery,5,422.94,0.2,2114.7,501.75,2025-09
ORD102436,2025-08-15,CUST1642,Electronics,Bluetooth Speaker,West,Website,UPI,1,1853.57,0.1,1853.57,291.09,2025-08
ORD102437,2025-08-26,CUST1511,Home & Kitchen,Electric Kettle,North,Website,Debit Card,1,1622.15,0.25,1622.15,280.77,2025-08
ORD102438,2025-06-06,CUST1327,Home & Kitchen,Electric Kettle,South,Website,UPI,1,1731.74,0.1,1731.74,257.47,2025-06
ORD102439,2025-08-25,CUST2184,Beauty,Face Wash,East,Marketplace,Cash on Delivery,2,375.85,0.05,751.7,230.6,2025-08
ORD102440,2025-02-11,CUST1458,Electronics,Wireless Headphones,South,Mobile App,Credit Card,1,2276.78,0.05,2276.78,386.68,2025-02
ORD102441,2025-03-11,CUST1203,Beauty,Perfume,West,Website,Net Banking,4,1407.04,0.05,5628.16,1602.35,2025-03
ORD102442,2025-02-13,CUST1555,Beauty,Sunscreen,Central,Website,Net Banking,5,734.85,0.15,3674.25,974.99,2025-02
ORD102443,2025-09-02,CUST2177,Books,Business Management,North,Marketplace,UPI,2,548.2,0.2,1096.4,149.5,2025-09
ORD102444,2025-08-14,CUST1361,Fashion,Cotton T-Shirt,East,Website,Cash on Delivery,2,672.49,0.1,1344.98,280.64,2025-08
ORD102445,2025-06-04,CUST1193,Electronics,USB-C Hub,East,Website,Credit Card,1,1169.48,0.05,1169.48,149.7,2025-06
ORD102446,2025-01-25,CUST1913,Home & Kitchen,Storage Container Set,West,Website,UPI,3,886.13,0.0,2658.39,576.95,2025-01
ORD102447,2025-03-04,CUST1184,Home & Kitchen,Non-Stick Pan,East,Website,Net Banking,1,1419.01,0.05,1419.01,210.85,2025-03
ORD102448,2025-01-17,CUST1602,Home & Kitchen,Electric Kettle,East,Mobile App,UPI,2,1503.44,0.0,3006.88,654.72,2025-01
ORD102449,2025-11-09,CUST2131,Home & Kitchen,Storage Container Set,East,Website,Debit Card,1,846.27,0.05,846.27,166.77,2025-11
ORD102450,2025-06-12,CUST1653,Beauty,Perfume,North,Website,Credit Card,1,1320.43,0.15,1320.43,353.18,2025-06
ORD102451,2025-05-17,CUST1602,Home & Kitchen,Non-Stick Pan,North,Mobile App,Credit Card,2,1339.24,0.1,2678.48,456.86,2025-05
ORD102452,2025-02-26,CUST1175,Home & Kitchen,Electric Kettle,East,Website,Debit Card,3,1724.57,0.0,5173.71,970.24,2025-02
ORD102453,2025-03-11,CUST2049,Fashion,Casual Shirt,West,Marketplace,Debit Card,3,1270.7,0.25,3812.1000000000004,823.71,2025-03
ORD102454,2025-01-04,CUST1759,Home & Kitchen,Electric Kettle,Central,Mobile App,Cash on Delivery,1,1445.87,0.0,1445.87,278.23,2025-01
ORD102455,2025-01-07,CUST1928,Electronics,Bluetooth Speaker,Central,Mobile App,UPI,1,1860.14,0.1,1860.14,242.81,2025-01
ORD102456,2025-06-21,CUST2119,Fashion,Running Shoes,East,Website,Cash on Delivery,1,2137.93,0.15,2137.93,496.56,2025-06
ORD102457,2025-08-03,CUST2026,Books,Python Programming,East,Website,UPI,2,631.78,0.2,1263.56,288.17,2025-08
ORD102458,2025-12-28,CUST1495,Books,Fiction Novel,Central,Mobile App,Credit Card,2,381.38,0.15,762.76,169.0,2025-12
ORD102459,2025-11-22,CUST1716,Home & Kitchen,Storage Container Set,Central,Website,Cash on Delivery,1,951.48,0.1,951.48,185.68,2025-11
ORD102460,2025-03-02,CUST1872,Fashion,Casual Shirt,West,Website,Debit Card,1,1160.34,0.1,1160.34,317.42,2025-03
ORD102461,2025-01-03,CUST1234,Fashion,Running Shoes,East,Mobile App,Credit Card,1,2276.01,0.1,2276.01,635.82,2025-01
ORD102462,2025-08-11,CUST1541,Home & Kitchen,Electric Kettle,East,Marketplace,UPI,5,1604.76,0.0,8023.8,1448.34,2025-08
ORD102463,2025-12-23,CUST1839,Books,Fiction Novel,East,Website,Debit Card,1,399.31,0.1,399.31,94.43,2025-12
ORD102464,2025-10-15,CUST2072,Home & Kitchen,Air Fryer,Central,Website,UPI,1,5202.19,0.25,5202.19,824.39,2025-10
ORD102465,2025-09-06,CUST1483,Home & Kitchen,Air Fryer,North,Mobile App,UPI,2,4772.21,0.0,9544.42,2147.16,2025-09
ORD102466,2025-01-13,CUST1566,Electronics,Smart Watch,Central,Marketplace,Credit Card,5,3311.38,0.25,16556.9,1876.36,2025-01
ORD102467,2025-05-07,CUST1191,Home & Kitchen,Electric Kettle,South,Website,UPI,2,1486.91,0.05,2973.82,479.43,2025-05
ORD102468,2025-06-21,CUST1063,Books,Fiction Novel,West,Website,UPI,2,422.2,0.15,844.4,155.54,2025-06
ORD102469,2025-10-27,CUST1417,Electronics,Wireless Headphones,Central,Mobile App,UPI,2,2267.72,0.0,4535.44,804.69,2025-10
ORD102470,2025-05-05,CUST1117,Books,Business Management,East,Website,UPI,1,510.7,0.2,510.7,89.89,2025-05
ORD102471,2025-08-23,CUST1111,Fashion,Running Shoes,South,Marketplace,Debit Card,1,2413.81,0.05,2413.81,571.7,2025-08
ORD102472,2025-11-28,CUST1399,Home & Kitchen,Air Fryer,Central,Website,Net Banking,1,4825.52,0.1,4825.52,772.4,2025-11
ORD102473,2025-02-05,CUST1107,Home & Kitchen,Electric Kettle,East,Mobile App,UPI,1,1550.51,0.0,1550.51,302.98,2025-02
ORD102474,2025-10-16,CUST1474,Fashion,Backpack,North,Marketplace,UPI,2,1363.46,0.15,2726.92,663.98,2025-10
ORD102475,2025-07-18,CUST1967,Home & Kitchen,Electric Kettle,Central,Mobile App,UPI,4,1462.11,0.05,5848.44,1054.58,2025-07
ORD102476,2025-12-27,CUST1734,Home & Kitchen,Mixer Grinder,West,Website,Credit Card,2,3636.21,0.1,7272.42,1436.18,2025-12
ORD102477,2025-08-10,CUST1876,Books,Business Management,South,Mobile App,UPI,3,482.67,0.05,1448.01,332.86,2025-08
ORD102478,2025-06-04,CUST1499,Fashion,Backpack,South,Website,UPI,1,1480.02,0.05,1480.02,431.14,2025-06
ORD102479,2025-12-03,CUST1475,Fashion,Running Shoes,Central,Mobile App,Cash on Delivery,2,2319.26,0.0,4638.52,1391.82,2025-12
ORD102480,2025-01-25,CUST1640,Beauty,Shampoo,Central,Marketplace,UPI,2,509.0,0.0,1018.0,320.32,2025-01
ORD102481,2025-02-01,CUST1575,Home & Kitchen,Electric Kettle,East,Mobile App,Cash on Delivery,1,1579.8,0.1,1579.8,311.57,2025-02
ORD102482,2025-06-23,CUST1700,Electronics,Bluetooth Speaker,West,Mobile App,Cash on Delivery,1,1673.92,0.0,1673.92,259.67,2025-06
ORD102483,2025-07-23,CUST1452,Beauty,Sunscreen,Central,Mobile App,UPI,1,653.75,0.15,653.75,176.55,2025-07
ORD102484,2025-06-29,CUST2004,Home & Kitchen,Non-Stick Pan,West,Website,Cash on Delivery,1,1253.35,0.15,1253.35,258.74,2025-06
ORD102485,2025-11-03,CUST1740,Fashion,Cotton T-Shirt,Central,Marketplace,Debit Card,1,649.46,0.05,649.46,187.48,2025-11
ORD102486,2025-09-05,CUST1597,Fashion,Casual Shirt,East,Website,Credit Card,3,1169.53,0.15,3508.59,803.41,2025-09
ORD102487,2025-05-26,CUST1336,Home & Kitchen,Air Fryer,Central,Website,UPI,3,4733.24,0.0,14199.72,2569.89,2025-05
ORD102488,2025-09-05,CUST1128,Books,Machine Learning Basics,West,Website,Net Banking,1,918.35,0.15,918.35,200.08,2025-09
ORD102489,2025-01-19,CUST1495,Fashion,Running Shoes,East,Website,Credit Card,3,2254.71,0.15,6764.13,1567.54,2025-01
ORD102490,2025-07-07,CUST1836,Fashion,Backpack,North,Mobile App,UPI,1,1354.37,0.05,1354.37,364.83,2025-07
ORD102491,2025-06-29,CUST1421,Electronics,Power Bank,West,Mobile App,Cash on Delivery,1,1043.67,0.15,1043.67,115.2,2025-06
ORD102492,2025-07-01,CUST1069,Books,Business Management,East,Marketplace,Net Banking,1,458.97,0.0,458.97,94.36,2025-07
ORD102493,2025-01-22,CUST2096,Beauty,Shampoo,East,Website,Credit Card,1,508.4,0.0,508.4,166.75,2025-01
ORD102494,2025-10-25,CUST1367,Books,Business Management,Central,Website,Cash on Delivery,4,506.73,0.1,2026.92,503.08,2025-10
ORD102495,2025-11-17,CUST1534,Fashion,Running Shoes,West,Website,Cash on Delivery,1,2258.04,0.15,2258.04,592.08,2025-11
ORD102496,2025-04-16,CUST1460,Electronics,Bluetooth Speaker,South,Website,UPI,3,1939.81,0.2,5819.43,709.22,2025-04
ORD102497,2025-09-16,CUST2181,Electronics,Bluetooth Speaker,Central,Website,Net Banking,1,1891.61,0.25,1891.61,215.1,2025-09
ORD102498,2025-05-20,CUST1988,Beauty,Face Wash,South,Website,Debit Card,1,367.4,0.05,367.4,115.5,2025-05
ORD102499,2025-04-16,CUST1069,Home & Kitchen,Non-Stick Pan,East,Website,Cash on Delivery,1,1392.14,0.0,1392.14,314.89,2025-04
ORD102500,2025-01-08,CUST1576,Home & Kitchen,Storage Container Set,East,Website,Debit Card,1,948.45,0.0,948.45,175.76,2025-01
ORD102501,2025-08-07,Unknown,Electronics,Wireless Headphones,Central,Website,UPI,2,2737.61,0.0,5475.22,929.2,2025-08
ORD102502,2025-12-26,CUST1214,Books,Data Analytics Guide,East,Website,Cash on Delivery,1,677.29,0.0,677.29,168.49,2025-12
ORD102503,2025-07-08,CUST1784,Beauty,Moisturizer,Central,Website,Credit Card,2,605.66,0.0,1211.32,445.0,2025-07
ORD102504,2025-06-01,CUST1550,Fashion,Casual Shirt,West,Website,Debit Card,1,1283.6,0.1,1283.6,296.14,2025-06
ORD102505,2025-06-04,CUST1733,Beauty,Moisturizer,West,Website,Debit Card,3,606.47,0.2,1819.41,451.63,2025-06
ORD102506,2025-07-26,CUST1341,Beauty,Shampoo,West,Website,UPI,1,461.95,0.05,461.95,139.36,2025-07
ORD102507,2025-09-04,CUST1747,Fashion,Running Shoes,West,Mobile App,UPI,1,2247.09,0.15,2247.09,515.99,2025-09
ORD102508,2025-04-03,CUST1207,Home & Kitchen,Air Fryer,Central,Website,Credit Card,2,5371.66,0.05,10743.32,1967.99,2025-04
ORD102509,2025-05-01,CUST1006,Home & Kitchen,Electric Kettle,West,Mobile App,UPI,1,1509.47,0.0,1509.47,284.9,2025-05
ORD102510,2025-03-24,CUST1424,Books,Business Management,South,Website,Cash on Delivery,1,517.99,0.1,517.99,110.96,2025-03
ORD102511,2025-10-21,CUST1147,Fashion,Casual Shirt,South,Website,Credit Card,1,1099.77,0.0,1099.77,324.19,2025-10
ORD102512,2025-07-08,CUST2073,Beauty,Sunscreen,East,Mobile App,UPI,4,695.93,0.2,2783.72,659.85,2025-07
ORD102513,2025-12-09,CUST1573,Books,Business Management,West,Mobile App,Debit Card,2,520.51,0.15,1041.02,194.7,2025-12
ORD102514,2025-12-20,CUST1608,Books,Fiction Novel,South,Website,Credit Card,1,423.83,0.2,423.83,68.73,2025-12
ORD102515,2025-12-08,CUST1434,Electronics,Power Bank,South,Website,UPI,4,1039.5,0.05,4158.0,529.05,2025-12
ORD102516,2025-06-17,CUST1855,Fashion,Denim Jeans,South,Mobile App,UPI,2,1579.9,0.0,3159.8,761.71,2025-06
ORD102517,2025-04-28,CUST2140,Home & Kitchen,Mixer Grinder,West,Marketplace,UPI,2,3684.61,0.1,7369.22,1263.26,2025-04
ORD102518,2025-08-03,CUST2070,Books,Machine Learning Basics,East,Website,Credit Card,4,867.12,0.1,3468.48,799.31,2025-08
ORD102519,2025-11-28,CUST1207,Electronics,Bluetooth Speaker,Central,Website,Credit Card,1,1861.43,0.25,1861.43,182.22,2025-11
ORD102520,2025-09-17,CUST1964,Home & Kitchen,Air Fryer,North,Website,Credit Card,2,4875.74,0.1,9751.48,1900.98,2025-09
ORD102521,2025-07-08,CUST1172,Electronics,USB-C Hub,East,Mobile App,Cash on Delivery,1,1360.96,0.1,1360.96,187.13,2025-07
ORD102522,2025-09-23,CUST2163,Beauty,Shampoo,West,Mobile App,Debit Card,1,488.03,0.1,488.03,164.62,2025-09
ORD102523,2025-07-17,CUST1080,Fashion,Denim Jeans,North,Website,UPI,3,1581.2,0.05,4743.6,1392.7,2025-07
ORD102524,2025-05-01,CUST2198,Beauty,Perfume,East,Website,UPI,1,1227.99,0.15,1227.99,361.01,2025-05
ORD102525,2025-02-06,CUST1964,Books,Machine Learning Basics,Central,Marketplace,Credit Card,2,843.87,0.05,1687.74,433.16,2025-02
ORD102526,2025-01-27,CUST1043,Home & Kitchen,Non-Stick Pan,East,Website,UPI,2,1247.72,0.15,2495.44,424.94,2025-01
ORD102527,2025-10-01,CUST1853,Fashion,Denim Jeans,Central,Website,Credit Card,1,1505.08,0.05,1505.08,391.55,2025-10
ORD102528,2025-09-02,CUST1638,Books,Machine Learning Basics,North,Website,Cash on Delivery,1,953.69,0.1,953.69,212.15,2025-09
ORD102529,2025-07-21,CUST1739,Books,Machine Learning Basics,North,Website,UPI,3,940.62,0.1,2821.86,670.44,2025-07
ORD102530,2025-08-20,CUST2184,Home & Kitchen,Electric Kettle,North,Website,Debit Card,2,1702.76,0.15,3405.52,646.3,2025-08
ORD102531,2025-03-04,CUST2097,Electronics,USB-C Hub,South,Website,UPI,1,1217.7,0.0,1217.7,241.31,2025-03
ORD102532,2025-04-27,CUST1383,Beauty,Sunscreen,East,Website,Cash on Delivery,2,674.91,0.0,1349.82,416.73,2025-04
ORD102533,2025-01-08,CUST2183,Electronics,Bluetooth Speaker,East,Mobile App,Debit Card,1,1642.65,0.15,1642.65,154.16,2025-01
ORD102534,2025-01-19,CUST1313,Books,Business Management,Central,Mobile App,Credit Card,1,498.83,0.1,498.83,117.22,2025-01
ORD102535,2025-09-28,CUST1212,Fashion,Casual Shirt,South,Website,UPI,4,1215.4,0.15,4861.6,902.89,2025-09
ORD102536,2025-08-28,CUST1311,Electronics,Power Bank,North,Website,Net Banking,1,946.11,0.1,946.11,145.6,2025-08
ORD102537,2025-08-20,CUST1813,Home & Kitchen,Storage Container Set,West,Website,UPI,3,918.39,0.15,2755.17,612.75,2025-08
ORD102538,2025-10-12,CUST1661,Beauty,Sunscreen,Central,Website,UPI,1,721.01,0.0,721.01,240.35,2025-10
ORD102539,2025-08-18,CUST1869,Books,Business Management,North,Mobile App,UPI,1,452.56,0.25,452.56,94.76,2025-08
ORD102540,2025-05-16,CUST1128,Books,Fiction Novel,East,Website,UPI,1,376.85,0.0,376.85,84.94,2025-05
ORD102541,2025-08-08,CUST1338,Home & Kitchen,Non-Stick Pan,West,Mobile App,UPI,1,1402.49,0.15,1402.49,257.82,2025-08
ORD102542,2025-12-26,CUST1542,Home & Kitchen,Electric Kettle,North,Marketplace,Net Banking,2,1591.45,0.0,3182.9,538.54,2025-12
ORD102543,2025-01-22,CUST1422,Home & Kitchen,Electric Kettle,South,Mobile App,Debit Card,2,1716.55,0.15,3433.1,514.57,2025-01
ORD102544,2025-06-13,CUST1913,Electronics,Wireless Headphones,North,Mobile App,Cash on Delivery,2,2667.17,0.0,5334.34,813.31,2025-06
ORD102545,2025-09-15,CUST1129,Beauty,Moisturizer,Central,Website,UPI,2,573.06,0.1,1146.12,341.17,2025-09
ORD102546,2025-12-03,CUST1739,Fashion,Casual Shirt,North,Marketplace,UPI,2,1085.26,0.05,2170.52,543.66,2025-12
ORD102547,2025-08-08,CUST2018,Home & Kitchen,Electric Kettle,North,Mobile App,Net Banking,1,1743.46,0.1,1743.46,345.8,2025-08
ORD102548,2025-04-15,CUST1370,Beauty,Perfume,Central,Marketplace,UPI,3,1312.02,0.05,3936.06,1197.02,2025-04
ORD102549,2025-08-20,CUST1569,Beauty,Sunscreen,Central,Mobile App,UPI,1,637.5,0.15,637.5,186.18,2025-08
ORD102550,2025-01-19,CUST1016,Home & Kitchen,Mixer Grinder,Central,Website,Credit Card,1,3739.57,0.05,3739.57,681.4,2025-01
ORD102551,2025-02-18,CUST1325,Beauty,Shampoo,South,Mobile App,Credit Card,1,538.66,0.2,538.66,138.9,2025-02
ORD102552,2025-02-04,CUST1436,Fashion,Denim Jeans,South,Marketplace,Cash on Delivery,1,1379.04,0.2,1379.04,287.1,2025-02
ORD102553,2025-09-29,CUST2168,Electronics,Power Bank,East,Mobile App,UPI,1,1032.71,0.15,1032.71,97.17,2025-09
ORD102554,2025-03-05,CUST1314,Home & Kitchen,Mixer Grinder,Central,Website,UPI,4,3665.1,0.15,14660.4,2191.86,2025-03
ORD102555,2025-04-15,CUST1165,Fashion,Backpack,South,Mobile App,Net Banking,1,1495.94,0.15,1495.94,364.02,2025-04
ORD102556,2025-01-18,CUST2031,Electronics,Power Bank,Central,Website,UPI,1,938.96,0.2,938.96,119.08,2025-01
ORD102557,2025-01-17,CUST1089,Fashion,Cotton T-Shirt,Central,Mobile App,Credit Card,1,653.84,0.1,653.84,174.83,2025-01
ORD102558,2025-10-12,CUST1273,Fashion,Denim Jeans,South,Marketplace,Credit Card,1,1428.84,0.15,1428.84,363.6,2025-10
ORD102559,2025-01-20,CUST2157,Electronics,Bluetooth Speaker,West,Mobile App,Credit Card,1,1886.18,0.2,1886.18,172.11,2025-01
ORD102560,2025-01-09,CUST1230,Fashion,Running Shoes,Central,Website,Cash on Delivery,1,2088.71,0.1,2088.71,451.63,2025-01
ORD102561,2025-02-05,CUST1495,Beauty,Perfume,South,Mobile App,UPI,1,1399.5,0.0,1399.5,357.22,2025-02
ORD102562,2025-09-30,CUST1075,Books,Data Analytics Guide,East,Mobile App,UPI,1,822.84,0.0,822.84,191.83,2025-09
ORD102563,2025-01-14,CUST1478,Books,Fiction Novel,South,Website,UPI,1,408.3,0.05,408.3,103.94,2025-01
ORD102564,2025-09-09,CUST1333,Home & Kitchen,Electric Kettle,East,Mobile App,Net Banking,2,1671.76,0.2,3343.52,635.68,2025-09
ORD102565,2025-06-06,CUST1022,Beauty,Sunscreen,East,Marketplace,Debit Card,2,715.39,0.05,1430.78,447.64,2025-06
ORD102566,2025-10-29,CUST1832,Home & Kitchen,Non-Stick Pan,Central,Website,UPI,1,1345.12,0.1,1345.12,274.82,2025-10
ORD102567,2025-02-04,CUST2171,Electronics,Power Bank,South,Mobile App,Credit Card,1,1083.92,0.0,1083.92,178.71,2025-02
ORD102568,2025-08-11,CUST1327,Beauty,Face Wash,South,Website,UPI,1,417.21,0.1,417.21,120.75,2025-08
ORD102569,2025-02-22,CUST1732,Fashion,Casual Shirt,East,Marketplace,UPI,2,1266.29,0.15,2532.58,621.15,2025-02
ORD102570,2025-03-28,CUST1865,Electronics,Bluetooth Speaker,North,Mobile App,Net Banking,2,1738.33,0.1,3476.66,370.77,2025-03
ORD102571,2025-06-22,CUST1940,Fashion,Casual Shirt,North,Website,Debit Card,3,1163.1,0.1,3489.2999999999997,926.93,2025-06
ORD102572,2025-08-20,CUST1728,Electronics,Bluetooth Speaker,North,Website,Credit Card,1,1941.27,0.0,1941.27,429.53,2025-08
ORD102573,2025-02-12,CUST1138,Electronics,Power Bank,Central,Marketplace,UPI,1,1051.95,0.15,1051.95,176.78,2025-02
ORD102574,2025-08-26,CUST1644,Fashion,Backpack,Central,Website,Debit Card,2,1421.78,0.0,2843.56,691.23,2025-08
ORD102575,2025-12-01,CUST1709,Home & Kitchen,Electric Kettle,West,Website,Cash on Delivery,1,1519.44,0.15,1519.44,261.28,2025-12
ORD102576,2025-03-17,CUST1287,Electronics,Smart Watch,North,Marketplace,Net Banking,1,3560.78,0.25,3560.78,306.42,2025-03
ORD102577,2025-03-30,CUST1713,Home & Kitchen,Air Fryer,South,Mobile App,UPI,1,5233.69,0.0,5233.69,989.77,2025-03
ORD102578,2025-02-04,CUST1784,Home & Kitchen,Mixer Grinder,South,Website,UPI,2,3377.43,0.1,6754.86,1184.41,2025-02
ORD102579,2025-10-06,CUST1698,Beauty,Sunscreen,East,Mobile App,Debit Card,3,659.82,0.1,1979.46,553.75,2025-10
ORD102580,2025-03-30,CUST2069,Fashion,Running Shoes,West,Website,Debit Card,1,2207.93,0.0,2207.93,635.29,2025-03
ORD102581,2025-03-23,CUST1094,Fashion,Running Shoes,East,Website,UPI,3,2276.78,0.1,6830.34,1774.71,2025-03
ORD102582,2025-03-07,CUST1068,Beauty,Moisturizer,West,Website,Credit Card,1,628.63,0.0,628.63,203.23,2025-03
ORD102583,2025-01-07,CUST1549,Fashion,Running Shoes,East,Mobile App,Net Banking,3,2106.28,0.0,6318.84,1924.06,2025-01
ORD102584,2025-02-17,CUST1481,Fashion,Cotton T-Shirt,West,Marketplace,UPI,3,735.43,0.15,2206.29,521.71,2025-02
ORD102585,2025-09-02,CUST1313,Electronics,Smart Watch,East,Website,Debit Card,1,3143.79,0.15,3143.79,393.86,2025-09
ORD102586,2025-07-31,CUST1200,Fashion,Running Shoes,East,Marketplace,Debit Card,3,2145.81,0.05,6437.43,1723.31,2025-07
ORD102587,2025-01-16,CUST1887,Beauty,Shampoo,Central,Mobile App,Net Banking,1,459.75,0.0,459.75,153.63,2025-01
ORD102588,2025-04-10,CUST2114,Electronics,Smart Watch,South,Mobile App,Credit Card,1,3609.37,0.1,3609.37,665.36,2025-04
ORD102589,2025-09-09,CUST2087,Home & Kitchen,Air Fryer,South,Mobile App,UPI,1,5261.26,0.0,5261.26,1269.07,2025-09
ORD102590,2025-08-14,CUST1025,Fashion,Casual Shirt,South,Mobile App,Debit Card,1,1304.54,0.1,1304.54,350.92,2025-08
ORD102591,2025-11-27,CUST1345,Fashion,Running Shoes,East,Mobile App,UPI,1,2336.47,0.2,2336.47,457.47,2025-11
ORD102592,2025-05-17,CUST1850,Fashion,Backpack,Central,Website,UPI,4,1344.65,0.1,5378.6,1420.79,2025-05
ORD102593,2025-07-03,CUST1309,Electronics,Power Bank,West,Marketplace,UPI,1,960.69,0.1,960.69,153.36,2025-07
ORD102594,2025-12-17,CUST1350,Books,Fiction Novel,North,Marketplace,UPI,4,415.2,0.2,1660.8,337.97,2025-12
ORD102595,2025-05-16,CUST1921,Books,Business Management,South,Website,UPI,3,455.75,0.05,1367.25,301.31,2025-05
ORD102596,2025-11-09,CUST1732,Books,Fiction Novel,Central,Website,UPI,1,401.89,0.15,401.89,88.06,2025-11
ORD102597,2025-09-02,CUST1024,Electronics,Wireless Headphones,Central,Mobile App,UPI,2,2275.24,0.05,4550.48,704.61,2025-09
ORD102598,2025-12-18,CUST1926,Beauty,Face Wash,East,Marketplace,Debit Card,1,399.38,0.1,399.38,113.18,2025-12
ORD102599,2025-10-28,CUST1146,Beauty,Moisturizer,East,Website,Credit Card,2,635.37,0.1,1270.74,425.25,2025-10
ORD102600,2025-01-06,CUST1967,Fashion,Casual Shirt,Central,Mobile App,UPI,3,1146.42,0.1,3439.26,858.23,2025-01
ORD102601,2025-08-31,CUST1166,Fashion,Denim Jeans,South,Mobile App,Cash on Delivery,3,1583.49,0.2,4750.47,1014.88,2025-08
ORD102602,2025-09-02,CUST1020,Books,Python Programming,South,Marketplace,UPI,1,572.04,0.05,572.04,140.49,2025-09
ORD102603,2025-10-27,CUST1489,Electronics,Bluetooth Speaker,East,Website,Credit Card,2,1818.57,0.2,3637.14,502.26,2025-10
ORD102604,2025-12-02,CUST2112,Fashion,Running Shoes,Central,Mobile App,Net Banking,2,2346.75,0.2,4693.5,1069.89,2025-12
ORD102605,2025-11-30,CUST1962,Fashion,Backpack,Central,Mobile App,Credit Card,1,1518.28,0.15,1518.28,348.96,2025-11
ORD102606,2025-01-23,CUST1142,Fashion,Backpack,West,Website,UPI,1,1274.55,0.1,1274.55,378.97,2025-01
ORD102607,2025-08-10,CUST1819,Fashion,Cotton T-Shirt,East,Mobile App,Debit Card,3,705.04,0.2,2115.12,542.89,2025-08
ORD102608,2025-04-13,CUST1488,Electronics,Bluetooth Speaker,West,Mobile App,Debit Card,1,1968.09,0.05,1968.09,250.47,2025-04
ORD102609,2025-06-25,CUST1239,Books,Fiction Novel,Central,Website,Credit Card,1,417.83,0.0,417.83,126.96,2025-06
ORD102610,2025-10-22,CUST1442,Home & Kitchen,Non-Stick Pan,East,Marketplace,UPI,2,1174.08,0.05,2348.16,407.78,2025-10
ORD102611,2025-09-12,CUST2194,Fashion,Casual Shirt,East,Website,UPI,1,1121.61,0.15,1121.61,252.32,2025-09
ORD102612,2025-10-20,CUST1294,Home & Kitchen,Mixer Grinder,Central,Website,Credit Card,1,3562.45,0.15,3562.45,527.54,2025-10
ORD102613,2025-03-02,CUST1012,Fashion,Backpack,South,Mobile App,Debit Card,3,1442.81,0.05,4328.43,1206.02,2025-03
ORD102614,2025-11-16,CUST1865,Books,Machine Learning Basics,Central,Website,UPI,1,822.4,0.15,822.4,175.08,2025-11
ORD102615,2025-04-14,CUST1574,Electronics,USB-C Hub,North,Marketplace,UPI,1,1413.26,0.05,1413.26,159.65,2025-04
ORD102616,2025-09-14,CUST1714,Fashion,Casual Shirt,Central,Mobile App,Net Banking,1,1180.76,0.15,1180.76,280.42,2025-09
ORD102617,2025-08-31,CUST1410,Electronics,Power Bank,North,Website,UPI,3,935.16,0.0,2805.48,324.68,2025-08
ORD102618,2025-11-30,CUST1791,Electronics,Smart Watch,North,Marketplace,UPI,3,3175.22,0.0,9525.66,1764.33,2025-11
ORD102619,2025-05-11,CUST1001,Home & Kitchen,Non-Stick Pan,North,Mobile App,Net Banking,1,1340.04,0.2,1340.04,209.04,2025-05
ORD102620,2025-12-05,CUST1999,Electronics,Bluetooth Speaker,East,Mobile App,Debit Card,3,1647.8,0.1,4943.4,877.19,2025-12
ORD102621,2025-10-06,CUST1292,Beauty,Face Wash,West,Marketplace,Cash on Delivery,5,396.12,0.05,1980.6,602.14,2025-10
ORD102622,2025-04-12,CUST1705,Beauty,Perfume,North,Marketplace,Debit Card,1,1203.46,0.0,1203.46,408.21,2025-04
ORD102623,2025-08-31,CUST1941,Home & Kitchen,Non-Stick Pan,West,Marketplace,Debit Card,1,1419.44,0.25,1419.44,207.83,2025-08
ORD102624,2025-05-22,CUST1646,Fashion,Backpack,North,Website,UPI,2,1270.84,0.1,2541.68,589.26,2025-05
ORD102625,2025-04-30,CUST2103,Home & Kitchen,Storage Container Set,East,Mobile App,Debit Card,3,977.53,0.0,2932.59,516.64,2025-04
ORD102626,2025-07-22,CUST1801,Electronics,Power Bank,West,Website,UPI,2,1043.97,0.1,2087.94,260.09,2025-07
ORD102627,2025-12-04,CUST1908,Electronics,Wireless Headphones,West,Website,Credit Card,3,2440.28,0.1,7320.84,912.56,2025-12
ORD102628,2025-12-07,CUST1616,Electronics,Wireless Headphones,North,Mobile App,Net Banking,1,2670.45,0.05,2670.45,480.6,2025-12
ORD102629,2025-05-25,CUST1915,Fashion,Backpack,West,Mobile App,Cash on Delivery,2,1432.92,0.1,2865.84,695.99,2025-05
ORD102630,2025-01-20,CUST2029,Fashion,Running Shoes,North,Marketplace,Debit Card,4,2220.55,0.05,8882.2,2041.5,2025-01
ORD102631,2025-05-03,CUST2114,Electronics,Smart Watch,Central,Mobile App,UPI,4,3337.74,0.05,13350.96,2012.02,2025-05
ORD102632,2025-07-07,CUST1037,Beauty,Moisturizer,Central,Mobile App,UPI,3,601.5,0.05,1804.5,541.86,2025-07
ORD102633,2025-06-12,CUST1715,Fashion,Denim Jeans,East,Mobile App,UPI,1,1552.11,0.05,1552.11,398.19,2025-06
ORD102634,2025-08-05,CUST1458,Fashion,Denim Jeans,North,Marketplace,Debit Card,1,1371.21,0.0,1371.21,420.14,2025-08
ORD102635,2025-01-05,CUST2076,Fashion,Cotton T-Shirt,North,Mobile App,UPI,1,652.25,0.15,652.25,157.26,2025-01
ORD102636,2025-07-31,CUST2178,Books,Python Programming,South,Mobile App,Net Banking,1,548.45,0.1,548.45,130.34,2025-07
ORD102637,2025-05-16,CUST1610,Electronics,Bluetooth Speaker,Central,Website,UPI,2,1862.46,0.05,3724.92,597.77,2025-05
ORD102638,2025-04-14,CUST1336,Beauty,Shampoo,West,Mobile App,Credit Card,3,470.81,0.0,1412.43,403.83,2025-04
ORD102639,2025-10-10,CUST1844,Beauty,Face Wash,West,Website,UPI,1,369.89,0.1,369.89,102.37,2025-10
ORD102640,2025-12-07,CUST1313,Electronics,USB-C Hub,East,Mobile App,Debit Card,1,1179.92,0.1,1179.92,220.79,2025-12
ORD102641,2025-11-07,CUST1321,Home & Kitchen,Mixer Grinder,North,Website,Cash on Delivery,3,3413.38,0.05,10240.14,2088.82,2025-11
ORD102642,2025-11-21,CUST1160,Electronics,Power Bank,Central,Mobile App,Debit Card,1,1026.84,0.05,1026.84,150.61,2025-11
ORD102643,2025-03-24,CUST2142,Home & Kitchen,Storage Container Set,Central,Mobile App,Credit Card,1,917.7,0.25,917.7,152.23,2025-03
ORD102644,2025-12-19,CUST1371,Electronics,Wireless Headphones,Central,Mobile App,Credit Card,1,2510.57,0.0,2510.57,382.24,2025-12
ORD102645,2025-01-18,CUST1132,Home & Kitchen,Mixer Grinder,South,Mobile App,Debit Card,2,3152.59,0.1,6305.18,1091.22,2025-01
ORD102646,2025-10-25,CUST1433,Fashion,Running Shoes,East,Website,Cash on Delivery,3,2244.33,0.05,6732.99,1776.64,2025-10
ORD102647,2025-10-23,CUST1332,Home & Kitchen,Non-Stick Pan,North,Website,Cash on Delivery,1,1286.18,0.15,1286.18,228.27,2025-10
ORD102648,2025-06-03,CUST1914,Home & Kitchen,Electric Kettle,West,Mobile App,Debit Card,1,1660.46,0.15,1660.46,212.89,2025-06
ORD102649,2025-09-21,CUST1307,Books,Business Management,East,Mobile App,Cash on Delivery,2,522.26,0.1,1044.52,232.69,2025-09
ORD102650,2025-11-19,CUST1629,Electronics,USB-C Hub,South,Marketplace,Net Banking,2,1240.9,0.1,2481.8,384.38,2025-11
ORD102651,2025-12-02,CUST2041,Beauty,Shampoo,West,Website,Credit Card,1,484.92,0.0,484.92,166.27,2025-12
ORD102652,2025-11-17,CUST1497,Home & Kitchen,Air Fryer,West,Website,Credit Card,4,4813.07,0.15,19252.28,2739.27,2025-11
ORD102653,2025-04-10,CUST1241,Beauty,Shampoo,West,Website,UPI,1,543.29,0.05,543.29,150.1,2025-04
ORD102654,2025-05-03,CUST2071,Home & Kitchen,Air Fryer,North,Marketplace,Cash on Delivery,1,5238.96,0.1,5238.96,1021.78,2025-05
ORD102655,2025-06-28,CUST1339,Books,Python Programming,Central,Mobile App,UPI,1,651.09,0.1,651.09,161.25,2025-06
ORD102656,2025-02-09,CUST1169,Home & Kitchen,Mixer Grinder,South,Marketplace,UPI,1,3552.21,0.15,3552.21,524.94,2025-02
ORD102657,2025-03-26,CUST1521,Electronics,Bluetooth Speaker,South,Marketplace,UPI,1,1769.51,0.0,1769.51,284.5,2025-03
ORD102658,2025-03-04,CUST1364,Electronics,Bluetooth Speaker,West,Website,UPI,1,1879.53,0.15,1879.53,208.04,2025-03
ORD102659,2025-06-01,CUST1259,Electronics,Wireless Headphones,East,Mobile App,UPI,1,2580.15,0.1,2580.15,402.81,2025-06
ORD102660,2025-05-23,CUST1948,Fashion,Cotton T-Shirt,West,Mobile App,UPI,1,677.89,0.1,677.89,158.56,2025-05
ORD102661,2025-11-30,CUST1090,Books,Business Management,East,Mobile App,Debit Card,2,489.39,0.05,978.78,217.96,2025-11
ORD102662,2025-03-17,CUST1371,Home & Kitchen,Electric Kettle,East,Marketplace,UPI,3,1609.21,0.15,4827.63,736.37,2025-03
ORD102663,2025-02-21,CUST1339,Electronics,Power Bank,North,Website,UPI,2,970.94,0.15,1941.88,205.23,2025-02
ORD102664,2025-07-04,CUST1811,Home & Kitchen,Non-Stick Pan,West,Marketplace,Debit Card,3,1296.79,0.1,3890.37,698.28,2025-07
ORD102665,2025-11-25,CUST1846,Beauty,Shampoo,Central,Marketplace,Credit Card,2,545.88,0.05,1091.76,414.87,2025-11
ORD102666,2025-12-03,CUST2158,Home & Kitchen,Storage Container Set,West,Website,Net Banking,2,963.62,0.2,1927.24,348.93,2025-12
ORD102667,2025-12-18,CUST1234,Books,Python Programming,Central,Mobile App,UPI,1,585.09,0.25,585.09,119.59,2025-12
ORD102668,2025-06-19,CUST1834,Fashion,Backpack,East,Website,UPI,3,1438.63,0.15,4315.89,954.68,2025-06
ORD102669,2025-02-15,CUST1274,Electronics,Smart Watch,Central,Website,Net Banking,1,3176.65,0.05,3176.65,443.01,2025-02
ORD102670,2025-03-10,CUST1800,Electronics,Smart Watch,South,Website,UPI,2,3159.05,0.0,6318.1,877.06,2025-03
ORD102671,2025-05-09,CUST1003,Home & Kitchen,Air Fryer,West,Mobile App,UPI,2,5306.55,0.15,10613.1,1704.68,2025-05
ORD102672,2025-12-17,CUST1829,Electronics,Smart Watch,East,Website,UPI,1,3605.79,0.1,3605.79,502.22,2025-12
ORD102673,2025-10-29,CUST1878,Electronics,Wireless Headphones,Central,Mobile App,UPI,2,2259.82,0.0,4519.64,838.55,2025-10
ORD102674,2025-04-01,CUST1568,Home & Kitchen,Air Fryer,South,Website,Cash on Delivery,3,5193.72,0.1,15581.16,3159.36,2025-04
ORD102675,2025-09-21,CUST1521,Books,Fiction Novel,Central,Website,UPI,1,385.21,0.1,385.21,93.42,2025-09
ORD102676,2025-03-24,CUST1517,Books,Fiction Novel,Central,Mobile App,Cash on Delivery,2,377.15,0.1,754.3,169.28,2025-03
ORD102677,2025-08-05,CUST1955,Electronics,Smart Watch,East,Website,Debit Card,1,3030.21,0.1,3030.21,504.9,2025-08
ORD102678,2025-10-05,CUST1754,Home & Kitchen,Electric Kettle,South,Mobile App,Cash on Delivery,1,1642.01,0.2,1642.01,290.11,2025-10
ORD102679,2025-08-01,CUST1087,Electronics,USB-C Hub,South,Mobile App,Credit Card,3,1195.67,0.0,3587.01,589.6,2025-08
ORD102680,2025-06-16,CUST1566,Fashion,Running Shoes,North,Website,Cash on Delivery,1,2385.71,0.2,2385.71,488.12,2025-06
ORD102681,2025-11-18,CUST1849,Home & Kitchen,Air Fryer,Central,Website,Debit Card,1,5020.26,0.2,5020.26,897.53,2025-11
ORD102682,2025-12-25,CUST2055,Books,Machine Learning Basics,Central,Mobile App,UPI,2,935.97,0.05,1871.94,418.26,2025-12
ORD102683,2025-09-05,CUST1718,Fashion,Denim Jeans,North,Mobile App,UPI,1,1505.76,0.1,1505.76,401.21,2025-09
ORD102684,2025-02-02,CUST1558,Books,Data Analytics Guide,East,Website,Credit Card,2,807.5,0.25,1615.0,282.31,2025-02
ORD102685,2025-09-09,CUST1140,Home & Kitchen,Non-Stick Pan,East,Website,Net Banking,1,1278.48,0.15,1278.48,235.0,2025-09
ORD102686,2025-06-19,CUST1913,Books,Business Management,South,Website,Debit Card,4,511.74,0.05,2046.96,418.2,2025-06
ORD102687,2025-06-29,CUST1130,Electronics,Bluetooth Speaker,Central,Marketplace,UPI,3,1731.11,0.1,5193.33,689.39,2025-06
ORD102688,2025-11-02,CUST1794,Electronics,USB-C Hub,Central,Website,Credit Card,1,1411.92,0.05,1411.92,171.92,2025-11
ORD102689,2025-11-13,CUST2069,Books,Business Management,Central,Mobile App,Cash on Delivery,1,485.59,0.1,485.59,114.37,2025-11
ORD102690,2025-08-18,CUST1556,Home & Kitchen,Air Fryer,West,Mobile App,Debit Card,2,5344.58,0.25,10689.16,1647.06,2025-08
ORD102691,2025-11-26,CUST2049,Fashion,Running Shoes,South,Marketplace,Cash on Delivery,1,2073.78,0.15,2073.78,563.36,2025-11
ORD102692,2025-11-30,CUST1309,Electronics,Smart Watch,Central,Website,Net Banking,2,3414.61,0.0,6829.22,867.69,2025-11
ORD102693,2025-11-11,CUST2073,Electronics,Bluetooth Speaker,West,Website,UPI,2,1878.36,0.05,3756.72,676.33,2025-11
ORD102694,2025-08-18,CUST1158,Fashion,Backpack,North,Mobile App,Debit Card,1,1488.92,0.0,1488.92,430.83,2025-08
ORD102695,2025-09-23,CUST1926,Home & Kitchen,Non-Stick Pan,South,Mobile App,Credit Card,1,1366.69,0.1,1366.69,239.74,2025-09
ORD102696,2025-05-04,CUST1068,Fashion,Casual Shirt,East,Mobile App,UPI,3,1298.76,0.0,3896.2799999999997,1041.81,2025-05
ORD102697,2025-09-07,CUST1955,Electronics,Bluetooth Speaker,East,Mobile App,Credit Card,3,1779.64,0.15,5338.92,746.47,2025-09
ORD102698,2025-02-12,CUST1026,Beauty,Face Wash,East,Marketplace,UPI,1,404.52,0.1,404.52,125.06,2025-02
ORD102699,2025-09-23,CUST1036,Beauty,Shampoo,South,Website,Credit Card,2,488.74,0.05,977.48,301.57,2025-09
ORD102700,2025-09-02,CUST1517,Home & Kitchen,Storage Container Set,West,Website,Debit Card,1,900.79,0.05,900.79,180.85,2025-09
ORD102701,2025-09-25,CUST1296,Electronics,USB-C Hub,North,Marketplace,Credit Card,1,1175.04,0.1,1175.04,135.15,2025-09
ORD102702,2025-12-23,CUST1755,Electronics,Power Bank,East,Mobile App,Net Banking,4,941.8,0.15,3767.2,488.31,2025-12
ORD102703,2025-07-21,CUST1156,Beauty,Shampoo,North,Website,UPI,1,462.85,0.1,462.85,126.71,2025-07
ORD102704,2025-10-20,CUST1671,Books,Fiction Novel,North,Website,Debit Card,1,384.63,0.0,384.63,104.49,2025-10
ORD102705,2025-02-28,CUST1564,Books,Fiction Novel,North,Mobile App,Debit Card,3,385.29,0.0,1155.8700000000001,282.79,2025-02
ORD102706,2025-01-04,CUST1003,Fashion,Denim Jeans,South,Website,UPI,2,1449.96,0.15,2899.92,725.69,2025-01
ORD102707,2025-08-15,CUST1633,Electronics,Smart Watch,Central,Mobile App,UPI,2,3531.39,0.05,7062.78,1024.33,2025-08
ORD102708,2025-01-30,CUST1522,Home & Kitchen,Air Fryer,South,Marketplace,Cash on Delivery,1,5484.59,0.05,5484.59,1043.35,2025-01
ORD102709,2025-09-25,CUST1895,Electronics,Smart Watch,North,Mobile App,UPI,1,3376.53,0.1,3376.53,536.38,2025-09
ORD102710,2025-12-19,CUST1679,Electronics,Bluetooth Speaker,West,Marketplace,Credit Card,1,1721.9,0.0,1721.9,257.14,2025-12
ORD102711,2025-09-23,CUST1550,Fashion,Denim Jeans,West,Marketplace,UPI,1,1460.08,0.1,1460.08,369.03,2025-09
ORD102712,2025-09-10,CUST1996,Fashion,Casual Shirt,East,Website,UPI,1,1119.33,0.25,1119.33,230.47,2025-09
ORD102713,2025-03-26,CUST1636,Fashion,Denim Jeans,Central,Website,Credit Card,1,1399.02,0.05,1399.02,392.97,2025-03
ORD102714,2025-03-23,CUST1119,Beauty,Sunscreen,Central,Mobile App,UPI,2,656.38,0.1,1312.76,356.36,2025-03
ORD102715,2025-07-21,CUST1014,Fashion,Denim Jeans,East,Website,Net Banking,1,1599.52,0.1,1599.52,330.7,2025-07
ORD102716,2025-07-08,CUST1082,Home & Kitchen,Mixer Grinder,West,Website,UPI,3,3518.79,0.1,10556.369999999999,2135.18,2025-07
ORD102717,2025-05-05,CUST2035,Home & Kitchen,Mixer Grinder,West,Marketplace,UPI,2,3618.46,0.15,7236.92,1169.64,2025-05
ORD102718,2025-03-02,CUST1122,Home & Kitchen,Electric Kettle,South,Website,Debit Card,2,1537.8,0.05,3075.6,676.2,2025-03
ORD102719,2025-12-29,CUST1830,Fashion,Backpack,Central,Marketplace,UPI,1,1428.8,0.15,1428.8,337.82,2025-12
ORD102720,2025-03-05,CUST2196,Home & Kitchen,Mixer Grinder,North,Mobile App,Net Banking,1,3617.22,0.1,3617.22,674.81,2025-03
ORD102721,2025-11-25,CUST1206,Beauty,Shampoo,North,Marketplace,UPI,1,451.23,0.1,451.23,137.91,2025-11
ORD102722,2025-02-05,CUST2179,Home & Kitchen,Mixer Grinder,North,Website,UPI,4,3606.79,0.1,14427.16,2550.35,2025-02
ORD102723,2025-10-05,CUST2092,Electronics,Bluetooth Speaker,East,Mobile App,UPI,4,1835.71,0.1,7342.84,528.68,2025-10
ORD102724,2025-01-17,CUST1563,Home & Kitchen,Mixer Grinder,West,Mobile App,Cash on Delivery,1,3834.03,0.2,3834.03,702.15,2025-01
ORD102725,2025-02-21,CUST1543,Electronics,Smart Watch,South,Mobile App,Net Banking,4,3370.67,0.0,13482.68,1818.58,2025-02
ORD102726,2025-02-25,CUST1979,Books,Business Management,South,Website,UPI,2,548.19,0.0,1096.38,291.82,2025-02
ORD102727,2025-05-15,CUST2016,Books,Machine Learning Basics,South,Mobile App,Debit Card,2,939.76,0.1,1879.52,432.87,2025-05
ORD102728,2025-06-13,CUST1862,Electronics,Power Bank,Central,Marketplace,UPI,1,957.28,0.1,957.28,134.63,2025-06
ORD102729,2025-07-02,CUST1026,Electronics,Power Bank,East,Mobile App,Cash on Delivery,1,996.78,0.05,996.78,176.66,2025-07
ORD102730,2025-11-26,CUST1717,Electronics,USB-C Hub,south,Mobile App,UPI,1,1325.03,0.15,1325.03,217.22,2025-11
ORD102731,2025-09-10,CUST1554,Books,Machine Learning Basics,West,Mobile App,Net Banking,3,974.79,0.1,2924.37,607.66,2025-09
ORD102732,2025-02-23,CUST1878,Electronics,Power Bank,South,Website,Cash on Delivery,4,1050.53,0.0,4202.12,822.03,2025-02
ORD102733,2025-01-28,CUST1237,Electronics,Bluetooth Speaker,Central,Mobile App,UPI,3,1657.93,0.1,4973.79,819.39,2025-01
ORD102734,2025-07-31,CUST1795,Books,Python Programming,West,Mobile App,Credit Card,4,557.29,0.05,2229.16,586.03,2025-07
ORD102735,2025-04-06,CUST2076,Fashion,Denim Jeans,Central,Website,Credit Card,1,1547.37,0.0,1547.37,489.72,2025-04
ORD102736,2025-03-04,CUST1854,Fashion,Casual Shirt,Central,Marketplace,Credit Card,1,1176.42,0.0,1176.42,310.21,2025-03
ORD102737,2025-11-15,CUST1824,Home & Kitchen,Air Fryer,West,Website,Credit Card,1,5449.54,0.05,5449.54,967.7,2025-11
ORD102738,2025-03-03,CUST1513,Fashion,Denim Jeans,North,Mobile App,UPI,2,1410.74,0.0,2821.48,735.63,2025-03
ORD102739,2025-04-18,CUST1524,Beauty,Perfume,East,Website,Credit Card,1,1264.27,0.0,1264.27,400.53,2025-04
ORD102740,2025-03-09,CUST1180,Electronics,USB-C Hub,West,Marketplace,Credit Card,1,1212.56,0.2,1212.56,141.45,2025-03
ORD102741,2025-01-14,CUST1496,Fashion,Backpack,Central,Website,Cash on Delivery,4,1320.75,0.15,5283.0,1222.96,2025-01
ORD102742,2025-10-06,CUST1835,Beauty,Sunscreen,Central,Mobile App,Debit Card,5,745.89,0.05,3729.45,1146.91,2025-10
ORD102743,2025-02-12,CUST1656,Fashion,Backpack,Central,Marketplace,Credit Card,1,1388.18,0.0,1388.18,407.49,2025-02
ORD102744,2025-09-06,CUST1693,Fashion,Backpack,North,Marketplace,UPI,1,1439.38,0.05,1439.38,366.85,2025-09
ORD102745,2025-06-11,CUST2158,Fashion,Running Shoes,South,Marketplace,Cash on Delivery,2,2109.29,0.2,4218.58,892.02,2025-06
ORD102746,2025-09-09,CUST2088,Home & Kitchen,Air Fryer,East,Mobile App,UPI,1,4961.43,0.1,4961.43,960.13,2025-09
ORD102747,2025-05-23,CUST2083,Electronics,Smart Watch,East,Marketplace,UPI,2,3212.7,0.05,6425.4,970.58,2025-05
ORD102748,2025-02-20,CUST1673,Fashion,Backpack,North,Website,UPI,1,1471.99,0.15,1471.99,381.61,2025-02
ORD102749,2025-06-13,CUST1625,Books,Python Programming,West,Website,Credit Card,1,638.37,0.1,638.37,150.73,2025-06
ORD102750,2025-05-29,CUST2027,Home & Kitchen,Air Fryer,West,Marketplace,Net Banking,2,4577.66,0.1,9155.32,1858.33,2025-05
ORD102751,2025-08-29,CUST1152,Electronics,USB-C Hub,North,Website,UPI,3,1419.67,0.1,4259.01,398.21,2025-08
ORD102752,2025-09-28,CUST2020,Beauty,Face Wash,West,Website,Cash on Delivery,1,405.35,0.0,405.35,134.19,2025-09
ORD102753,2025-10-17,CUST1590,Fashion,Backpack,North,Mobile App,Cash on Delivery,2,1484.77,0.0,2969.54,781.2,2025-10
ORD102754,2025-03-09,CUST1799,Home & Kitchen,Non-Stick Pan,West,Mobile App,UPI,3,1284.27,0.0,3852.81,782.06,2025-03
ORD102755,2025-10-10,CUST1093,Fashion,Denim Jeans,North,Marketplace,Cash on Delivery,2,1646.81,0.25,3293.62,658.59,2025-10
ORD102756,2025-06-02,CUST1043,Fashion,Backpack,Central,Mobile App,UPI,1,1462.0,0.25,1462.0,327.7,2025-06
ORD102757,2025-11-23,CUST1945,Fashion,Denim Jeans,North,Marketplace,Credit Card,1,1554.03,0.1,1554.03,417.5,2025-11
ORD102758,2025-01-30,CUST1666,Home & Kitchen,Non-Stick Pan,South,Marketplace,UPI,3,1308.18,0.25,3924.54,667.64,2025-01
ORD102759,2025-07-18,CUST1554,Fashion,Backpack,East,Marketplace,Credit Card,2,1432.79,0.2,2865.58,564.79,2025-07
ORD102760,2025-06-07,CUST1581,Electronics,Smart Watch,North,Mobile App,UPI,1,3198.15,0.0,3198.15,640.94,2025-06
ORD102761,2025-06-27,CUST1209,Books,Business Management,East,Marketplace,UPI,1,536.4,0.0,536.4,129.5,2025-06
ORD102762,2025-04-10,CUST1731,Home & Kitchen,Mixer Grinder,Central,Website,UPI,2,3579.91,0.15,7159.82,1323.47,2025-04
ORD102763,2025-03-30,CUST1222,Home & Kitchen,Storage Container Set,West,Marketplace,UPI,1,848.99,0.1,848.99,123.18,2025-03
ORD102764,2025-03-19,CUST1441,Beauty,Sunscreen,North,Website,Credit Card,2,719.28,0.05,1438.56,421.89,2025-03
ORD102765,2025-05-25,CUST2026,Home & Kitchen,Storage Container Set,North,Website,Credit Card,2,837.82,0.05,1675.64,261.17,2025-05
ORD102766,2025-07-31,CUST1289,Home & Kitchen,Storage Container Set,South,Website,UPI,3,960.3,0.15,2880.8999999999996,510.02,2025-07
ORD102767,2025-05-10,CUST1097,Beauty,Sunscreen,Central,Website,UPI,4,661.84,0.1,2647.36,845.89,2025-05
ORD102768,2025-01-08,CUST1878,Fashion,Running Shoes,South,Website,Debit Card,1,2300.53,0.1,2300.53,517.91,2025-01
ORD102769,2025-06-04,CUST1461,Books,Fiction Novel,Central,Website,Cash on Delivery,2,375.01,0.15,750.02,154.21,2025-06
ORD102770,2025-12-28,CUST1457,Fashion,Running Shoes,South,Website,UPI,1,2252.2,0.05,2252.2,706.15,2025-12
ORD102771,2025-08-29,CUST1591,Fashion,Cotton T-Shirt,South,Website,UPI,1,641.08,0.05,641.08,178.35,2025-08
ORD102772,2025-02-15,CUST1890,Fashion,Cotton T-Shirt,West,Website,Credit Card,2,712.77,0.0,1425.54,330.49,2025-02
ORD102773,2025-05-04,CUST1754,Home & Kitchen,Non-Stick Pan,East,Marketplace,Credit Card,3,1387.55,0.15,4162.65,758.07,2025-05
ORD102774,2025-06-25,CUST1380,Home & Kitchen,Storage Container Set,Central,Mobile App,UPI,2,907.8,0.05,1815.6,330.7,2025-06
ORD102775,2025-06-24,CUST1619,Fashion,Backpack,North,Mobile App,Credit Card,2,1501.94,0.15,3003.88,688.57,2025-06
ORD102776,2025-08-03,CUST1144,Electronics,Power Bank,East,Website,Debit Card,3,975.83,0.1,2927.4900000000002,393.45,2025-08
ORD102777,2025-08-14,CUST1174,Home & Kitchen,Non-Stick Pan,North,Marketplace,UPI,2,1369.52,0.1,2739.04,527.88,2025-08
ORD102778,2025-02-17,CUST1228,Fashion,Denim Jeans,North,Mobile App,UPI,2,1494.41,0.1,2988.82,740.36,2025-02
ORD102779,2025-01-31,CUST2028,Electronics,Smart Watch,South,Mobile App,UPI,2,3338.1,0.05,6676.2,1270.14,2025-01
ORD102780,2025-11-13,CUST1926,Beauty,Perfume,Central,Mobile App,Cash on Delivery,3,1175.57,0.0,3526.71,1200.29,2025-11
ORD102781,2025-09-04,CUST1031,Fashion,Running Shoes,North,Website,Cash on Delivery,2,2467.57,0.05,4935.14,1465.55,2025-09
ORD102782,2025-01-26,CUST1534,Electronics,Power Bank,Central,Marketplace,UPI,1,912.7,0.0,912.7,187.39,2025-01
ORD102783,2025-01-06,CUST1132,Home & Kitchen,Electric Kettle,Central,Website,Net Banking,1,1562.97,0.0,1562.97,359.65,2025-01
ORD102784,2025-05-25,CUST2188,Home & Kitchen,Mixer Grinder,North,Mobile App,Debit Card,1,3810.18,0.1,3810.18,686.84,2025-05
ORD102785,2025-07-30,CUST1293,Home & Kitchen,Air Fryer,North,Mobile App,Credit Card,2,5178.77,0.2,10357.54,1517.49,2025-07
ORD102786,2025-02-17,CUST1147,Electronics,Wireless Headphones,South,Mobile App,UPI,3,2324.22,0.2,6972.66,1072.17,2025-02
ORD102787,2025-04-13,CUST1954,Books,Data Analytics Guide,Central,Mobile App,UPI,1,738.14,0.15,738.14,154.36,2025-04
ORD102788,2025-04-22,CUST1511,Home & Kitchen,Electric Kettle,South,Website,UPI,2,1750.94,0.0,3501.88,571.94,2025-04
ORD102789,2025-10-29,CUST1054,Fashion,Running Shoes,East,Website,UPI,1,2091.54,0.15,2091.54,546.35,2025-10
ORD102790,2025-05-02,CUST1528,Beauty,Perfume,South,Mobile App,UPI,2,1327.36,0.1,2654.72,651.08,2025-05
ORD102791,2025-06-09,CUST1998,Books,Machine Learning Basics,East,Mobile App,Cash on Delivery,2,846.96,0.2,1693.92,325.29,2025-06
ORD102792,2025-04-26,CUST1073,Beauty,Sunscreen,West,Website,Cash on Delivery,1,704.97,0.2,704.97,191.91,2025-04
ORD102793,2025-07-17,CUST1132,Home & Kitchen,Mixer Grinder,West,Website,Net Banking,3,3300.05,0.1,9900.150000000001,1703.92,2025-07
ORD102794,2025-11-15,CUST1980,Beauty,Perfume,South,Website,UPI,2,1311.29,0.05,2622.58,830.17,2025-11
ORD102795,2025-02-05,CUST1255,Fashion,Backpack,North,Mobile App,Debit Card,2,1359.09,0.15,2718.18,529.02,2025-02
ORD102796,2025-10-07,CUST1386,Home & Kitchen,Electric Kettle,Central,Marketplace,Cash on Delivery,3,1524.15,0.2,4572.450000000001,741.89,2025-10
ORD102797,2025-08-20,CUST1600,Books,Business Management,East,Mobile App,Net Banking,3,515.08,0.15,1545.2400000000002,312.21,2025-08
ORD102798,2025-07-29,CUST1250,Fashion,Casual Shirt,West,Website,Credit Card,5,1115.91,0.2,5579.55,1106.97,2025-07
ORD102799,2025-03-01,CUST2084,Fashion,Running Shoes,East,Website,Credit Card,1,2202.94,0.2,2202.94,489.71,2025-03
ORD102800,2025-09-14,CUST1310,Home & Kitchen,Air Fryer,West,Website,Credit Card,1,4589.22,0.15,4589.22,695.99,2025-09
ORD102801,2025-12-21,CUST2148,Fashion,Backpack,East,Website,UPI,1,1327.99,0.05,1327.99,328.1,2025-12
ORD102802,2025-04-07,CUST1030,Electronics,Power Bank,Central,Marketplace,UPI,2,1058.08,0.15,2116.16,228.01,2025-04
ORD102803,2025-01-24,CUST1601,Electronics,Wireless Headphones,North,Website,UPI,1,2714.97,0.0,2714.97,458.73,2025-01
ORD102804,2025-04-23,CUST1058,Fashion,Denim Jeans,North,Website,UPI,1,1491.32,0.05,1491.32,324.06,2025-04
ORD102805,2025-01-27,CUST1119,Home & Kitchen,Non-Stick Pan,East,Website,Credit Card,1,1247.03,0.0,1247.03,203.87,2025-01
ORD102806,2025-09-20,CUST1458,Beauty,Face Wash,Central,Mobile App,UPI,1,381.5,0.05,381.5,114.84,2025-09
ORD102807,2025-01-08,CUST1450,Home & Kitchen,Non-Stick Pan,West,Website,Debit Card,1,1220.31,0.1,1220.31,232.17,2025-01
ORD102808,2025-01-31,CUST1051,Electronics,USB-C Hub,East,Mobile App,Debit Card,1,1404.9,0.0,1404.9,201.83,2025-01
ORD102809,2025-07-20,CUST1381,Books,Fiction Novel,West,Mobile App,Credit Card,2,428.42,0.0,856.84,200.65,2025-07
ORD102810,2025-08-06,CUST1982,Electronics,USB-C Hub,North,Website,UPI,2,1353.65,0.1,2707.3,447.33,2025-08
ORD102811,2025-03-25,CUST1367,Books,Fiction Novel,East,Mobile App,UPI,4,360.14,0.05,1440.56,320.99,2025-03
ORD102812,2025-09-27,CUST2076,Home & Kitchen,Air Fryer,Central,Website,Credit Card,1,4535.58,0.2,4535.58,776.45,2025-09
ORD102813,2025-07-03,CUST1772,Home & Kitchen,Non-Stick Pan,Central,Website,Debit Card,3,1223.91,0.2,3671.7300000000005,611.42,2025-07
ORD102814,2025-05-22,CUST1125,Electronics,Bluetooth Speaker,South,Mobile App,UPI,1,1746.53,0.05,1746.53,270.33,2025-05
ORD102815,2025-01-20,CUST1715,Books,Business Management,East,Website,Debit Card,2,515.78,0.25,1031.56,185.69,2025-01
ORD102816,2025-11-20,CUST1450,Home & Kitchen,Non-Stick Pan,West,Website,UPI,1,1268.82,0.2,1268.82,243.65,2025-11
ORD102817,2025-09-29,CUST1956,Electronics,Power Bank,South,Mobile App,Debit Card,1,1031.24,0.1,1031.24,179.85,2025-09
ORD102818,2025-07-06,CUST1140,Electronics,Power Bank,East,Website,Credit Card,1,910.83,0.1,910.83,152.86,2025-07
ORD102819,2025-04-20,CUST1331,Home & Kitchen,Air Fryer,Central,Website,UPI,3,4888.11,0.1,14664.329999999998,2955.77,2025-04
ORD102820,2025-07-03,CUST1412,Electronics,Wireless Headphones,North,Marketplace,Credit Card,4,2290.26,0.2,9161.04,1217.61,2025-07
ORD102821,2025-09-04,CUST2099,Fashion,Cotton T-Shirt,East,Website,Net Banking,1,732.93,0.25,732.93,167.61,2025-09
ORD102822,2025-10-01,CUST1535,Electronics,Power Bank,South,Website,UPI,1,1001.67,0.0,1001.67,189.77,2025-10
ORD102823,2025-06-11,CUST1821,Books,Python Programming,East,Marketplace,Debit Card,5,571.95,0.1,2859.75,650.97,2025-06
ORD102824,2025-04-21,CUST1608,Electronics,Power Bank,West,Website,Credit Card,2,1080.5,0.05,2161.0,317.93,2025-04
ORD102825,2025-08-01,CUST1758,Electronics,USB-C Hub,South,Website,UPI,3,1212.83,0.15,3638.49,495.9,2025-08
ORD102826,2025-02-05,CUST2042,Fashion,Denim Jeans,Central,Website,Debit Card,1,1479.21,0.1,1479.21,365.28,2025-02
ORD102827,2025-11-03,CUST1363,Electronics,USB-C Hub,South,Website,Debit Card,1,1236.5,0.15,1236.5,137.91,2025-11
ORD102828,2025-04-08,CUST1468,Electronics,Bluetooth Speaker,West,Marketplace,UPI,1,1805.66,0.15,1805.66,259.07,2025-04
ORD102829,2025-01-27,CUST1386,Fashion,Running Shoes,South,Website,UPI,1,2367.34,0.1,2367.34,698.6,2025-01
ORD102830,2025-09-14,CUST1632,Fashion,Backpack,East,Mobile App,UPI,1,1275.89,0.15,1275.89,344.05,2025-09
ORD102831,2025-05-14,CUST1923,Home & Kitchen,Storage Container Set,South,Mobile App,Debit Card,2,866.59,0.0,1733.18,274.92,2025-05
ORD102832,2025-11-01,CUST1179,Home & Kitchen,Mixer Grinder,West,Website,UPI,1,3671.13,0.1,3671.13,608.65,2025-11
ORD102833,2025-08-15,CUST1797,Home & Kitchen,Non-Stick Pan,Central,Marketplace,Credit Card,3,1172.86,0.2,3518.58,569.59,2025-08
ORD102834,2025-12-10,CUST1381,Fashion,Backpack,East,Marketplace,UPI,3,1281.02,0.05,3843.06,1074.1,2025-12
ORD102835,2025-01-16,CUST1781,Fashion,Denim Jeans,West,Marketplace,Debit Card,2,1453.84,0.05,2907.68,710.45,2025-01
ORD102836,2025-10-25,CUST1425,Fashion,Casual Shirt,Central,Marketplace,Credit Card,1,1178.13,0.2,1178.13,309.61,2025-10
ORD102837,2025-06-11,CUST1137,Fashion,Denim Jeans,Central,Website,UPI,1,1471.15,0.1,1471.15,341.96,2025-06
ORD102838,2025-03-24,CUST1654,Home & Kitchen,Non-Stick Pan,North,Website,Debit Card,3,1417.69,0.2,4253.07,551.96,2025-03
ORD102839,2025-04-06,CUST1180,Electronics,Smart Watch,Central,Website,UPI,5,3344.49,0.1,16722.449999999997,3188.26,2025-04
ORD102840,2025-06-24,CUST1601,Books,Business Management,West,Mobile App,Debit Card,1,463.19,0.2,463.19,89.21,2025-06
ORD102841,2025-08-09,CUST2050,Fashion,Cotton T-Shirt,North,Website,UPI,1,692.91,0.0,692.91,213.66,2025-08
ORD102842,2025-12-07,CUST1051,Beauty,Face Wash,South,Marketplace,Credit Card,3,427.74,0.05,1283.22,448.0,2025-12
ORD102843,2025-03-13,CUST1117,Fashion,Cotton T-Shirt,Central,Marketplace,Cash on Delivery,2,677.57,0.05,1355.14,372.06,2025-03
ORD102844,2025-06-28,CUST1888,Fashion,Running Shoes,East,Marketplace,Debit Card,2,2245.53,0.1,4491.06,960.16,2025-06
ORD102845,2025-05-10,CUST1414,Beauty,Perfume,South,Website,Net Banking,4,1242.53,0.0,4970.12,1691.09,2025-05
ORD102846,2025-10-27,CUST1655,Home & Kitchen,Storage Container Set,Central,Website,UPI,1,897.26,0.2,897.26,116.61,2025-10
ORD102847,2025-07-23,CUST1819,Fashion,Cotton T-Shirt,South,Website,UPI,3,644.93,0.0,1934.79,564.85,2025-07
ORD102848,2025-12-24,CUST1370,Fashion,Casual Shirt,Central,Website,UPI,4,1210.33,0.0,4841.32,1292.87,2025-12
ORD102849,2025-07-08,CUST2099,Electronics,Wireless Headphones,Central,Mobile App,UPI,1,2325.14,0.1,2325.14,381.95,2025-07
ORD102850,2025-04-17,CUST1139,Beauty,Face Wash,North,Mobile App,Debit Card,2,412.91,0.15,825.82,200.92,2025-04
ORD102851,2025-11-15,CUST1094,Electronics,Bluetooth Speaker,East,Mobile App,Cash on Delivery,1,1843.32,0.05,1843.32,277.33,2025-11
ORD102852,2025-09-22,CUST1077,Electronics,Wireless Headphones,Central,Website,Debit Card,1,2668.37,0.1,2668.37,459.14,2025-09
ORD102853,2025-04-08,CUST1631,Fashion,Backpack,South,Mobile App,Cash on Delivery,3,1459.0,0.1,4377.0,1042.15,2025-04
ORD102854,2025-09-19,CUST2044,Home & Kitchen,Air Fryer,West,Website,Debit Card,1,5131.65,0.1,5131.65,1007.79,2025-09
ORD102855,2025-07-18,CUST2158,Fashion,Running Shoes,South,Website,Credit Card,1,2189.08,0.2,2189.08,485.96,2025-07
ORD102856,2025-02-13,CUST1687,Home & Kitchen,Non-Stick Pan,Central,Website,UPI,4,1322.17,0.15,5288.68,982.97,2025-02
ORD102857,2025-12-24,CUST1959,Electronics,Bluetooth Speaker,East,Mobile App,Credit Card,1,1630.05,0.15,1630.05,240.51,2025-12
ORD102858,2025-11-22,CUST1644,Fashion,Backpack,Central,Mobile App,Debit Card,1,1363.76,0.1,1363.76,346.39,2025-11
ORD102859,2025-10-31,CUST1310,Fashion,Denim Jeans,East,Marketplace,Debit Card,2,1639.06,0.0,3278.12,863.81,2025-10
ORD102860,2025-02-12,CUST1691,Fashion,Running Shoes,Central,Mobile App,Net Banking,1,2415.78,0.1,2415.78,609.36,2025-02
ORD102861,2025-10-22,CUST1603,Fashion,Cotton T-Shirt,East,Marketplace,UPI,3,757.86,0.05,2273.58,670.26,2025-10
ORD102862,2025-08-06,CUST1236,Books,Business Management,West,Website,UPI,1,470.57,0.2,470.57,95.74,2025-08
ORD102863,2025-02-15,CUST1717,Beauty,Face Wash,Central,Website,Cash on Delivery,2,381.44,0.05,762.88,199.67,2025-02
ORD102864,2025-08-21,CUST1854,Home & Kitchen,Non-Stick Pan,East,Mobile App,Credit Card,1,1225.6,0.05,1225.6,239.1,2025-08
ORD102865,2025-07-07,CUST1925,Fashion,Running Shoes,North,Website,UPI,3,2119.36,0.05,6358.08,1754.29,2025-07
ORD102866,2025-07-16,CUST1895,Home & Kitchen,Air Fryer,North,Website,UPI,1,5413.55,0.05,5413.55,1064.9,2025-07
ORD102867,2025-06-13,CUST1925,Home & Kitchen,Non-Stick Pan,East,Mobile App,Cash on Delivery,1,1329.35,0.05,1329.35,262.43,2025-06
ORD102868,2025-10-15,CUST1369,Beauty,Sunscreen,North,Marketplace,UPI,5,752.24,0.2,3761.2,917.67,2025-10
ORD102869,2025-11-08,CUST1866,Home & Kitchen,Electric Kettle,North,Mobile App,UPI,1,1693.97,0.05,1693.97,325.82,2025-11
ORD102870,2025-07-26,CUST1043,Home & Kitchen,Mixer Grinder,South,Marketplace,Credit Card,1,3383.31,0.1,3383.31,676.95,2025-07
ORD102871,2025-08-19,CUST1153,Electronics,Smart Watch,East,Website,Debit Card,1,3120.01,0.05,3120.01,513.68,2025-08
ORD102872,2025-06-23,CUST1680,Electronics,Wireless Headphones,East,Marketplace,Debit Card,2,2301.96,0.0,4603.92,620.06,2025-06
ORD102873,2025-08-10,CUST1727,Electronics,Bluetooth Speaker,East,Marketplace,Cash on Delivery,2,1896.99,0.0,3793.98,811.62,2025-08
ORD102874,2025-09-30,CUST2094,Electronics,Wireless Headphones,Central,Website,UPI,3,2537.92,0.15,7613.76,1063.58,2025-09
ORD102875,2025-05-01,CUST2035,Beauty,Perfume,East,Website,Credit Card,2,1273.53,0.25,2547.06,570.34,2025-05
ORD102876,2025-08-22,CUST1261,Fashion,Backpack,Central,Marketplace,UPI,1,1417.45,0.1,1417.45,338.22,2025-08
ORD102877,2025-06-06,CUST1569,Electronics,USB-C Hub,North,Marketplace,Debit Card,3,1275.27,0.0,3825.81,541.06,2025-06
ORD102878,2025-11-05,CUST1248,Books,Python Programming,East,Mobile App,Debit Card,3,627.62,0.0,1882.8600000000001,546.53,2025-11
ORD102879,2025-11-29,CUST1603,Beauty,Perfume,North,Marketplace,UPI,3,1210.22,0.0,3630.66,1026.7,2025-11
ORD102880,2025-02-21,CUST2170,Fashion,Backpack,North,Website,Cash on Delivery,1,1280.76,0.0,1280.76,339.16,2025-02
ORD102881,2025-03-14,CUST1345,Books,Data Analytics Guide,East,Mobile App,Debit Card,1,796.94,0.0,796.94,205.11,2025-03
ORD102882,2025-05-25,CUST1611,Fashion,Denim Jeans,East,Website,Cash on Delivery,1,1413.26,0.15,1413.26,314.54,2025-05
ORD102883,2025-11-14,CUST1683,Fashion,Denim Jeans,South,Website,Debit Card,1,1640.27,0.0,1640.27,424.8,2025-11
ORD102884,2025-07-22,CUST2114,Electronics,Power Bank,East,Marketplace,Credit Card,2,1081.91,0.05,2163.82,325.26,2025-07
ORD102885,2025-11-20,CUST1416,Electronics,Bluetooth Speaker,East,Website,Debit Card,2,1937.59,0.1,3875.18,519.45,2025-11
ORD102886,2025-08-21,CUST1669,Books,Business Management,South,Website,Credit Card,2,462.08,0.1,924.16,197.14,2025-08
ORD102887,2025-08-03,CUST2148,Home & Kitchen,Storage Container Set,West,Mobile App,Credit Card,1,953.68,0.2,953.68,145.68,2025-08
ORD102888,2025-03-25,CUST1985,Books,Data Analytics Guide,North,Marketplace,Debit Card,3,822.11,0.2,2466.33,569.42,2025-03
ORD102889,2025-09-08,CUST1170,Electronics,USB-C Hub,West,Mobile App,UPI,1,1209.52,0.0,1209.52,128.68,2025-09
ORD102890,2025-01-19,CUST1402,Electronics,Power Bank,West,Website,Credit Card,2,1053.39,0.1,2106.78,182.18,2025-01
ORD102891,2025-08-10,CUST1560,Electronics,Wireless Headphones,East,Website,Net Banking,2,2671.49,0.2,5342.98,590.86,2025-08
ORD102892,2025-11-26,CUST1378,Electronics,Power Bank,East,Website,Cash on Delivery,4,1086.95,0.15,4347.8,583.98,2025-11
ORD102893,2025-12-20,CUST1391,Books,Fiction Novel,South,Mobile App,UPI,1,428.2,0.25,428.2,73.71,2025-12
ORD102894,2025-07-29,CUST2029,Fashion,Running Shoes,North,Website,Debit Card,1,2188.02,0.15,2188.02,438.46,2025-07
ORD102895,2025-07-15,CUST1175,Home & Kitchen,Non-Stick Pan,South,Marketplace,Net Banking,1,1289.89,0.0,1289.89,278.0,2025-07
ORD102896,2025-09-18,CUST1175,Beauty,Moisturizer,West,Website,UPI,3,651.87,0.1,1955.6100000000001,565.11,2025-09
ORD102897,2025-05-12,CUST1885,Fashion,Cotton T-Shirt,North,Mobile App,Debit Card,3,662.88,0.0,1988.6399999999999,531.05,2025-05
ORD102898,2025-08-29,CUST1230,Home & Kitchen,Electric Kettle,East,Marketplace,Credit Card,1,1500.44,0.1,1500.44,234.56,2025-08
ORD102899,2025-01-24,CUST2053,Beauty,Sunscreen,East,Website,Debit Card,1,740.83,0.1,740.83,205.59,2025-01
ORD102900,2025-08-30,CUST1306,Books,Machine Learning Basics,North,Website,UPI,1,922.33,0.1,922.33,221.21,2025-08
ORD102901,2025-07-22,CUST1004,Electronics,USB-C Hub,Central,Mobile App,UPI,1,1329.42,0.0,1329.42,190.66,2025-07
ORD102902,2025-12-09,CUST1002,Fashion,Denim Jeans,North,Website,UPI,1,1565.2,0.1,1565.2,355.97,2025-12
ORD102903,2025-02-02,CUST2181,Electronics,USB-C Hub,South,Marketplace,Credit Card,1,1186.36,0.25,1186.36,161.86,2025-02
ORD102904,2025-09-19,CUST1646,Books,Business Management,South,Marketplace,Debit Card,2,516.85,0.1,1033.7,224.06,2025-09
ORD102905,2025-10-23,CUST1438,Fashion,Backpack,South,Website,UPI,1,1526.14,0.0,1526.14,503.3,2025-10
ORD102906,2025-06-08,CUST1755,Home & Kitchen,Air Fryer,Central,Mobile App,UPI,1,4759.26,0.05,4759.26,826.57,2025-06
ORD102907,2025-10-27,CUST1327,Fashion,Running Shoes,Central,Marketplace,Credit Card,1,2220.73,0.15,2220.73,487.13,2025-10
ORD102908,2025-03-04,CUST1099,Beauty,Face Wash,North,Mobile App,Net Banking,1,432.22,0.2,432.22,114.58,2025-03
ORD102909,2025-06-02,CUST1980,Electronics,Wireless Headphones,North,Marketplace,UPI,1,2430.71,0.25,2430.71,255.08,2025-06
ORD102910,2025-07-01,CUST1526,Home & Kitchen,Mixer Grinder,West,Mobile App,Cash on Delivery,1,3517.43,0.05,3517.43,627.57,2025-07
ORD102911,2025-05-01,CUST1800,Fashion,Cotton T-Shirt,North,Website,Debit Card,3,694.29,0.2,2082.87,438.89,2025-05
ORD102912,2025-11-11,CUST1945,Home & Kitchen,Electric Kettle,West,Website,UPI,2,1585.89,0.1,3171.78,642.96,2025-11
ORD102913,2025-08-25,CUST1814,Beauty,Moisturizer,Central,Mobile App,UPI,1,581.68,0.1,581.68,192.97,2025-08
ORD102914,2025-02-16,CUST1970,Books,Machine Learning Basics,North,Website,Credit Card,1,956.81,0.0,956.81,246.65,2025-02
ORD102915,2025-10-17,CUST2045,Home & Kitchen,Storage Container Set,East,Mobile App,Credit Card,1,946.58,0.15,946.58,168.73,2025-10
ORD102916,2025-04-06,CUST1429,Beauty,Shampoo,North,Website,Cash on Delivery,1,467.04,0.1,467.04,138.31,2025-04
ORD102917,2025-09-13,CUST1549,Books,Machine Learning Basics,North,Marketplace,Net Banking,1,848.44,0.15,848.44,193.1,2025-09
ORD102918,2025-04-16,CUST1367,Fashion,Running Shoes,South,Website,UPI,2,2320.67,0.15,4641.34,1134.17,2025-04
ORD102919,2025-09-25,CUST2176,Electronics,Bluetooth Speaker,North,Website,UPI,1,1835.06,0.1,1835.06,225.9,2025-09
ORD102920,2025-03-20,CUST1878,Fashion,Running Shoes,East,Marketplace,Debit Card,4,2318.55,0.15,9274.2,2075.42,2025-03
ORD102921,2025-04-05,CUST1065,Books,Python Programming,North,Website,Cash on Delivery,2,546.32,0.0,1092.64,256.01,2025-04
ORD102922,2025-12-30,CUST1819,Home & Kitchen,Storage Container Set,North,Marketplace,UPI,1,921.24,0.15,921.24,168.21,2025-12
ORD102923,2025-03-27,CUST1160,Books,Business Management,North,Marketplace,Credit Card,1,527.32,0.1,527.32,123.7,2025-03
ORD102924,2025-01-15,CUST1533,Beauty,Sunscreen,East,Mobile App,UPI,2,651.86,0.0,1303.72,474.36,2025-01
ORD102925,2025-10-24,CUST1222,Electronics,Wireless Headphones,South,Mobile App,UPI,1,2582.07,0.1,2582.07,457.9,2025-10
ORD102926,2025-01-16,CUST1215,Home & Kitchen,Non-Stick Pan,Central,Mobile App,Debit Card,5,1323.25,0.1,6616.25,843.58,2025-01
ORD102927,2025-09-30,CUST2108,Fashion,Denim Jeans,Central,Website,Cash on Delivery,2,1481.04,0.1,2962.08,700.91,2025-09
ORD102928,2025-08-19,CUST1811,Beauty,Moisturizer,South,Mobile App,UPI,1,581.33,0.05,581.33,192.9,2025-08
ORD102929,2025-01-09,CUST1677,Home & Kitchen,Non-Stick Pan,West,Website,UPI,1,1223.22,0.1,1223.22,250.4,2025-01
ORD102930,2025-04-13,CUST1202,Fashion,Running Shoes,South,Marketplace,UPI,1,2231.85,0.05,2231.85,669.8,2025-04
ORD102931,2025-09-17,CUST1378,Books,Fiction Novel,West,Mobile App,Credit Card,2,435.93,0.0,871.86,212.77,2025-09
ORD102932,2025-09-07,CUST1180,Fashion,Cotton T-Shirt,West,Marketplace,Credit Card,1,756.55,0.0,756.55,185.61,2025-09
ORD102933,2025-08-11,CUST2082,Home & Kitchen,Electric Kettle,South,Website,UPI,1,1674.94,0.15,1674.94,274.99,2025-08
ORD102934,2025-03-09,CUST1251,Fashion,Denim Jeans,East,Mobile App,Debit Card,4,1358.61,0.1,5434.44,1228.17,2025-03
ORD102935,2025-01-26,CUST1526,Electronics,Bluetooth Speaker,South,Mobile App,Cash on Delivery,3,1652.94,0.0,4958.82,866.25,2025-01
ORD102936,2025-05-04,CUST1933,Books,Machine Learning Basics,West,Website,Credit Card,2,929.42,0.15,1858.84,429.39,2025-05
ORD102937,2025-06-21,CUST1260,Books,Machine Learning Basics,North,Mobile App,UPI,1,913.53,0.15,913.53,188.38,2025-06
ORD102938,2025-02-07,CUST1808,Electronics,Wireless Headphones,Central,Mobile App,UPI,3,2581.44,0.1,7744.32,1093.68,2025-02
ORD102939,2025-09-07,CUST1593,Books,Machine Learning Basics,North,Marketplace,Credit Card,2,866.53,0.0,1733.06,448.58,2025-09
ORD102940,2025-07-19,CUST1861,Fashion,Cotton T-Shirt,South,Mobile App,UPI,2,674.88,0.2,1349.76,267.51,2025-07
ORD102941,2025-09-30,CUST2020,Fashion,Backpack,West,Marketplace,Debit Card,3,1505.57,0.0,4516.71,1238.27,2025-09
ORD102942,2025-02-17,CUST1503,Electronics,Bluetooth Speaker,East,Website,Credit Card,1,1653.0,0.1,1653.0,220.32,2025-02
ORD102943,2025-03-14,CUST2082,Electronics,USB-C Hub,East,Website,UPI,3,1240.22,0.0,3720.66,600.2,2025-03
ORD102944,2025-06-09,CUST2094,Home & Kitchen,Air Fryer,West,Website,UPI,4,5175.54,0.05,20702.16,3539.74,2025-06
ORD102945,2025-12-04,CUST1944,Beauty,Sunscreen,West,Website,Debit Card,1,748.24,0.0,748.24,239.51,2025-12
ORD102946,2025-06-09,CUST1858,Home & Kitchen,Air Fryer,East,Website,Debit Card,1,5388.15,0.15,5388.15,1139.9,2025-06
ORD102947,2025-10-31,CUST2133,Books,Fiction Novel,North,Website,Debit Card,2,375.03,0.25,750.06,166.7,2025-10
ORD102948,2025-08-03,CUST1635,Electronics,Bluetooth Speaker,East,Mobile App,UPI,1,1760.63,0.25,1760.63,276.07,2025-08
ORD102949,2025-02-13,CUST1499,Fashion,Cotton T-Shirt,East,Marketplace,UPI,3,663.3,0.1,1989.8999999999999,434.28,2025-02
ORD102950,2025-12-05,CUST1005,Home & Kitchen,Air Fryer,Central,Mobile App,UPI,1,4762.32,0.1,4762.32,885.61,2025-12
ORD102951,2025-05-17,CUST1366,Fashion,Casual Shirt,West,Mobile App,Credit Card,1,1243.07,0.05,1243.07,326.16,2025-05
ORD102952,2025-09-08,CUST1712,Books,Business Management,North,Website,Debit Card,1,481.52,0.05,481.52,104.79,2025-09
ORD102953,2025-04-28,CUST1951,Books,Business Management,Central,Website,Debit Card,2,534.79,0.15,1069.58,229.62,2025-04
ORD102954,2025-08-13,CUST1685,Books,Fiction Novel,West,Mobile App,UPI,1,438.53,0.0,438.53,123.95,2025-08
ORD102955,2025-11-20,CUST2086,Electronics,Wireless Headphones,North,Website,UPI,1,2700.64,0.0,2700.64,432.68,2025-11
ORD102956,2025-05-14,CUST1933,Beauty,Face Wash,West,Mobile App,UPI,2,416.07,0.0,832.14,294.18,2025-05
ORD102957,2025-10-28,CUST2017,Home & Kitchen,Air Fryer,Central,Website,Debit Card,2,5102.05,0.15,10204.1,1840.06,2025-10
ORD102958,2025-05-26,CUST1240,Electronics,Bluetooth Speaker,South,Mobile App,Cash on Delivery,1,1975.01,0.0,1975.01,278.63,2025-05
ORD102959,2025-11-18,CUST1755,Fashion,Cotton T-Shirt,West,Mobile App,UPI,2,663.73,0.15,1327.46,288.87,2025-11
ORD102960,2025-06-04,CUST1220,Beauty,Shampoo,East,Website,Credit Card,1,540.36,0.05,540.36,156.84,2025-06
ORD102961,2025-02-27,CUST2022,Electronics,Smart Watch,East,Website,UPI,1,3300.2,0.05,3300.2,652.26,2025-02
ORD102962,2025-09-10,CUST2090,Home & Kitchen,Non-Stick Pan,Central,Website,Debit Card,1,1345.68,0.05,1345.68,242.92,2025-09
ORD102963,2025-06-09,CUST1769,Beauty,Perfume,West,Website,UPI,1,1169.34,0.05,1169.34,337.65,2025-06
ORD102964,2025-12-17,CUST1995,Fashion,Running Shoes,Central,Mobile App,Credit Card,2,2302.77,0.0,4605.54,1156.44,2025-12
ORD102965,2025-12-10,CUST1254,Electronics,Wireless Headphones,North,Website,Debit Card,2,2453.42,0.15,4906.84,590.51,2025-12
ORD102966,2025-06-02,CUST1698,Electronics,Power Bank,East,Mobile App,Credit Card,5,1009.04,0.1,5045.2,733.19,2025-06
ORD102967,2025-10-14,CUST1604,Home & Kitchen,Non-Stick Pan,North,Marketplace,Credit Card,2,1220.76,0.05,2441.52,417.55,2025-10
ORD102968,2025-04-30,CUST2005,Beauty,Face Wash,Central,Marketplace,UPI,1,436.44,0.0,436.44,134.16,2025-04
ORD102969,2025-11-12,CUST1958,Home & Kitchen,Non-Stick Pan,East,Mobile App,UPI,1,1260.47,0.1,1260.47,233.77,2025-11
ORD102970,2025-10-22,CUST1358,Books,Machine Learning Basics,North,Mobile App,Credit Card,2,862.82,0.1,1725.64,388.64,2025-10
ORD102971,2025-09-17,CUST1776,Fashion,Running Shoes,West,Marketplace,Credit Card,3,2393.01,0.15,7179.030000000001,1620.92,2025-09
ORD102972,2025-12-05,CUST1044,Electronics,USB-C Hub,East,Mobile App,Credit Card,1,1368.89,0.0,1368.89,242.05,2025-12
ORD102973,2025-06-01,CUST1410,Electronics,Smart Watch,South,Website,Cash on Delivery,1,3050.16,0.0,3050.16,418.38,2025-06
ORD102974,2025-08-11,CUST2083,Electronics,Smart Watch,West,Marketplace,Debit Card,2,3045.82,0.2,6091.64,565.12,2025-08
ORD102975,2025-01-17,CUST1368,Electronics,Smart Watch,Central,Website,Credit Card,1,3378.99,0.05,3378.99,604.03,2025-01
ORD102976,2025-10-31,CUST1403,Fashion,Cotton T-Shirt,West,Marketplace,Debit Card,1,717.37,0.2,717.37,139.36,2025-10
ORD102977,2025-01-13,CUST1762,Books,Business Management,West,Mobile App,Debit Card,2,452.46,0.1,904.92,201.72,2025-01
ORD102978,2025-08-15,CUST1213,Beauty,Perfume,North,Mobile App,UPI,5,1258.71,0.2,6293.55,1482.85,2025-08
ORD102979,2025-05-08,CUST1324,Fashion,Backpack,Central,Mobile App,Debit Card,1,1280.97,0.05,1280.97,335.2,2025-05
ORD102980,2025-07-19,CUST1731,Electronics,USB-C Hub,Central,Mobile App,Credit Card,4,1426.1,0.0,5704.4,674.34,2025-07
ORD102981,2025-04-11,CUST1990,Electronics,USB-C Hub,East,Mobile App,UPI,1,1317.9,0.1,1317.9,195.17,2025-04
ORD102982,2025-12-26,CUST1699,Electronics,Bluetooth Speaker,Central,Website,Credit Card,2,1974.39,0.05,3948.78,473.17,2025-12
ORD102983,2025-08-24,CUST2065,Home & Kitchen,Storage Container Set,South,Website,Debit Card,2,900.64,0.05,1801.28,376.58,2025-08
ORD102984,2025-06-11,CUST1246,Electronics,Bluetooth Speaker,South,Mobile App,Net Banking,3,1826.03,0.2,5478.09,402.72,2025-06
ORD102985,2025-04-19,CUST1535,Electronics,USB-C Hub,South,Website,Cash on Delivery,1,1386.03,0.1,1386.03,194.68,2025-04
ORD102986,2025-10-07,CUST1443,Beauty,Perfume,East,Website,Net Banking,1,1348.17,0.0,1348.17,423.63,2025-10
ORD102987,2025-08-29,CUST1041,Electronics,Bluetooth Speaker,West,Website,Debit Card,5,1870.09,0.15,9350.449999999999,1432.65,2025-08
ORD102988,2025-08-14,CUST1699,Fashion,Casual Shirt,West,Marketplace,Net Banking,3,1278.94,0.0,3836.82,1054.62,2025-08
ORD102989,2025-01-19,CUST1320,Beauty,Shampoo,South,Website,UPI,1,496.34,0.0,496.34,171.68,2025-01
ORD102990,2025-11-20,CUST1140,Fashion,Backpack,South,Marketplace,Debit Card,1,1364.07,0.1,1364.07,406.74,2025-11
ORD102991,2025-05-05,CUST1300,Home & Kitchen,Storage Container Set,South,Mobile App,UPI,1,937.84,0.15,937.84,125.05,2025-05
ORD102992,2025-03-28,CUST1319,Home & Kitchen,Electric Kettle,South,Website,UPI,2,1705.01,0.0,3410.02,779.56,2025-03
ORD102993,2025-02-14,CUST2110,Electronics,USB-C Hub,Central,Website,Cash on Delivery,2,1373.33,0.15,2746.66,346.84,2025-02
ORD102994,2025-04-08,CUST1469,Books,Business Management,North,Website,Debit Card,3,465.12,0.1,1395.3600000000001,335.57,2025-04
ORD102995,2025-12-13,CUST1569,Beauty,Face Wash,North,Marketplace,UPI,1,389.82,0.05,389.82,107.95,2025-12
ORD102996,2025-12-06,CUST1866,Beauty,Perfume,North,Mobile App,Debit Card,3,1428.59,0.05,4285.7699999999995,1216.48,2025-12
ORD102997,2025-05-11,CUST1269,Electronics,Power Bank,South,Website,Cash on Delivery,2,1063.39,0.15,2126.78,240.06,2025-05
ORD102998,2025-07-03,CUST1409,Beauty,Sunscreen,East,Mobile App,UPI,1,663.61,0.0,663.61,210.79,2025-07
ORD102999,2025-09-07,CUST2085,Books,Fiction Novel,South,Website,Debit Card,1,411.91,0.15,411.91,83.03,2025-09
ORD103000,2025-09-01,CUST1079,Electronics,USB-C Hub,West,Mobile App,UPI,1,1244.98,0.1,1244.98,188.1,2025-09
ORD103001,2025-04-13,CUST1029,Fashion,Casual Shirt,East,Mobile App,Debit Card,3,1317.96,0.05,3953.88,977.8,2025-04
ORD103002,2025-08-05,CUST2200,Beauty,Sunscreen,West,Marketplace,UPI,1,704.95,0.2,704.95,190.95,2025-08
ORD103003,2025-03-11,CUST1588,Electronics,Wireless Headphones,East,Website,Credit Card,1,2440.54,0.05,2440.54,443.6,2025-03
ORD103004,2025-12-29,CUST1358,Fashion,Denim Jeans,South,Mobile App,Debit Card,3,1377.47,0.15,4132.41,1026.36,2025-12
ORD103005,2025-06-21,CUST1284,Beauty,Shampoo,East,Website,UPI,1,459.01,0.15,459.01,110.7,2025-06
ORD103006,2025-08-10,CUST1896,Fashion,Backpack,South,Website,Credit Card,1,1374.55,0.2,1374.55,281.87,2025-08
ORD103007,2025-05-14,CUST1488,Books,Business Management,West,Mobile App,Debit Card,1,511.99,0.2,511.99,111.15,2025-05
ORD103008,2025-03-24,CUST1062,Books,Python Programming,North,Website,Cash on Delivery,2,622.27,0.2,1244.54,278.88,2025-03
ORD103009,2025-07-04,CUST1572,Fashion,Denim Jeans,South,Website,Credit Card,1,1393.79,0.05,1393.79,374.13,2025-07
ORD103010,2025-06-20,CUST1318,Electronics,USB-C Hub,East,Marketplace,Net Banking,3,1180.1,0.0,3540.2999999999997,768.35,2025-06
ORD103011,2025-05-28,CUST1242,Electronics,Wireless Headphones,East,Website,Debit Card,2,2401.74,0.0,4803.48,828.88,2025-05
ORD103012,2025-11-11,CUST1280,Books,Python Programming,North,Mobile App,UPI,3,589.75,0.0,1769.25,470.5,2025-11
ORD103013,2025-07-10,CUST1883,Beauty,Shampoo,North,Website,Net Banking,3,503.84,0.0,1511.52,462.59,2025-07
ORD103014,2025-01-26,CUST2123,Fashion,Denim Jeans,West,Mobile App,UPI,1,1355.6,0.15,1355.6,282.55,2025-01
ORD103015,2025-11-25,CUST1720,Beauty,Face Wash,East,Mobile App,Credit Card,1,412.83,0.05,412.83,120.67,2025-11
ORD103016,2025-03-11,CUST1459,Electronics,USB-C Hub,South,Marketplace,Credit Card,2,1344.61,0.05,2689.22,268.02,2025-03
ORD103017,2025-09-14,CUST1760,Electronics,Bluetooth Speaker,Central,Website,Debit Card,4,1894.1,0.15,7576.4,972.24,2025-09
ORD103018,2025-03-01,CUST1735,Fashion,Cotton T-Shirt,East,Website,Debit Card,2,743.1,0.1,1486.2,370.61,2025-03
ORD103019,2025-04-13,CUST1587,Fashion,Backpack,Central,Marketplace,Debit Card,1,1457.17,0.15,1457.17,336.49,2025-04
ORD103020,2025-08-18,CUST1868,Books,Fiction Novel,Central,Marketplace,UPI,2,406.33,0.0,812.66,193.39,2025-08
ORD103021,2025-08-06,CUST1884,Electronics,USB-C Hub,Central,Mobile App,Debit Card,2,1174.65,0.0,2349.3,371.66,2025-08
ORD103022,2025-10-22,CUST1763,Books,Data Analytics Guide,South,Website,Net Banking,1,681.06,0.25,681.06,145.24,2025-10
ORD103023,2025-03-20,CUST1341,Home & Kitchen,Storage Container Set,East,Mobile App,Credit Card,1,962.21,0.1,962.21,161.16,2025-03
ORD103024,2025-06-13,CUST1390,Beauty,Shampoo,Central,Website,UPI,2,462.21,0.1,924.42,227.57,2025-06
ORD103025,2025-01-18,CUST2088,Fashion,Running Shoes,North,Website,UPI,1,2317.38,0.0,2317.38,652.58,2025-01
ORD103026,2025-09-01,CUST1208,Electronics,Power Bank,East,Marketplace,UPI,2,1097.64,0.05,2195.28,308.48,2025-09
ORD103027,2025-05-29,CUST1687,Books,Machine Learning Basics,East,Mobile App,UPI,1,926.5,0.05,926.5,266.65,2025-05
ORD103028,2025-10-19,CUST1156,Electronics,USB-C Hub,East,Website,Net Banking,3,1405.88,0.0,4217.64,719.82,2025-10
ORD103029,2025-05-05,CUST2061,Fashion,Running Shoes,South,Marketplace,Credit Card,1,2516.79,0.1,2516.79,631.07,2025-05
ORD103030,2025-12-25,CUST1886,Home & Kitchen,Electric Kettle,South,Mobile App,UPI,2,1716.04,0.1,3432.08,665.11,2025-12
ORD103031,2025-06-23,CUST1511,Fashion,Casual Shirt,East,Mobile App,Net Banking,1,1107.13,0.15,1107.13,273.27,2025-06
ORD103032,2025-02-11,CUST2121,Books,Business Management,West,Website,UPI,3,460.09,0.15,1380.27,323.87,2025-02
ORD103033,2025-01-05,CUST1785,Home & Kitchen,Mixer Grinder,Central,Mobile App,UPI,1,3478.6,0.0,3478.6,544.63,2025-01
ORD103034,2025-06-27,CUST1228,Electronics,Wireless Headphones,South,Website,Net Banking,1,2332.34,0.05,2332.34,334.05,2025-06
ORD103035,2025-09-14,CUST1043,Electronics,Power Bank,West,Website,UPI,3,963.21,0.1,2889.63,375.48,2025-09
ORD103036,2025-08-16,CUST1336,Books,Data Analytics Guide,Central,Mobile App,Debit Card,1,737.31,0.15,737.31,179.63,2025-08
ORD103037,2025-10-05,CUST1313,Fashion,Backpack,East,Mobile App,Net Banking,1,1276.01,0.0,1276.01,331.51,2025-10
ORD103038,2025-04-25,CUST1986,Home & Kitchen,Storage Container Set,West,Website,UPI,4,905.38,0.25,3621.52,520.74,2025-04
ORD103039,2025-01-22,CUST1072,Home & Kitchen,Non-Stick Pan,West,Mobile App,UPI,4,1268.67,0.25,5074.68,801.14,2025-01
ORD103040,2025-11-18,CUST2032,Beauty,Face Wash,South,Marketplace,UPI,1,377.3,0.15,377.3,95.92,2025-11
ORD103041,2025-05-18,CUST2089,Beauty,Perfume,North,Website,UPI,1,1398.8,0.0,1398.8,434.87,2025-05
ORD103042,2025-02-10,CUST1888,Books,Fiction Novel,West,Marketplace,UPI,1,395.9,0.05,395.9,97.42,2025-02
ORD103043,2025-04-02,CUST1059,Beauty,Face Wash,Central,Marketplace,Debit Card,2,408.14,0.15,816.28,235.75,2025-04
ORD103044,2025-11-29,CUST1721,Electronics,Smart Watch,Central,Marketplace,Debit Card,3,3251.71,0.0,9755.130000000001,1655.36,2025-11
ORD103045,2025-04-13,CUST1882,Fashion,Backpack,South,Website,UPI,1,1394.49,0.0,1394.49,436.99,2025-04
ORD103046,2025-04-09,CUST2054,Fashion,Cotton T-Shirt,East,Website,UPI,1,747.75,0.05,747.75,198.91,2025-04
ORD103047,2025-01-20,CUST1276,Beauty,Perfume,North,Marketplace,Cash on Delivery,2,1380.51,0.1,2761.02,870.14,2025-01
ORD103048,2025-01-20,CUST1247,Books,Python Programming,East,Mobile App,UPI,1,565.9,0.05,565.9,136.53,2025-01
ORD103049,2025-09-10,CUST1817,Home & Kitchen,Storage Container Set,North,Mobile App,UPI,1,979.31,0.15,979.31,160.29,2025-09
ORD103050,2025-03-09,CUST2101,Beauty,Sunscreen,West,Mobile App,UPI,4,716.93,0.0,2867.72,1067.08,2025-03
ORD103051,2025-07-25,CUST2007,Electronics,Power Bank,West,Website,UPI,2,1084.45,0.05,2168.9,314.21,2025-07
ORD103052,2025-10-15,CUST2026,Fashion,Casual Shirt,North,Mobile App,Credit Card,4,1230.08,0.05,4920.32,1228.62,2025-10
ORD103053,2025-08-20,CUST1136,Books,Python Programming,South,Website,Debit Card,4,539.75,0.2,2159.0,397.17,2025-08
ORD103054,2025-01-15,CUST1093,Beauty,Perfume,North,Marketplace,Net Banking,1,1426.0,0.05,1426.0,451.85,2025-01
ORD103055,2025-07-04,CUST1939,Fashion,Backpack,East,Marketplace,UPI,1,1481.7,0.1,1481.7,384.97,2025-07
ORD103056,2025-08-20,CUST2005,Fashion,Running Shoes,Central,Website,UPI,1,2384.51,0.0,2384.51,701.13,2025-08
ORD103057,2025-09-08,CUST1013,Books,Fiction Novel,Central,Website,Credit Card,1,392.14,0.2,392.14,71.08,2025-09
ORD103058,2025-04-20,CUST1635,Fashion,Cotton T-Shirt,Central,Website,UPI,1,741.26,0.1,741.26,187.86,2025-04
ORD103059,2025-12-06,CUST1178,Books,Fiction Novel,South,Marketplace,Cash on Delivery,1,436.38,0.0,436.38,95.89,2025-12
ORD103060,2025-01-06,CUST1047,Fashion,Running Shoes,East,Website,Cash on Delivery,1,2240.02,0.1,2240.02,590.67,2025-01
ORD103061,2025-06-25,CUST1476,Books,Data Analytics Guide,South,Marketplace,UPI,2,811.16,0.15,1622.32,323.09,2025-06
ORD103062,2025-09-20,CUST1803,Electronics,Smart Watch,West,Marketplace,UPI,1,3244.4,0.05,3244.4,522.54,2025-09
ORD103063,2025-04-29,CUST1270,Electronics,Bluetooth Speaker,North,Mobile App,Debit Card,1,1654.75,0.25,1654.75,194.91,2025-04
ORD103064,2025-05-09,CUST1609,Beauty,Shampoo,West,Website,Credit Card,2,493.72,0.1,987.44,272.36,2025-05
ORD103065,2025-03-02,CUST1726,Books,Data Analytics Guide,North,Mobile App,Net Banking,2,785.54,0.05,1571.08,313.33,2025-03
ORD103066,2025-09-08,CUST1215,Electronics,Wireless Headphones,East,Mobile App,Net Banking,2,2310.73,0.1,4621.46,734.31,2025-09
ORD103067,2025-09-01,CUST2084,Fashion,Cotton T-Shirt,Central,Website,Debit Card,3,745.42,0.15,2236.2599999999998,608.48,2025-09
ORD103068,2025-12-20,CUST1510,Home & Kitchen,Storage Container Set,West,Website,Credit Card,5,827.18,0.2,4135.9,644.25,2025-12
ORD103069,2025-09-20,CUST2155,Electronics,Bluetooth Speaker,East,Marketplace,Net Banking,5,1921.09,0.1,9605.449999999999,1349.7,2025-09
ORD103070,2025-12-24,CUST2000,Fashion,Cotton T-Shirt,East,Website,UPI,1,672.8,0.0,672.8,221.44,2025-12
ORD103071,2025-11-20,CUST1155,Fashion,Backpack,East,Mobile App,Cash on Delivery,2,1335.81,0.05,2671.62,754.09,2025-11
ORD103072,2025-09-29,CUST1492,Books,Machine Learning Basics,East,Mobile App,Cash on Delivery,1,919.95,0.15,919.95,228.03,2025-09
ORD103073,2025-04-12,CUST2087,Electronics,USB-C Hub,Central,Website,Net Banking,3,1271.08,0.15,3813.24,379.33,2025-04
ORD103074,2025-02-15,CUST1351,Fashion,Casual Shirt,West,Mobile App,Credit Card,1,1154.26,0.05,1154.26,374.91,2025-02
ORD103075,2025-05-15,CUST1527,Electronics,USB-C Hub,North,Mobile App,Debit Card,3,1344.7,0.05,4034.1000000000004,594.01,2025-05
ORD103076,2025-04-03,CUST1796,Books,Machine Learning Basics,East,Mobile App,Debit Card,1,925.47,0.05,925.47,239.36,2025-04
ORD103077,2025-08-21,CUST1787,Books,Data Analytics Guide,West,Marketplace,UPI,1,773.85,0.0,773.85,194.04,2025-08
ORD103078,2025-02-17,CUST2131,Electronics,Wireless Headphones,Central,Mobile App,UPI,2,2438.15,0.15,4876.3,591.62,2025-02
ORD103079,2025-05-24,CUST2165,Beauty,Perfume,South,Marketplace,Debit Card,1,1260.47,0.1,1260.47,384.55,2025-05
ORD103080,2025-12-27,CUST1212,Beauty,Shampoo,East,Website,UPI,2,502.15,0.0,1004.3,335.66,2025-12
ORD103081,2025-07-07,CUST1501,Home & Kitchen,Storage Container Set,West,Website,Credit Card,1,819.48,0.0,819.48,137.34,2025-07
ORD103082,2025-07-18,CUST1475,Fashion,Backpack,West,Website,Credit Card,1,1375.61,0.0,1375.61,351.84,2025-07
ORD103083,2025-02-13,CUST1295,Home & Kitchen,Electric Kettle,West,Website,Credit Card,2,1700.72,0.1,3401.44,496.13,2025-02
ORD103084,2025-12-25,CUST1209,Fashion,Cotton T-Shirt,West,Marketplace,Net Banking,1,726.28,0.15,726.28,173.47,2025-12
ORD103085,2025-10-06,CUST1749,Fashion,Running Shoes,West,Mobile App,Cash on Delivery,1,2391.12,0.0,2391.12,593.65,2025-10
ORD103086,2025-06-18,CUST1262,Fashion,Denim Jeans,South,Mobile App,UPI,1,1519.08,0.05,1519.08,390.2,2025-06
ORD103087,2025-04-09,CUST1151,Fashion,Denim Jeans,North,Website,Debit Card,3,1366.14,0.05,4098.42,979.57,2025-04
ORD103088,2025-12-22,CUST1532,Fashion,Denim Jeans,West,Website,Credit Card,2,1399.17,0.15,2798.34,759.35,2025-12
ORD103089,2025-09-11,CUST1923,Fashion,Running Shoes,East,Website,UPI,1,2112.66,0.1,2112.66,457.14,2025-09
ORD103090,2025-04-23,CUST1442,Beauty,Perfume,Central,Website,Net Banking,1,1342.36,0.25,1342.36,363.97,2025-04
ORD103091,2025-06-22,CUST1372,Books,Python Programming,East,Marketplace,Debit Card,1,570.41,0.15,570.41,84.6,2025-06
ORD103092,2025-05-02,CUST1057,Books,Data Analytics Guide,North,Website,UPI,2,676.27,0.05,1352.54,343.06,2025-05
ORD103093,2025-07-31,CUST1248,Fashion,Cotton T-Shirt,North,Website,UPI,1,683.54,0.05,683.54,171.54,2025-07
ORD103094,2025-08-10,CUST2105,Fashion,Backpack,West,Mobile App,UPI,1,1329.71,0.0,1329.71,381.16,2025-08
ORD103095,2025-10-05,CUST1383,Fashion,Running Shoes,South,Mobile App,UPI,1,2082.99,0.1,2082.99,594.24,2025-10
ORD103096,2025-10-08,CUST2065,Home & Kitchen,Air Fryer,West,Website,Debit Card,1,4614.17,0.0,4614.17,1008.33,2025-10
ORD103097,2025-11-29,CUST1017,Electronics,Power Bank,East,Website,UPI,2,994.87,0.1,1989.74,304.75,2025-11
ORD103098,2025-04-16,CUST1879,Electronics,Wireless Headphones,Central,Website,Credit Card,1,2338.4,0.05,2338.4,360.36,2025-04
ORD103099,2025-07-12,CUST1654,Books,Fiction Novel,North,Mobile App,Cash on Delivery,2,396.56,0.25,793.12,150.69,2025-07
ORD103100,2025-12-03,CUST1344,Fashion,Denim Jeans,Central,Website,Debit Card,2,1533.96,0.15,3067.92,843.36,2025-12
ORD103101,2025-05-30,CUST1352,Fashion,Casual Shirt,South,Website,UPI,1,1249.96,0.05,1249.96,310.49,2025-05
ORD103102,2025-06-16,CUST2140,Fashion,Running Shoes,North,Website,Credit Card,1,2413.91,0.2,2413.91,520.99,2025-06
ORD103103,2025-09-11,CUST1898,Home & Kitchen,Storage Container Set,West,Website,UPI,2,972.86,0.15,1945.72,325.58,2025-09
ORD103104,2025-10-10,CUST1207,Electronics,Bluetooth Speaker,West,Mobile App,Cash on Delivery,1,1648.42,0.0,1648.42,318.05,2025-10
ORD103105,2025-03-06,CUST1499,Electronics,Wireless Headphones,West,Marketplace,Credit Card,1,2713.3,0.1,2713.3,471.15,2025-03
ORD103106,2025-06-13,CUST1368,Electronics,USB-C Hub,South,Marketplace,Debit Card,3,1272.26,0.1,3816.7799999999997,468.93,2025-06
ORD103107,2025-02-09,CUST1571,Fashion,Running Shoes,West,Mobile App,Cash on Delivery,2,2496.24,0.05,4992.48,1340.15,2025-02
ORD103108,2025-11-16,CUST1242,Books,Python Programming,North,Marketplace,Debit Card,2,596.25,0.25,1192.5,187.55,2025-11
ORD103109,2025-11-24,CUST1661,Books,Data Analytics Guide,Central,Website,Net Banking,3,793.97,0.0,2381.91,565.0,2025-11
ORD103110,2025-07-12,CUST1397,Fashion,Backpack,South,Mobile App,Net Banking,1,1439.84,0.25,1439.84,317.94,2025-07
ORD103111,2025-04-06,CUST1098,Books,Fiction Novel,West,Website,Cash on Delivery,3,402.04,0.25,1206.1200000000001,221.08,2025-04
ORD103112,2025-07-30,CUST1436,Electronics,Wireless Headphones,North,Website,UPI,5,2567.21,0.2,12836.05,1493.66,2025-07
ORD103113,2025-03-12,CUST1057,Books,Machine Learning Basics,South,Website,UPI,2,931.57,0.0,1863.14,460.91,2025-03
ORD103114,2025-09-12,CUST1812,Home & Kitchen,Electric Kettle,East,Website,Cash on Delivery,3,1492.7,0.05,4478.1,870.96,2025-09
ORD103115,2025-10-10,CUST1878,Home & Kitchen,Storage Container Set,Central,Website,UPI,1,850.09,0.0,850.09,181.12,2025-10
ORD103116,2025-12-23,CUST1580,Home & Kitchen,Non-Stick Pan,West,Website,UPI,2,1217.27,0.1,2434.54,461.38,2025-12
ORD103117,2025-07-19,CUST1182,Beauty,Shampoo,North,Mobile App,Cash on Delivery,3,495.96,0.05,1487.8799999999999,510.25,2025-07
ORD103118,2025-05-25,CUST1671,Electronics,Smart Watch,Central,Marketplace,Credit Card,2,3302.78,0.0,6605.56,943.71,2025-05
ORD103119,2025-04-05,CUST1922,Home & Kitchen,Air Fryer,Central,Website,Debit Card,1,5357.94,0.1,5357.94,902.51,2025-04
ORD103120,2025-04-10,CUST1457,Electronics,USB-C Hub,East,Website,UPI,1,1330.7,0.0,1330.7,237.23,2025-04
ORD103121,2025-07-17,CUST1664,Fashion,Casual Shirt,South,Marketplace,UPI,1,1123.05,0.0,1123.05,333.07,2025-07
ORD103122,2025-08-30,CUST1987,Home & Kitchen,Non-Stick Pan,North,Website,UPI,1,1173.65,0.05,1173.65,212.64,2025-08
ORD103123,2025-11-17,CUST1557,Books,Machine Learning Basics,East,Mobile App,Cash on Delivery,2,972.08,0.15,1944.16,441.05,2025-11
ORD103124,2025-11-22,CUST1404,Fashion,Running Shoes,West,Marketplace,Credit Card,1,2411.22,0.0,2411.22,704.07,2025-11
ORD103125,2025-12-15,CUST1134,Home & Kitchen,Electric Kettle,West,Website,UPI,1,1755.15,0.25,1755.15,253.04,2025-12
ORD103126,2025-04-05,CUST1196,Fashion,Denim Jeans,South,Mobile App,Cash on Delivery,2,1461.78,0.0,2923.56,777.88,2025-04
ORD103127,2025-05-08,CUST1817,Books,Machine Learning Basics,West,Mobile App,UPI,1,964.62,0.2,964.62,202.16,2025-05
ORD103128,2025-09-10,CUST2012,Electronics,Power Bank,South,Website,Credit Card,3,1067.86,0.25,3203.58,247.04,2025-09
ORD103129,2025-01-04,CUST1808,Books,Data Analytics Guide,North,Website,UPI,1,803.55,0.1,803.55,164.62,2025-01
ORD103130,2025-12-05,CUST1126,Beauty,Moisturizer,East,Mobile App,UPI,1,580.51,0.2,580.51,165.46,2025-12
ORD103131,2025-04-29,CUST2089,Home & Kitchen,Non-Stick Pan,South,Website,UPI,4,1180.34,0.15,4721.36,754.27,2025-04
ORD103132,2025-06-12,CUST2113,Fashion,Denim Jeans,North,Marketplace,UPI,2,1398.41,0.15,2796.82,632.39,2025-06
ORD103133,2025-06-21,CUST1339,Beauty,Moisturizer,West,Website,Cash on Delivery,1,556.93,0.1,556.93,156.96,2025-06
ORD103134,2025-07-23,CUST1424,Books,Data Analytics Guide,North,Mobile App,Debit Card,1,702.76,0.0,702.76,147.56,2025-07
ORD103135,2025-07-17,CUST1983,Electronics,Power Bank,Central,Marketplace,UPI,1,975.29,0.05,975.29,140.68,2025-07
ORD103136,2025-05-31,CUST1976,Home & Kitchen,Air Fryer,East,Mobile App,Debit Card,2,5439.27,0.05,10878.54,2153.95,2025-05
ORD103137,2025-05-26,CUST1918,Books,Fiction Novel,West,Mobile App,Credit Card,1,406.83,0.05,406.83,102.03,2025-05
ORD103138,2025-04-16,CUST1245,Electronics,Power Bank,North,Website,UPI,1,969.21,0.15,969.21,130.63,2025-04
ORD103139,2025-02-04,CUST1397,Fashion,Cotton T-Shirt,East,Website,Debit Card,3,657.86,0.05,1973.58,484.85,2025-02
ORD103140,2025-10-25,CUST1299,Electronics,Power Bank,Central,Website,Credit Card,1,1073.11,0.0,1073.11,147.93,2025-10
ORD103141,2025-10-08,CUST1434,Fashion,Casual Shirt,East,Website,Net Banking,1,1135.82,0.15,1135.82,306.77,2025-10
ORD103142,2025-05-30,CUST1574,Electronics,Bluetooth Speaker,East,Marketplace,Cash on Delivery,1,1801.35,0.0,1801.35,308.47,2025-05
ORD103143,2025-06-10,CUST1464,Fashion,Backpack,West,Website,UPI,1,1283.56,0.1,1283.56,323.62,2025-06
ORD103144,2025-04-21,CUST2083,Home & Kitchen,Mixer Grinder,North,Marketplace,Cash on Delivery,2,3212.74,0.15,6425.48,1003.58,2025-04
ORD103145,2025-05-04,CUST1156,Books,Python Programming,Central,Website,UPI,1,591.29,0.1,591.29,107.87,2025-05
ORD103146,2025-06-15,CUST1500,Fashion,Backpack,South,Marketplace,UPI,2,1349.53,0.0,2699.06,652.88,2025-06
ORD103147,2025-03-31,CUST1828,Electronics,Smart Watch,West,Website,Credit Card,1,3001.97,0.0,3001.97,377.35,2025-03
ORD103148,2025-05-02,CUST1424,Home & Kitchen,Non-Stick Pan,North,Website,UPI,1,1359.8,0.1,1359.8,194.11,2025-05
ORD103149,2025-11-27,CUST1993,Electronics,Bluetooth Speaker,South,Website,Credit Card,2,1930.51,0.15,3861.02,466.82,2025-11
ORD103150,2025-04-08,CUST2084,Books,Python Programming,East,Website,Credit Card,4,545.51,0.0,2182.04,522.6,2025-04
ORD103151,2025-07-10,CUST1855,Beauty,Face Wash,East,Website,UPI,1,428.49,0.15,428.49,123.99,2025-07
ORD103152,2025-09-06,CUST1063,Beauty,Perfume,East,Website,UPI,3,1304.11,0.1,3912.33,1071.82,2025-09
ORD103153,2025-05-03,CUST1575,Fashion,Casual Shirt,West,Website,UPI,4,1318.57,0.1,5274.28,1367.99,2025-05
ORD103154,2025-09-11,CUST1835,Home & Kitchen,Mixer Grinder,North,Website,UPI,1,3395.21,0.2,3395.21,442.06,2025-09
ORD103155,2025-11-26,CUST1241,Fashion,Denim Jeans,Central,Website,Debit Card,1,1545.23,0.2,1545.23,319.61,2025-11
ORD103156,2025-04-04,CUST1711,Books,Business Management,North,Marketplace,Debit Card,1,541.12,0.15,541.12,109.27,2025-04
ORD103157,2025-11-05,CUST2028,Electronics,Wireless Headphones,West,Mobile App,Cash on Delivery,1,2327.95,0.1,2327.95,285.35,2025-11
ORD103158,2025-04-20,CUST1814,Fashion,Running Shoes,South,Mobile App,UPI,2,2245.52,0.15,4491.04,1114.1,2025-04
ORD103159,2025-04-03,CUST1447,Electronics,Smart Watch,South,Website,Credit Card,1,3438.47,0.05,3438.47,482.17,2025-04
ORD103160,2025-09-19,CUST1269,Books,Business Management,Central,Marketplace,Cash on Delivery,1,531.78,0.15,531.78,134.53,2025-09
ORD103161,2025-05-28,CUST1574,Fashion,Backpack,Central,Website,Credit Card,3,1489.37,0.0,4468.11,1346.85,2025-05
ORD103162,2025-09-22,CUST1537,Beauty,Perfume,West,Mobile App,Debit Card,1,1319.57,0.15,1319.57,378.69,2025-09
ORD103164,2025-04-03,CUST1433,Home & Kitchen,Electric Kettle,East,Mobile App,Credit Card,2,1623.87,0.05,3247.74,783.72,2025-04
ORD103165,2025-06-16,CUST1786,Electronics,Wireless Headphones,South,Website,Cash on Delivery,1,2680.08,0.1,2680.08,423.42,2025-06
ORD103166,2025-03-01,CUST1205,Fashion,Casual Shirt,East,Website,UPI,1,1100.19,0.1,1100.19,258.46,2025-03
ORD103167,2025-10-22,CUST1739,Fashion,Backpack,West,Website,Debit Card,1,1519.79,0.05,1519.79,423.02,2025-10
ORD103168,2025-10-20,CUST1580,Books,Python Programming,Central,Marketplace,Credit Card,2,612.05,0.05,1224.1,288.09,2025-10
ORD103169,2025-05-30,CUST1039,Beauty,Shampoo,North,Mobile App,Cash on Delivery,1,474.31,0.1,474.31,134.17,2025-05
ORD103170,2025-02-26,CUST1964,Fashion,Running Shoes,East,Marketplace,UPI,2,2329.55,0.0,4659.1,1488.24,2025-02
ORD103171,2025-01-17,CUST1249,Beauty,Face Wash,East,Website,UPI,3,403.26,0.15,1209.78,356.31,2025-01
ORD103172,2025-12-20,CUST1943,Books,Fiction Novel,East,Website,Credit Card,3,418.85,0.0,1256.5500000000002,287.39,2025-12
ORD103173,2025-08-11,CUST2059,Fashion,Backpack,North,Website,UPI,1,1523.88,0.05,1523.88,454.95,2025-08
ORD103174,2025-03-30,CUST1420,Fashion,Casual Shirt,Central,Mobile App,Debit Card,1,1186.98,0.1,1186.98,340.97,2025-03
ORD103175,2025-09-11,CUST1497,Books,Python Programming,North,Mobile App,Cash on Delivery,3,626.04,0.1,1878.12,456.89,2025-09
ORD103176,2025-04-29,CUST1951,Electronics,USB-C Hub,South,Website,UPI,5,1171.05,0.2,5855.25,875.93,2025-04
ORD103177,2025-11-22,CUST1684,Electronics,Bluetooth Speaker,West,Website,Cash on Delivery,4,1837.7,0.2,7350.8,1003.3,2025-11
ORD103178,2025-08-29,CUST1171,Fashion,Denim Jeans,North,Website,UPI,5,1611.7,0.05,8058.5,2525.26,2025-08
ORD103179,2025-04-02,CUST1345,Electronics,Smart Watch,Central,Mobile App,Net Banking,4,3583.95,0.0,14335.8,1972.06,2025-04
ORD103180,2025-11-15,CUST1604,Beauty,Perfume,South,Website,Debit Card,2,1171.03,0.05,2342.06,719.21,2025-11
ORD103181,2025-09-25,CUST1785,Beauty,Sunscreen,South,Website,Cash on Delivery,1,711.77,0.1,711.77,168.99,2025-09
ORD103182,2025-10-04,CUST1307,Home & Kitchen,Storage Container Set,South,Marketplace,Credit Card,1,947.01,0.1,947.01,173.6,2025-10
ORD103183,2025-07-20,CUST1033,Books,Python Programming,North,Marketplace,Net Banking,4,584.37,0.1,2337.48,604.48,2025-07
ORD103184,2025-09-13,CUST1901,Electronics,Power Bank,Central,Mobile App,UPI,2,911.03,0.05,1822.06,284.6,2025-09
ORD103185,2025-09-09,CUST1456,Fashion,Casual Shirt,West,Mobile App,UPI,1,1143.43,0.0,1143.43,268.15,2025-09
ORD103186,2025-01-25,CUST1237,Home & Kitchen,Electric Kettle,Central,Website,UPI,2,1685.53,0.1,3371.06,594.7,2025-01
ORD103187,2025-03-22,CUST1545,Fashion,Denim Jeans,South,Marketplace,Cash on Delivery,4,1543.09,0.0,6172.36,1863.83,2025-03
ORD103188,2025-09-11,CUST1877,Beauty,Perfume,South,Website,Cash on Delivery,1,1194.69,0.0,1194.69,384.89,2025-09
ORD103189,2025-02-11,CUST1131,Electronics,Smart Watch,North,Mobile App,Credit Card,1,3412.23,0.0,3412.23,497.49,2025-02
ORD103190,2025-06-22,CUST1040,Beauty,Shampoo,South,Website,Credit Card,3,535.63,0.15,1606.8899999999999,458.53,2025-06
ORD103191,2025-02-04,CUST1205,Fashion,Cotton T-Shirt,South,Mobile App,Net Banking,2,654.66,0.0,1309.32,338.24,2025-02
ORD103192,2025-08-20,CUST2133,Home & Kitchen,Mixer Grinder,North,Mobile App,Credit Card,1,3384.16,0.15,3384.16,472.53,2025-08
ORD103193,2025-10-15,CUST1809,Books,Machine Learning Basics,North,Mobile App,Debit Card,1,860.28,0.2,860.28,185.87,2025-10
ORD103194,2025-01-11,CUST2117,Books,Data Analytics Guide,South,Website,Credit Card,1,690.74,0.1,690.74,152.92,2025-01
ORD103195,2025-06-24,CUST1623,Books,Python Programming,East,Website,UPI,2,559.56,0.0,1119.12,289.54,2025-06
ORD103196,2025-02-12,CUST1082,Beauty,Moisturizer,East,Mobile App,Credit Card,1,557.24,0.25,557.24,131.63,2025-02
ORD103197,2025-09-25,CUST1311,Beauty,Perfume,East,Website,UPI,2,1408.74,0.1,2817.48,780.96,2025-09
ORD103198,2025-11-13,CUST1222,Electronics,Wireless Headphones,North,Website,Credit Card,2,2745.74,0.1,5491.48,904.82,2025-11
ORD103199,2025-03-10,CUST1964,Fashion,Cotton T-Shirt,South,Mobile App,Cash on Delivery,2,706.37,0.15,1412.74,366.89,2025-03
ORD103200,2025-07-17,CUST1889,Fashion,Denim Jeans,North,Mobile App,Credit Card,2,1375.44,0.1,2750.88,734.18,2025-07
ORD103201,2025-03-24,CUST1927,Fashion,Running Shoes,South,Marketplace,UPI,2,2163.6,0.1,4327.2,1040.86,2025-03
ORD103202,2025-05-11,CUST1450,Fashion,Casual Shirt,East,Website,Debit Card,1,1311.45,0.1,1311.45,336.57,2025-05
ORD103203,2025-11-10,CUST1218,Fashion,Backpack,West,Marketplace,UPI,2,1485.82,0.15,2971.64,655.35,2025-11
ORD103204,2025-06-08,CUST1524,Electronics,USB-C Hub,North,Website,Debit Card,4,1384.15,0.05,5536.6,728.1,2025-06
ORD103205,2025-02-09,CUST2096,Beauty,Moisturizer,East,Website,Net Banking,3,571.2,0.25,1713.6000000000001,410.01,2025-02
ORD103206,2025-08-28,CUST1935,Home & Kitchen,Electric Kettle,South,Marketplace,Cash on Delivery,1,1572.04,0.05,1572.04,287.36,2025-08
ORD103207,2025-09-07,CUST1904,Books,Fiction Novel,East,Mobile App,Debit Card,1,433.59,0.0,433.59,94.4,2025-09
ORD103208,2025-01-26,CUST1004,Electronics,Power Bank,Central,Mobile App,Credit Card,2,1064.85,0.0,2129.7,395.33,2025-01
ORD103209,2025-08-30,CUST1374,Beauty,Perfume,South,Mobile App,Cash on Delivery,3,1418.38,0.1,4255.14,1304.64,2025-08
ORD103210,2025-07-21,CUST1702,Electronics,Bluetooth Speaker,North,Website,Debit Card,1,1905.45,0.1,1905.45,292.34,2025-07
ORD103211,2025-02-26,CUST1277,Electronics,Smart Watch,West,Website,UPI,1,3522.0,0.0,3522.0,547.11,2025-02
ORD103212,2025-09-20,CUST1793,Fashion,Denim Jeans,South,Website,Credit Card,2,1584.15,0.2,3168.3,700.55,2025-09
ORD103213,2025-06-13,CUST1538,Home & Kitchen,Electric Kettle,South,Website,Credit Card,5,1477.53,0.0,7387.65,1367.97,2025-06
ORD103214,2025-11-26,CUST1766,Books,Fiction Novel,North,Website,Cash on Delivery,1,372.9,0.05,372.9,93.48,2025-11
ORD103215,2025-05-29,CUST1442,Electronics,USB-C Hub,West,Mobile App,Credit Card,1,1296.54,0.2,1296.54,162.44,2025-05
ORD103216,2025-01-09,CUST1782,Books,Business Management,West,Website,Credit Card,2,522.62,0.15,1045.24,201.78,2025-01
ORD103217,2025-06-18,CUST1100,Fashion,Denim Jeans,South,Website,Debit Card,2,1616.78,0.05,3233.56,884.56,2025-06
ORD103218,2025-09-22,CUST1494,Fashion,Denim Jeans,Central,Marketplace,Credit Card,1,1504.9,0.05,1504.9,392.26,2025-09
ORD103219,2025-04-20,CUST1285,Fashion,Casual Shirt,East,Mobile App,Debit Card,4,1085.32,0.0,4341.28,943.95,2025-04
ORD103220,2025-08-20,CUST1027,Fashion,Casual Shirt,West,Website,UPI,2,1223.34,0.1,2446.68,592.59,2025-08
ORD103221,2025-01-25,CUST1287,Beauty,Moisturizer,South,Marketplace,UPI,1,578.3,0.1,578.3,183.54,2025-01
ORD103222,2025-10-04,CUST1605,Books,Machine Learning Basics,East,Website,UPI,2,830.13,0.2,1660.26,283.41,2025-10
ORD103223,2025-08-21,CUST1735,Books,Machine Learning Basics,North,Mobile App,UPI,1,901.63,0.05,901.63,249.14,2025-08
ORD103224,2025-02-14,CUST2009,Electronics,Wireless Headphones,West,Website,Credit Card,1,2519.82,0.05,2519.82,407.85,2025-02
ORD103225,2025-08-24,CUST1706,Beauty,Moisturizer,North,Website,Net Banking,3,569.62,0.0,1708.8600000000001,524.81,2025-08
ORD103226,2025-12-21,CUST2093,Electronics,Power Bank,North,Mobile App,Credit Card,1,1028.46,0.1,1028.46,107.94,2025-12
ORD103227,2025-05-14,CUST1266,Electronics,Smart Watch,West,Website,Cash on Delivery,1,3151.02,0.0,3151.02,350.13,2025-05
ORD103228,2025-11-13,CUST1642,Electronics,USB-C Hub,South,Mobile App,Cash on Delivery,1,1245.81,0.05,1245.81,225.43,2025-11
ORD103229,2025-04-12,CUST1010,Electronics,Power Bank,North,Mobile App,Debit Card,1,1061.01,0.0,1061.01,193.35,2025-04
ORD103230,2025-07-23,CUST1124,Electronics,Bluetooth Speaker,South,Website,UPI,1,1773.67,0.15,1773.67,278.34,2025-07
ORD103231,2025-05-02,CUST1918,Fashion,Running Shoes,East,Mobile App,Cash on Delivery,2,2414.02,0.2,4828.04,889.31,2025-05
ORD103232,2025-10-04,CUST1350,Electronics,Smart Watch,East,Mobile App,UPI,1,3446.46,0.05,3446.46,451.39,2025-10
ORD103233,2025-10-14,CUST1968,Electronics,USB-C Hub,East,Mobile App,Net Banking,2,1309.35,0.1,2618.7,392.7,2025-10
ORD103234,2025-02-21,CUST1108,Books,Python Programming,Central,Website,Debit Card,1,543.48,0.15,543.48,115.67,2025-02
ORD103235,2025-06-13,CUST1852,Electronics,Bluetooth Speaker,East,Marketplace,Debit Card,2,1790.67,0.05,3581.34,608.24,2025-06
ORD103236,2025-11-14,CUST1908,Beauty,Shampoo,South,Mobile App,Credit Card,2,527.16,0.05,1054.32,336.39,2025-11
ORD103237,2025-10-11,CUST1707,Beauty,Face Wash,East,Website,UPI,3,420.54,0.0,1261.6200000000001,443.01,2025-10
ORD103238,2025-07-15,CUST1088,Home & Kitchen,Non-Stick Pan,West,Mobile App,Debit Card,2,1258.99,0.0,2517.98,512.47,2025-07
ORD103239,2025-12-25,CUST1594,Books,Fiction Novel,South,Website,UPI,2,434.83,0.05,869.66,189.55,2025-12
ORD103240,2025-04-10,CUST1850,Books,Python Programming,South,Marketplace,UPI,5,580.72,0.0,2903.6000000000004,819.79,2025-04
ORD103241,2025-08-31,CUST1639,Electronics,Power Bank,Central,Mobile App,UPI,2,1026.19,0.0,2052.38,394.67,2025-08
ORD103242,2025-08-25,CUST2099,Home & Kitchen,Storage Container Set,South,Mobile App,UPI,1,920.43,0.15,920.43,134.84,2025-08
ORD103243,2025-11-17,CUST1570,Home & Kitchen,Electric Kettle,North,Mobile App,UPI,5,1479.71,0.15,7398.55,1136.95,2025-11
ORD103244,2025-08-09,CUST1385,Home & Kitchen,Air Fryer,Central,Mobile App,UPI,1,4695.25,0.05,4695.25,986.95,2025-08
ORD103245,2025-10-17,CUST1028,Fashion,Running Shoes,North,Marketplace,Credit Card,1,2378.55,0.05,2378.55,664.59,2025-10
ORD103246,2025-01-11,CUST1837,Electronics,Wireless Headphones,South,Mobile App,UPI,1,2746.35,0.0,2746.35,493.67,2025-01
ORD103247,2025-11-27,CUST1668,Electronics,Smart Watch,Central,Mobile App,Debit Card,1,3472.43,0.0,3472.43,577.64,2025-11
ORD103248,2025-05-30,CUST1688,Fashion,Cotton T-Shirt,North,Website,Debit Card,3,665.48,0.0,1996.44,492.1,2025-05
ORD103249,2025-09-28,CUST1688,Books,Business Management,West,Website,UPI,1,503.3,0.0,503.3,129.43,2025-09
ORD103250,2025-07-08,CUST1785,Electronics,Power Bank,North,Website,Net Banking,2,958.93,0.15,1917.86,235.11,2025-07
ORD103251,2025-09-13,CUST1954,Fashion,Denim Jeans,West,Website,Credit Card,1,1412.25,0.0,1412.25,385.57,2025-09
ORD103252,2025-12-30,CUST1341,Fashion,Running Shoes,South,Website,UPI,2,2477.69,0.25,4955.38,1185.69,2025-12
ORD103253,2025-02-25,CUST2040,Beauty,Sunscreen,South,Marketplace,Credit Card,2,738.55,0.15,1477.1,362.8,2025-02
ORD103254,2025-10-26,CUST2076,Home & Kitchen,Electric Kettle,East,Mobile App,UPI,2,1741.25,0.15,3482.5,668.37,2025-10
ORD103255,2025-01-03,CUST1494,Fashion,Casual Shirt,West,Mobile App,UPI,2,1306.12,0.05,2612.24,725.5,2025-01
ORD103256,2025-06-06,CUST1231,Fashion,Running Shoes,East,Marketplace,Credit Card,2,2250.25,0.15,4500.5,989.83,2025-06
ORD103257,2025-08-11,CUST1469,Beauty,Moisturizer,North,Marketplace,UPI,5,545.71,0.05,2728.55,773.91,2025-08
ORD103258,2025-04-05,CUST1919,Electronics,Bluetooth Speaker,Central,Website,UPI,1,1780.78,0.1,1780.78,195.18,2025-04
ORD103259,2025-10-07,CUST1129,Fashion,Cotton T-Shirt,South,Mobile App,UPI,1,765.01,0.1,765.01,189.62,2025-10
ORD103260,2025-03-27,CUST1072,Electronics,Smart Watch,Central,Website,Debit Card,3,3380.59,0.25,10141.77,1172.34,2025-03
ORD103261,2025-04-08,CUST1276,Fashion,Running Shoes,Central,Marketplace,Cash on Delivery,2,2431.66,0.0,4863.32,1376.38,2025-04
ORD103262,2025-05-08,CUST1017,Home & Kitchen,Storage Container Set,North,Website,Credit Card,1,899.44,0.15,899.44,165.92,2025-05
ORD103263,2025-12-23,CUST1344,Fashion,Running Shoes,South,Website,Net Banking,2,2496.43,0.15,4992.86,1265.63,2025-12
ORD103264,2025-04-20,CUST2137,Electronics,Bluetooth Speaker,Central,Website,UPI,1,1907.5,0.15,1907.5,291.92,2025-04
ORD103265,2025-08-19,CUST2123,Fashion,Denim Jeans,Central,Website,UPI,2,1521.4,0.25,3042.8,610.41,2025-08
ORD103266,2025-01-31,CUST2082,Home & Kitchen,Air Fryer,Central,Website,Credit Card,1,4681.29,0.2,4681.29,705.72,2025-01
ORD103267,2025-12-09,CUST1988,Beauty,Sunscreen,North,Mobile App,Net Banking,1,682.17,0.0,682.17,184.32,2025-12
ORD103268,2025-10-28,CUST1940,Fashion,Casual Shirt,North,Website,Debit Card,2,1187.02,0.05,2374.04,695.42,2025-10
ORD103269,2025-05-09,CUST1569,Electronics,USB-C Hub,North,Marketplace,UPI,4,1254.23,0.0,5016.92,879.13,2025-05
ORD103270,2025-10-28,CUST1164,Home & Kitchen,Mixer Grinder,East,Mobile App,UPI,2,3701.03,0.0,7402.06,1597.38,2025-10
ORD103271,2025-01-22,CUST1386,Fashion,Running Shoes,North,Marketplace,UPI,2,2470.94,0.15,4941.88,1370.07,2025-01
ORD103272,2025-08-02,CUST1460,Fashion,Cotton T-Shirt,Unknown,Marketplace,Credit Card,1,652.07,0.1,652.07,150.22,2025-08
ORD103273,2025-08-23,CUST1754,Books,Data Analytics Guide,South,Website,UPI,4,793.11,0.15,3172.44,652.78,2025-08
ORD103274,2025-10-28,CUST2009,Fashion,Cotton T-Shirt,West,Mobile App,Cash on Delivery,1,743.51,0.1,743.51,146.68,2025-10
ORD103275,2025-11-13,CUST1138,Electronics,USB-C Hub,South,Mobile App,Credit Card,1,1222.62,0.2,1222.62,167.47,2025-11
ORD103276,2025-08-23,CUST1522,Books,Fiction Novel,South,Marketplace,Credit Card,1,393.45,0.1,393.45,81.04,2025-08
ORD103277,2025-10-14,CUST1806,Home & Kitchen,Storage Container Set,South,Website,Net Banking,2,872.02,0.15,1744.04,286.93,2025-10
ORD103278,2025-09-22,CUST1110,Fashion,Running Shoes,West,Marketplace,UPI,3,2512.32,0.05,7536.960000000001,2075.23,2025-09
ORD103279,2025-06-23,CUST1817,Home & Kitchen,Non-Stick Pan,South,Mobile App,UPI,1,1381.48,0.0,1381.48,274.15,2025-06
ORD103280,2025-04-06,CUST1338,Electronics,Smart Watch,South,Website,UPI,1,3300.17,0.0,3300.17,530.68,2025-04
ORD103281,2025-09-21,CUST1467,Beauty,Face Wash,North,Mobile App,Debit Card,1,419.7,0.05,419.7,115.76,2025-09
ORD103282,2025-11-18,CUST1292,Home & Kitchen,Storage Container Set,West,Mobile App,Net Banking,4,893.81,0.25,3575.24,609.02,2025-11
ORD103283,2025-12-25,CUST1827,Electronics,Bluetooth Speaker,West,Website,UPI,1,1752.35,0.05,1752.35,261.81,2025-12
ORD103284,2025-04-15,CUST1392,Beauty,Moisturizer,North,Marketplace,Cash on Delivery,2,627.24,0.05,1254.48,410.49,2025-04
ORD103285,2025-08-09,CUST1323,Beauty,Sunscreen,Central,Mobile App,Credit Card,1,738.19,0.2,738.19,208.99,2025-08
ORD103286,2025-05-10,CUST2049,Beauty,Face Wash,Central,Marketplace,Net Banking,1,381.59,0.15,381.59,104.65,2025-05
ORD103287,2025-08-20,CUST1966,Books,Business Management,South,Marketplace,UPI,1,487.86,0.1,487.86,105.6,2025-08
ORD103288,2025-07-27,CUST1991,Fashion,Running Shoes,Central,Website,UPI,1,2272.95,0.0,2272.95,570.24,2025-07
ORD103289,2025-09-24,CUST1393,Home & Kitchen,Mixer Grinder,North,Website,UPI,3,3754.27,0.15,11262.81,1680.02,2025-09
ORD103290,2025-05-30,CUST1437,Fashion,Casual Shirt,South,Website,Cash on Delivery,4,1236.43,0.0,4945.72,1327.82,2025-05
ORD103291,2025-12-11,CUST1094,Fashion,Cotton T-Shirt,East,Mobile App,Credit Card,3,653.58,0.15,1960.7400000000002,504.85,2025-12
ORD103292,2025-01-10,CUST1637,Books,Python Programming,East,Marketplace,UPI,3,542.96,0.0,1628.88,460.55,2025-01
ORD103293,2025-02-12,CUST2169,Beauty,Sunscreen,West,Website,UPI,1,718.95,0.15,718.95,210.04,2025-02
ORD103294,2025-06-30,CUST1265,Fashion,Denim Jeans,West,Website,Credit Card,1,1404.7,0.15,1404.7,303.28,2025-06
ORD103295,2025-04-15,CUST1242,Electronics,Smart Watch,North,Website,Cash on Delivery,1,3314.73,0.1,3314.73,500.17,2025-04
ORD103296,2025-04-05,CUST1382,Beauty,Shampoo,East,Marketplace,UPI,5,486.22,0.2,2431.1000000000004,564.85,2025-04
ORD103297,2025-09-12,CUST2051,Fashion,Cotton T-Shirt,South,Mobile App,Credit Card,3,706.24,0.2,2118.7200000000003,481.1,2025-09
ORD103298,2025-06-05,CUST1946,Electronics,Smart Watch,East,Marketplace,Net Banking,1,3039.51,0.0,3039.51,286.15,2025-06
ORD103299,2025-03-06,CUST1743,Fashion,Running Shoes,North,Mobile App,Credit Card,1,2223.98,0.0,2223.98,653.17,2025-03
ORD103300,2025-01-19,CUST1798,Home & Kitchen,Mixer Grinder,North,Website,Debit Card,1,3584.21,0.05,3584.21,726.99,2025-01
ORD103301,2025-03-18,CUST1081,Home & Kitchen,Air Fryer,Central,Website,Net Banking,1,4812.81,0.1,4812.81,892.48,2025-03
ORD103302,2025-03-28,CUST1684,Beauty,Sunscreen,North,Website,Debit Card,3,725.34,0.2,2176.02,548.99,2025-03
ORD103303,2025-09-23,CUST2094,Books,Machine Learning Basics,East,Website,Debit Card,1,866.04,0.0,866.04,195.94,2025-09
ORD103304,2025-07-13,CUST1147,Fashion,Casual Shirt,Central,Mobile App,Credit Card,2,1085.71,0.2,2171.42,439.27,2025-07
ORD103305,2025-06-18,CUST1557,Fashion,Denim Jeans,North,Website,UPI,2,1531.85,0.0,3063.7,896.0,2025-06
ORD103306,2025-01-24,CUST1498,Books,Machine Learning Basics,East,Mobile App,UPI,2,897.81,0.15,1795.62,422.74,2025-01
ORD103307,2025-01-20,CUST1559,Fashion,Denim Jeans,West,Mobile App,Net Banking,1,1466.04,0.0,1466.04,343.46,2025-01
ORD103308,2025-02-06,CUST1379,Electronics,Power Bank,South,Website,Credit Card,1,904.49,0.15,904.49,141.15,2025-02
ORD103309,2025-11-23,CUST1047,Books,Machine Learning Basics,Central,Website,UPI,3,899.59,0.05,2698.77,672.34,2025-11
ORD103310,2025-11-17,CUST1604,Books,Machine Learning Basics,South,Website,UPI,2,901.14,0.25,1802.28,347.92,2025-11
ORD103311,2025-12-20,CUST1735,Fashion,Denim Jeans,West,Website,Credit Card,1,1612.65,0.15,1612.65,333.08,2025-12
ORD103312,2025-12-18,CUST1010,Home & Kitchen,Storage Container Set,South,Website,Net Banking,4,916.63,0.0,3666.52,732.8,2025-12
ORD103313,2025-03-18,CUST1026,Fashion,Running Shoes,North,Marketplace,UPI,2,2222.47,0.1,4444.94,1133.22,2025-03
ORD103314,2025-10-11,CUST1300,Electronics,Smart Watch,South,Mobile App,Credit Card,1,3454.15,0.1,3454.15,458.93,2025-10
ORD103315,2025-04-09,CUST1769,Books,Machine Learning Basics,East,Website,UPI,2,916.39,0.0,1832.78,442.55,2025-04
ORD103316,2025-09-22,CUST2012,Fashion,Denim Jeans,North,Website,UPI,1,1497.44,0.15,1497.44,392.65,2025-09
ORD103317,2025-04-21,CUST1486,Fashion,Running Shoes,Central,Website,Debit Card,2,2524.1,0.15,5048.2,1068.08,2025-04
ORD103318,2025-06-16,CUST1855,Books,Python Programming,Central,Website,UPI,1,572.36,0.05,572.36,122.55,2025-06
ORD103319,2025-11-13,CUST1424,Fashion,Casual Shirt,East,Website,UPI,1,1131.67,0.2,1131.67,246.74,2025-11
ORD103320,2025-11-02,CUST1754,Fashion,Casual Shirt,North,Marketplace,Net Banking,1,1224.03,0.15,1224.03,299.33,2025-11
ORD103321,2025-03-06,CUST2002,Books,Data Analytics Guide,West,Marketplace,UPI,1,765.61,0.15,765.61,167.52,2025-03
ORD103322,2025-02-20,CUST1526,Beauty,Shampoo,South,Website,Debit Card,2,483.03,0.0,966.06,354.12,2025-02
ORD103323,2025-10-30,CUST1776,Electronics,USB-C Hub,Central,Mobile App,Credit Card,2,1343.53,0.05,2687.06,369.64,2025-10
ORD103324,2025-08-23,CUST1759,Beauty,Face Wash,Central,Mobile App,UPI,1,402.69,0.1,402.69,132.56,2025-08
ORD103325,2025-02-21,CUST1063,Home & Kitchen,Non-Stick Pan,West,Mobile App,Net Banking,3,1428.08,0.15,4284.24,722.55,2025-02
ORD103326,2025-03-19,CUST1636,Home & Kitchen,Air Fryer,West,Mobile App,Cash on Delivery,1,5206.14,0.25,5206.14,758.51,2025-03
ORD103327,2025-08-18,CUST1896,Electronics,Bluetooth Speaker,West,Website,Cash on Delivery,1,1934.63,0.0,1934.63,336.79,2025-08
ORD103328,2025-05-28,CUST1366,Books,Business Management,North,Mobile App,UPI,3,506.89,0.1,1520.67,314.04,2025-05
ORD103329,2025-05-31,CUST1756,Home & Kitchen,Storage Container Set,South,Marketplace,Credit Card,1,940.15,0.1,940.15,170.4,2025-05
ORD103330,2025-09-15,CUST1934,Beauty,Perfume,Central,Website,Debit Card,1,1281.11,0.0,1281.11,387.45,2025-09
ORD103331,2025-09-22,CUST1388,Home & Kitchen,Mixer Grinder,Central,Website,Debit Card,3,3749.4,0.0,11248.2,2623.13,2025-09
ORD103332,2025-03-23,CUST1769,Beauty,Perfume,North,Mobile App,Credit Card,2,1402.28,0.1,2804.56,839.14,2025-03
ORD103333,2025-06-24,CUST1489,Electronics,Power Bank,Central,Mobile App,Credit Card,1,1017.61,0.1,1017.61,141.27,2025-06
ORD103334,2025-02-20,CUST1656,Fashion,Cotton T-Shirt,East,Mobile App,UPI,2,641.82,0.05,1283.64,337.04,2025-02
ORD103335,2025-04-19,CUST1340,Fashion,Denim Jeans,West,Website,Credit Card,1,1396.02,0.1,1396.02,322.14,2025-04
ORD103336,2025-04-17,CUST1082,Beauty,Shampoo,South,Website,Credit Card,2,496.76,0.05,993.52,331.04,2025-04
ORD103337,2025-05-27,CUST1654,Home & Kitchen,Air Fryer,West,Mobile App,UPI,2,5156.15,0.15,10312.3,1692.4,2025-05
ORD103338,2025-08-20,CUST1031,Electronics,Bluetooth Speaker,South,Mobile App,UPI,1,1874.34,0.1,1874.34,310.45,2025-08
ORD103339,2025-06-17,CUST1891,Electronics,Smart Watch,Central,Marketplace,Credit Card,2,3171.5,0.05,6343.0,698.75,2025-06
ORD103340,2025-07-18,CUST2024,Books,Business Management,South,Marketplace,UPI,1,457.34,0.1,457.34,97.66,2025-07
ORD103341,2025-04-10,CUST1181,Home & Kitchen,Air Fryer,East,Website,Net Banking,2,5187.67,0.0,10375.34,2074.46,2025-04
ORD103342,2025-06-25,CUST2134,Electronics,Smart Watch,East,Marketplace,Debit Card,3,3029.91,0.1,9089.73,953.32,2025-06
ORD103343,2025-08-31,CUST1946,Home & Kitchen,Mixer Grinder,North,Website,Cash on Delivery,1,3759.9,0.05,3759.9,649.6,2025-08
ORD103344,2025-06-21,CUST1390,Books,Fiction Novel,East,Mobile App,Cash on Delivery,2,435.12,0.05,870.24,190.28,2025-06
ORD103345,2025-11-19,CUST1021,Beauty,Face Wash,East,Website,Net Banking,1,374.05,0.1,374.05,109.76,2025-11
ORD103346,2025-11-04,CUST1949,Fashion,Running Shoes,East,Mobile App,Cash on Delivery,1,2464.09,0.0,2464.09,705.21,2025-11
ORD103347,2025-11-19,CUST1757,Electronics,Power Bank,North,Marketplace,UPI,2,1087.69,0.2,2175.38,218.5,2025-11
ORD103348,2025-07-29,CUST1413,Beauty,Sunscreen,North,Website,Credit Card,1,753.18,0.2,753.18,173.21,2025-07
ORD103349,2025-03-11,CUST1979,Electronics,USB-C Hub,East,Mobile App,UPI,1,1396.16,0.25,1396.16,182.77,2025-03
ORD103350,2025-08-21,CUST1367,Home & Kitchen,Non-Stick Pan,West,Mobile App,UPI,2,1255.74,0.2,2511.48,442.09,2025-08
ORD103351,2025-04-19,CUST1274,Home & Kitchen,Mixer Grinder,North,Mobile App,Cash on Delivery,1,3832.51,0.15,3832.51,701.55,2025-04
ORD103352,2025-01-16,CUST2157,Books,Data Analytics Guide,East,Marketplace,UPI,1,767.48,0.1,767.48,176.73,2025-01
ORD103353,2025-07-15,CUST1214,Beauty,Perfume,South,Marketplace,UPI,2,1296.36,0.25,2592.72,633.62,2025-07
ORD103354,2025-04-07,CUST1842,Fashion,Cotton T-Shirt,Central,Marketplace,Net Banking,2,730.92,0.2,1461.84,274.66,2025-04
ORD103355,2025-08-09,CUST1839,Home & Kitchen,Mixer Grinder,West,Mobile App,Debit Card,1,3438.99,0.1,3438.99,588.95,2025-08
ORD103356,2025-02-19,CUST1669,Electronics,USB-C Hub,West,Website,UPI,1,1243.12,0.0,1243.12,199.24,2025-02
ORD103357,2025-03-14,CUST2098,Electronics,Bluetooth Speaker,East,Marketplace,Credit Card,4,1978.63,0.25,7914.52,1093.39,2025-03
ORD103358,2025-03-08,CUST1456,Home & Kitchen,Storage Container Set,West,Website,Debit Card,2,948.53,0.2,1897.06,336.06,2025-03
ORD103359,2025-04-16,CUST1761,Fashion,Cotton T-Shirt,Central,Mobile App,Credit Card,2,654.22,0.05,1308.44,321.93,2025-04
ORD103360,2025-10-18,CUST1076,Fashion,Running Shoes,North,Marketplace,Cash on Delivery,1,2185.04,0.1,2185.04,524.73,2025-10
ORD103361,2025-06-20,CUST1165,Fashion,Casual Shirt,South,Website,Credit Card,2,1100.6,0.15,2201.2,575.92,2025-06
ORD103362,2025-03-31,CUST1616,Electronics,Smart Watch,East,Mobile App,Credit Card,1,3079.17,0.15,3079.17,395.07,2025-03
ORD103363,2025-04-27,CUST1367,Fashion,Casual Shirt,South,Marketplace,Net Banking,1,1206.63,0.05,1206.63,336.9,2025-04
ORD103364,2025-12-06,CUST1950,Electronics,Smart Watch,South,Mobile App,Net Banking,1,3501.2,0.0,3501.2,481.87,2025-12
ORD103365,2025-09-22,CUST1352,Beauty,Shampoo,Central,Marketplace,Cash on Delivery,2,535.69,0.15,1071.38,273.72,2025-09
ORD103366,2025-04-16,CUST1354,Fashion,Backpack,Central,Website,Debit Card,1,1364.74,0.0,1364.74,344.0,2025-04
ORD103367,2025-10-10,CUST1623,Beauty,Sunscreen,West,Mobile App,Credit Card,1,757.5,0.1,757.5,228.67,2025-10
ORD103368,2025-01-03,CUST2101,Beauty,Shampoo,West,Website,UPI,1,505.62,0.0,505.62,143.94,2025-01
ORD103369,2025-12-25,CUST1448,Electronics,Bluetooth Speaker,Central,Website,Debit Card,1,1745.89,0.05,1745.89,246.17,2025-12
ORD103370,2025-10-25,CUST1085,Fashion,Backpack,North,Website,Net Banking,1,1327.69,0.0,1327.69,377.21,2025-10
ORD103371,2025-09-15,CUST1155,Electronics,Smart Watch,West,Website,Credit Card,1,3333.91,0.05,3333.91,416.71,2025-09
ORD103372,2025-03-30,CUST1044,Beauty,Sunscreen,Central,Website,Net Banking,1,715.02,0.05,715.02,206.94,2025-03
ORD103373,2025-08-27,CUST2178,Fashion,Backpack,South,Mobile App,UPI,1,1483.32,0.15,1483.32,411.61,2025-08
ORD103374,2025-04-28,CUST1618,Home & Kitchen,Air Fryer,West,Mobile App,UPI,2,5461.89,0.05,10923.78,2375.52,2025-04
ORD103375,2025-04-28,CUST1395,Books,Fiction Novel,South,Website,Cash on Delivery,4,431.09,0.1,1724.36,443.03,2025-04
ORD103376,2025-07-25,CUST1778,Beauty,Perfume,Central,Mobile App,UPI,2,1303.49,0.1,2606.98,776.62,2025-07
ORD103377,2025-07-07,CUST1727,Beauty,Shampoo,North,Website,UPI,1,482.48,0.1,482.48,115.2,2025-07
ORD103378,2025-04-23,CUST1175,Fashion,Running Shoes,North,Website,UPI,2,2351.91,0.25,4703.82,862.93,2025-04
ORD103379,2025-12-10,CUST1193,Beauty,Perfume,East,Website,UPI,1,1335.35,0.05,1335.35,364.02,2025-12
ORD103380,2025-09-07,CUST2024,Home & Kitchen,Mixer Grinder,North,Marketplace,Cash on Delivery,3,3525.34,0.15,10576.02,1317.71,2025-09
ORD103381,2025-03-22,CUST1544,Electronics,Wireless Headphones,West,Marketplace,UPI,2,2305.31,0.2,4610.62,736.54,2025-03
ORD103382,2025-06-16,CUST1488,Electronics,Wireless Headphones,Central,Marketplace,Credit Card,5,2457.45,0.1,12287.25,1734.6,2025-06
ORD103383,2025-04-06,CUST1941,Fashion,Backpack,West,Website,UPI,3,1371.4,0.05,4114.200000000001,1114.39,2025-04
ORD103384,2025-03-09,CUST2109,Fashion,Denim Jeans,North,Marketplace,UPI,4,1543.24,0.25,6172.96,1351.54,2025-03
ORD103385,2025-06-08,CUST1628,Fashion,Cotton T-Shirt,South,Marketplace,Credit Card,2,675.81,0.05,1351.62,368.48,2025-06
ORD103386,2025-07-12,CUST1446,Home & Kitchen,Storage Container Set,West,Website,Cash on Delivery,1,814.5,0.1,814.5,141.36,2025-07
ORD103387,2025-04-12,CUST1193,Beauty,Moisturizer,East,Mobile App,UPI,1,568.27,0.0,568.27,190.64,2025-04
ORD103388,2025-09-25,CUST1073,Fashion,Running Shoes,West,Website,UPI,3,2452.44,0.1,7357.32,1623.5,2025-09
ORD103389,2025-05-30,CUST1924,Fashion,Running Shoes,North,Website,UPI,2,2484.19,0.0,4968.38,1141.12,2025-05
ORD103390,2025-11-03,CUST1231,Home & Kitchen,Non-Stick Pan,Central,Website,Credit Card,1,1404.64,0.1,1404.64,246.6,2025-11
ORD103391,2025-04-10,CUST1953,Fashion,Denim Jeans,West,Website,UPI,2,1627.56,0.0,3255.12,868.62,2025-04
ORD103392,2025-11-13,CUST1914,Beauty,Moisturizer,South,Website,Debit Card,1,565.57,0.1,565.57,165.45,2025-11
ORD103393,2025-07-13,CUST1516,Books,Fiction Novel,West,Website,Net Banking,1,374.65,0.2,374.65,82.24,2025-07
ORD103394,2025-09-02,CUST1740,Electronics,Wireless Headphones,East,Marketplace,UPI,2,2521.19,0.0,5042.38,891.33,2025-09
ORD103395,2025-08-20,CUST1539,Electronics,Bluetooth Speaker,South,Mobile App,Net Banking,1,1906.43,0.15,1906.43,278.42,2025-08
ORD103396,2025-04-15,CUST1812,Electronics,Bluetooth Speaker,West,Website,Debit Card,2,1776.35,0.2,3552.7,319.4,2025-04
ORD103397,2025-09-19,CUST1496,Books,Machine Learning Basics,South,Mobile App,Credit Card,1,835.68,0.0,835.68,211.13,2025-09
ORD103398,2025-04-06,CUST2169,Electronics,USB-C Hub,Central,Website,UPI,2,1294.09,0.25,2588.18,306.6,2025-04
ORD103399,2025-04-24,CUST1745,Home & Kitchen,Storage Container Set,Central,Marketplace,UPI,1,898.82,0.1,898.82,148.72,2025-04
ORD103400,2025-04-19,CUST1454,Beauty,Sunscreen,East,Website,Debit Card,3,742.43,0.15,2227.29,578.99,2025-04
ORD103401,2025-04-04,CUST1153,Fashion,Backpack,Central,Marketplace,Debit Card,2,1414.62,0.1,2829.24,661.18,2025-04
ORD103402,2025-05-12,CUST1171,Fashion,Denim Jeans,North,Website,Cash on Delivery,1,1621.8,0.15,1621.8,314.8,2025-05
ORD103403,2025-03-30,CUST1954,Home & Kitchen,Mixer Grinder,East,Mobile App,UPI,4,3212.87,0.1,12851.48,2348.53,2025-03
ORD103404,2025-10-12,CUST1206,Books,Data Analytics Guide,North,Mobile App,Debit Card,1,792.31,0.2,792.31,160.34,2025-10
ORD103405,2025-05-29,CUST1628,Fashion,Casual Shirt,East,Mobile App,Credit Card,1,1150.06,0.05,1150.06,318.3,2025-05
ORD103406,2025-09-21,CUST1176,Electronics,Bluetooth Speaker,East,Marketplace,Debit Card,2,1766.28,0.0,3532.56,564.36,2025-09
ORD103407,2025-05-10,CUST1938,Electronics,USB-C Hub,East,Mobile App,UPI,1,1341.06,0.0,1341.06,279.77,2025-05
ORD103408,2025-03-07,CUST2105,Fashion,Denim Jeans,North,Mobile App,UPI,2,1501.22,0.15,3002.44,753.0,2025-03
ORD103409,2025-04-28,CUST2014,Electronics,USB-C Hub,East,Website,Debit Card,1,1186.42,0.05,1186.42,131.45,2025-04
ORD103410,2025-03-30,CUST1824,Fashion,Denim Jeans,North,Website,Credit Card,3,1512.99,0.2,4538.97,1047.07,2025-03
ORD103411,2025-03-04,CUST1894,Books,Business Management,East,Marketplace,UPI,1,507.05,0.1,507.05,112.61,2025-03
ORD103412,2025-03-02,CUST1368,Beauty,Face Wash,North,Website,UPI,1,386.68,0.15,386.68,102.08,2025-03
ORD103413,2025-02-15,CUST1194,Electronics,USB-C Hub,North,Website,Credit Card,2,1300.82,0.1,2601.64,303.28,2025-02
ORD103414,2025-10-09,CUST1802,Home & Kitchen,Storage Container Set,South,Website,Credit Card,1,983.25,0.1,983.25,210.29,2025-10
ORD103415,2025-04-23,CUST2084,Beauty,Sunscreen,South,Marketplace,UPI,3,664.26,0.15,1992.78,515.1,2025-04
ORD103416,2025-06-16,CUST1195,Home & Kitchen,Storage Container Set,Central,Website,Debit Card,2,832.41,0.1,1664.82,294.68,2025-06
ORD103417,2025-07-20,CUST1534,Fashion,Backpack,North,Mobile App,Credit Card,1,1331.83,0.2,1331.83,312.95,2025-07
ORD103418,2025-05-06,CUST1442,Electronics,Power Bank,East,Mobile App,Credit Card,1,977.19,0.05,977.19,162.25,2025-05
ORD103419,2025-01-04,CUST1685,Books,Fiction Novel,East,Marketplace,UPI,1,424.87,0.05,424.87,90.19,2025-01
ORD103420,2025-02-13,CUST1107,Electronics,Smart Watch,Central,Mobile App,Credit Card,1,3155.32,0.05,3155.32,334.67,2025-02
ORD103421,2025-10-25,CUST1886,Home & Kitchen,Non-Stick Pan,Central,Marketplace,Debit Card,2,1318.88,0.25,2637.76,425.63,2025-10
ORD103422,2025-01-12,CUST1014,Electronics,Bluetooth Speaker,East,Website,UPI,1,1950.67,0.05,1950.67,278.32,2025-01
ORD103423,2025-04-10,CUST1395,Fashion,Running Shoes,South,Website,UPI,1,2244.91,0.1,2244.91,557.07,2025-04
ORD103424,2025-01-07,CUST1802,Beauty,Face Wash,North,Website,UPI,1,401.02,0.0,401.02,124.68,2025-01
ORD103425,2025-02-11,CUST1753,Books,Python Programming,East,Website,UPI,1,585.0,0.15,585.0,116.17,2025-02
ORD103426,2025-11-24,CUST1861,Home & Kitchen,Air Fryer,South,Website,Credit Card,1,4673.03,0.15,4673.03,989.78,2025-11
ORD103427,2025-10-26,CUST1174,Beauty,Moisturizer,East,Mobile App,Credit Card,1,610.63,0.05,610.63,157.89,2025-10
ORD103428,2025-08-18,CUST1190,Home & Kitchen,Air Fryer,Central,Marketplace,UPI,2,5480.52,0.0,10961.04,1742.04,2025-08
ORD103429,2025-03-13,CUST1256,Electronics,Smart Watch,Central,Website,Credit Card,1,3143.13,0.25,3143.13,347.11,2025-03
ORD103430,2025-07-16,CUST1190,Books,Fiction Novel,East,Mobile App,Credit Card,2,381.01,0.25,762.02,137.74,2025-07
ORD103431,2025-12-09,CUST1437,Books,Python Programming,West,Website,Credit Card,1,631.13,0.0,631.13,152.23,2025-12
ORD103432,2025-11-29,CUST1278,Beauty,Face Wash,East,Mobile App,Cash on Delivery,1,376.46,0.1,376.46,107.67,2025-11
ORD103433,2025-01-15,CUST1305,Fashion,Casual Shirt,Central,Website,Credit Card,3,1147.38,0.1,3442.1400000000003,816.72,2025-01
ORD103434,2025-03-17,CUST1796,Fashion,Casual Shirt,East,Website,Debit Card,1,1187.78,0.15,1187.78,258.67,2025-03
ORD103435,2025-09-24,CUST1166,Electronics,Smart Watch,Central,Website,UPI,1,3113.97,0.1,3113.97,463.56,2025-09
ORD103436,2025-08-26,CUST1630,Books,Python Programming,West,Website,UPI,3,603.84,0.15,1811.52,368.73,2025-08
ORD103437,2025-03-20,CUST1322,Electronics,Smart Watch,East,Website,Debit Card,1,3549.19,0.1,3549.19,423.91,2025-03
ORD103438,2025-01-08,CUST1861,Electronics,USB-C Hub,North,Website,UPI,1,1378.96,0.0,1378.96,224.2,2025-01
ORD103439,2025-01-15,CUST1826,Fashion,Cotton T-Shirt,North,Mobile App,Net Banking,2,719.08,0.0,1438.16,373.72,2025-01
ORD103440,2025-02-09,CUST1683,Beauty,Perfume,Central,Mobile App,UPI,3,1427.11,0.1,4281.33,1297.85,2025-02
ORD103441,2025-07-15,CUST1319,Home & Kitchen,Air Fryer,North,Website,Debit Card,2,5454.74,0.05,10909.48,2127.94,2025-07
ORD103442,2025-03-17,CUST1553,Fashion,Cotton T-Shirt,West,Website,UPI,1,756.75,0.0,756.75,255.86,2025-03
ORD103443,2025-12-25,CUST1956,Fashion,Denim Jeans,North,Website,Credit Card,1,1479.35,0.05,1479.35,387.36,2025-12
ORD103444,2025-12-31,CUST1904,Electronics,Wireless Headphones,North,Website,Debit Card,2,2417.71,0.1,4835.42,656.42,2025-12
ORD103445,2025-05-10,CUST1205,Electronics,Bluetooth Speaker,Central,Marketplace,UPI,3,1846.38,0.05,5539.14,758.97,2025-05
ORD103446,2025-07-04,CUST1547,Beauty,Moisturizer,North,Mobile App,Cash on Delivery,1,588.94,0.1,588.94,175.25,2025-07
ORD103447,2025-12-18,CUST1225,Home & Kitchen,Storage Container Set,South,Website,Credit Card,2,867.16,0.25,1734.32,254.76,2025-12
ORD103448,2025-01-12,CUST1118,Fashion,Casual Shirt,North,Website,Debit Card,1,1177.94,0.0,1177.94,381.98,2025-01
ORD103449,2025-08-15,CUST1390,Fashion,Denim Jeans,North,Mobile App,Net Banking,1,1349.36,0.2,1349.36,310.96,2025-08
ORD103450,2025-04-02,CUST1009,Home & Kitchen,Air Fryer,East,Website,Credit Card,1,4651.9,0.1,4651.9,845.29,2025-04
ORD103451,2025-08-19,CUST1210,Electronics,USB-C Hub,South,Mobile App,Net Banking,1,1333.03,0.15,1333.03,159.28,2025-08
ORD103452,2025-07-14,CUST1933,Home & Kitchen,Electric Kettle,West,Mobile App,UPI,2,1527.5,0.15,3055.0,493.68,2025-07
ORD103453,2025-10-27,CUST1572,Electronics,Bluetooth Speaker,East,Website,Credit Card,1,1752.57,0.05,1752.57,268.68,2025-10
ORD103454,2025-09-22,CUST2030,Fashion,Backpack,South,Website,UPI,1,1292.08,0.1,1292.08,290.04,2025-09
ORD103455,2025-04-15,CUST1252,Home & Kitchen,Air Fryer,Central,Website,Net Banking,4,4677.56,0.1,18710.24,3302.64,2025-04
ORD103456,2025-03-04,CUST1118,Electronics,Wireless Headphones,Central,Marketplace,UPI,1,2269.13,0.2,2269.13,316.77,2025-03
ORD103457,2025-12-15,CUST1025,Beauty,Perfume,North,Marketplace,Cash on Delivery,2,1295.11,0.1,2590.22,744.07,2025-12
ORD103458,2025-10-26,CUST2051,Fashion,Running Shoes,West,Mobile App,UPI,1,2328.03,0.15,2328.03,580.39,2025-10
ORD103459,2025-03-29,CUST1656,Home & Kitchen,Electric Kettle,Central,Website,UPI,2,1697.34,0.2,3394.68,405.99,2025-03
ORD103460,2025-04-22,CUST1597,Books,Python Programming,East,Mobile App,Credit Card,4,613.7,0.2,2454.8,450.61,2025-04
ORD103461,2025-10-24,CUST2028,Electronics,USB-C Hub,South,Website,Debit Card,3,1277.86,0.25,3833.58,383.55,2025-10
ORD103462,2025-05-08,CUST1076,Home & Kitchen,Air Fryer,Central,Mobile App,Net Banking,1,5187.49,0.1,5187.49,962.42,2025-05
ORD103463,2025-09-01,CUST1768,Home & Kitchen,Electric Kettle,South,Marketplace,Credit Card,1,1489.17,0.1,1489.17,262.96,2025-09
ORD103464,2025-06-30,CUST1210,Beauty,Perfume,East,Mobile App,Cash on Delivery,1,1418.86,0.25,1418.86,338.83,2025-06
ORD103465,2025-12-26,CUST1996,Fashion,Running Shoes,Central,Website,Credit Card,1,2522.77,0.05,2522.77,739.63,2025-12
ORD103466,2025-05-12,CUST1425,Electronics,USB-C Hub,East,Website,Credit Card,1,1279.09,0.15,1279.09,187.06,2025-05
ORD103467,2025-05-26,CUST1719,Electronics,Bluetooth Speaker,East,Website,Cash on Delivery,1,1844.12,0.0,1844.12,382.16,2025-05
ORD103468,2025-07-04,CUST1674,Electronics,Power Bank,North,Website,UPI,1,913.74,0.0,913.74,118.96,2025-07
ORD103469,2025-12-07,CUST1954,Home & Kitchen,Electric Kettle,East,Website,Debit Card,1,1610.34,0.25,1610.34,297.58,2025-12
ORD103470,2025-03-21,CUST2170,Home & Kitchen,Air Fryer,Central,Website,Credit Card,4,5308.23,0.05,21232.92,3013.35,2025-03
ORD103471,2025-01-02,CUST1103,Fashion,Casual Shirt,Central,Marketplace,UPI,1,1115.6,0.25,1115.6,223.23,2025-01
ORD103472,2025-12-12,CUST1686,Electronics,Smart Watch,West,Marketplace,UPI,4,3523.57,0.05,14094.28,2653.08,2025-12
ORD103473,2025-06-15,CUST1865,Electronics,Bluetooth Speaker,North,Website,Credit Card,1,1775.18,0.1,1775.18,224.92,2025-06
ORD103474,2025-03-24,CUST2051,Fashion,Running Shoes,Central,Marketplace,Net Banking,5,2137.08,0.15,10685.4,2588.17,2025-03
ORD103475,2025-04-01,CUST2125,Books,Machine Learning Basics,South,Mobile App,UPI,1,899.45,0.15,899.45,186.41,2025-04
ORD103476,2025-02-05,CUST1870,Fashion,Casual Shirt,West,Marketplace,Credit Card,1,1204.78,0.15,1204.78,262.14,2025-02
ORD103477,2025-03-08,CUST1028,Electronics,Power Bank,East,Website,UPI,3,1067.21,0.05,3201.63,409.25,2025-03
ORD103478,2025-04-18,CUST2070,Home & Kitchen,Non-Stick Pan,South,Marketplace,Credit Card,2,1417.11,0.05,2834.22,528.99,2025-04
ORD103479,2025-08-13,CUST1656,Beauty,Perfume,West,Website,Credit Card,1,1261.5,0.0,1261.5,393.64,2025-08
ORD103480,2025-03-25,CUST2048,Fashion,Running Shoes,East,Mobile App,Net Banking,1,2380.79,0.0,2380.79,726.53,2025-03
ORD103481,2025-08-03,CUST1877,Fashion,Backpack,Central,Website,UPI,4,1282.86,0.15,5131.44,1144.86,2025-08
ORD103482,2025-02-14,CUST1623,Fashion,Backpack,South,Marketplace,Debit Card,2,1356.35,0.25,2712.7,498.22,2025-02
ORD103483,2025-01-06,CUST1308,Home & Kitchen,Mixer Grinder,North,Mobile App,UPI,1,3791.17,0.15,3791.17,710.65,2025-01
ORD103484,2025-06-18,CUST1548,Fashion,Running Shoes,Central,Mobile App,UPI,4,2449.45,0.25,9797.8,2086.57,2025-06
ORD103485,2025-03-09,CUST1079,Electronics,Smart Watch,West,Website,UPI,4,3425.32,0.05,13701.28,2260.8,2025-03
ORD103486,2025-06-28,CUST1003,Books,Python Programming,West,Mobile App,UPI,1,559.32,0.1,559.32,133.45,2025-06
ORD103487,2025-04-07,CUST1867,Home & Kitchen,Electric Kettle,West,Mobile App,Debit Card,2,1463.34,0.05,2926.68,660.46,2025-04
ORD103488,2025-08-04,CUST1101,Fashion,Cotton T-Shirt,West,Website,UPI,2,746.13,0.0,1492.26,412.69,2025-08
ORD103489,2025-09-07,CUST1914,Electronics,Wireless Headphones,North,Website,Credit Card,2,2316.6,0.0,4633.2,634.44,2025-09
ORD103490,2025-07-03,CUST1481,Books,Machine Learning Basics,Central,Website,UPI,1,951.94,0.2,951.94,213.13,2025-07
ORD103491,2025-03-25,CUST1406,Electronics,USB-C Hub,Central,Mobile App,Net Banking,1,1271.77,0.05,1271.77,193.66,2025-03
ORD103492,2025-05-19,CUST1423,Home & Kitchen,Air Fryer,Central,Website,UPI,2,4621.15,0.0,9242.3,1746.88,2025-05
ORD103493,2025-12-18,CUST1505,Fashion,Casual Shirt,Central,Website,Cash on Delivery,2,1194.74,0.1,2389.48,569.54,2025-12
ORD103494,2025-12-11,CUST1037,Beauty,Perfume,South,Website,Cash on Delivery,1,1184.58,0.15,1184.58,336.51,2025-12
ORD103495,2025-06-21,CUST1969,Books,Machine Learning Basics,South,Marketplace,UPI,2,942.03,0.0,1884.06,513.05,2025-06
ORD103496,2025-04-10,CUST1733,Electronics,Power Bank,East,Marketplace,Credit Card,1,900.27,0.05,900.27,109.8,2025-04
ORD103497,2025-06-28,CUST2031,Beauty,Perfume,East,Website,Cash on Delivery,1,1360.49,0.05,1360.49,461.37,2025-06
ORD103498,2025-10-26,CUST1957,Fashion,Denim Jeans,South,Website,UPI,3,1519.79,0.0,4559.37,1312.24,2025-10
ORD103499,2025-10-03,CUST1373,Home & Kitchen,Mixer Grinder,North,Website,Cash on Delivery,2,3152.94,0.0,6305.88,1241.03,2025-10
ORD103500,2025-07-27,CUST1625,Electronics,Wireless Headphones,East,Website,Net Banking,2,2621.48,0.15,5242.96,802.44,2025-07
ORD103501,2025-10-31,CUST1695,Fashion,Denim Jeans,North,Marketplace,UPI,2,1603.33,0.1,3206.66,793.02,2025-10
ORD103502,2025-07-09,CUST1270,Books,Python Programming,South,Mobile App,Net Banking,1,615.92,0.15,615.92,123.19,2025-07
ORD103503,2025-09-01,CUST1683,Fashion,Casual Shirt,Central,Website,UPI,2,1193.18,0.1,2386.36,589.08,2025-09
ORD103504,2025-02-12,CUST1898,Electronics,Bluetooth Speaker,East,Website,Credit Card,1,1922.78,0.1,1922.78,261.41,2025-02
ORD103505,2025-12-20,CUST1223,Books,Fiction Novel,West,Website,UPI,4,384.69,0.1,1538.76,397.47,2025-12
ORD103506,2025-08-01,CUST1265,Home & Kitchen,Mixer Grinder,West,Website,UPI,2,3775.73,0.1,7551.46,1323.72,2025-08
ORD103507,2025-11-12,CUST1811,Fashion,Cotton T-Shirt,South,Mobile App,Cash on Delivery,1,699.01,0.25,699.01,145.85,2025-11
ORD103508,2025-01-08,CUST1593,Electronics,Wireless Headphones,Central,Mobile App,Credit Card,1,2465.03,0.15,2465.03,232.89,2025-01
ORD103509,2025-01-08,CUST1318,Books,Data Analytics Guide,West,Website,UPI,1,818.57,0.05,818.57,206.95,2025-01
ORD103510,2025-06-16,CUST1581,Home & Kitchen,Mixer Grinder,West,Mobile App,UPI,2,3499.74,0.15,6999.48,983.62,2025-06
ORD103511,2025-01-27,CUST1525,Fashion,Backpack,South,Website,Cash on Delivery,2,1315.84,0.1,2631.68,615.44,2025-01
ORD103512,2025-07-01,CUST1840,Books,Fiction Novel,Central,Mobile App,Debit Card,2,379.5,0.0,759.0,205.88,2025-07
ORD103513,2025-09-01,CUST2145,Books,Data Analytics Guide,South,Mobile App,UPI,4,783.91,0.1,3135.64,765.95,2025-09
ORD103514,2025-09-04,CUST1834,Fashion,Cotton T-Shirt,East,Website,Debit Card,1,762.16,0.05,762.16,187.17,2025-09
ORD103515,2025-11-06,CUST1944,Fashion,Casual Shirt,West,Marketplace,UPI,1,1314.09,0.0,1314.09,307.44,2025-11
ORD103516,2025-11-19,CUST1588,Fashion,Denim Jeans,South,Website,Debit Card,3,1411.51,0.1,4234.53,1016.09,2025-11
ORD103517,2025-03-05,CUST2060,Fashion,Running Shoes,West,Website,UPI,2,2388.73,0.1,4777.46,1200.57,2025-03
ORD103518,2025-08-07,CUST1366,Fashion,Running Shoes,East,Website,UPI,2,2189.42,0.05,4378.84,1235.67,2025-08
ORD103519,2025-03-10,CUST1742,Home & Kitchen,Electric Kettle,West,Website,Cash on Delivery,2,1533.91,0.15,3067.82,405.42,2025-03
ORD103520,2025-12-03,CUST1101,Home & Kitchen,Storage Container Set,South,Website,UPI,3,955.86,0.25,2867.58,530.2,2025-12
ORD103521,2025-04-07,CUST2119,Electronics,USB-C Hub,West,Website,UPI,1,1299.42,0.0,1299.42,238.56,2025-04
ORD103522,2025-09-21,CUST1775,Electronics,USB-C Hub,West,Mobile App,Credit Card,1,1262.97,0.15,1262.97,170.02,2025-09
ORD103523,2025-07-05,CUST1594,Books,Machine Learning Basics,North,Website,UPI,2,893.34,0.15,1786.68,386.49,2025-07
ORD103524,2025-01-25,CUST1233,Fashion,Casual Shirt,West,Mobile App,UPI,1,1112.1,0.1,1112.1,356.84,2025-01
ORD103525,2025-08-23,CUST1278,Home & Kitchen,Mixer Grinder,East,Website,Credit Card,1,3234.57,0.0,3234.57,622.75,2025-08
ORD103526,2025-05-19,CUST1826,Electronics,Power Bank,South,Website,UPI,2,918.14,0.0,1836.28,273.66,2025-05
ORD103527,2025-04-18,CUST1499,Beauty,Moisturizer,Central,Mobile App,UPI,2,643.26,0.25,1286.52,275.06,2025-04
ORD103528,2025-05-06,CUST1130,Home & Kitchen,Electric Kettle,North,Marketplace,UPI,2,1723.52,0.1,3447.04,720.23,2025-05
ORD103529,2025-05-13,CUST1264,Fashion,Denim Jeans,East,Website,Debit Card,3,1428.95,0.0,4286.85,1176.54,2025-05
ORD103530,2025-02-16,CUST1803,Electronics,USB-C Hub,East,Website,Cash on Delivery,2,1375.02,0.0,2750.04,498.18,2025-02
ORD103531,2025-06-15,CUST1994,Home & Kitchen,Mixer Grinder,West,Website,Cash on Delivery,1,3341.26,0.0,3341.26,753.09,2025-06
ORD103532,2025-09-21,CUST1834,Electronics,USB-C Hub,Central,Mobile App,Debit Card,1,1416.65,0.0,1416.65,261.92,2025-09
ORD103533,2025-03-03,CUST1596,Beauty,Moisturizer,West,Website,Cash on Delivery,3,638.6,0.05,1915.8000000000002,546.36,2025-03
ORD103534,2025-08-26,CUST1796,Electronics,Wireless Headphones,East,Website,Net Banking,3,2524.73,0.05,7574.1900000000005,1224.25,2025-08
ORD103535,2025-10-31,CUST1411,Fashion,Cotton T-Shirt,Central,Website,Credit Card,4,637.92,0.05,2551.68,776.0,2025-10
ORD103536,2025-09-24,CUST1279,Fashion,Denim Jeans,West,Mobile App,Cash on Delivery,2,1449.92,0.0,2899.84,748.65,2025-09
ORD103537,2025-08-24,CUST2109,Home & Kitchen,Storage Container Set,West,Mobile App,UPI,1,854.06,0.0,854.06,162.95,2025-08
ORD103538,2025-12-04,CUST1926,Fashion,Running Shoes,Central,Website,Net Banking,1,2125.2,0.1,2125.2,541.34,2025-12
ORD103539,2025-10-13,CUST2078,Books,Fiction Novel,Central,Website,Credit Card,4,407.38,0.2,1629.52,344.87,2025-10
ORD103540,2025-07-11,CUST1414,Beauty,Perfume,South,Marketplace,Credit Card,4,1292.75,0.1,5171.0,1520.78,2025-07
ORD103541,2025-04-01,CUST1179,Home & Kitchen,Electric Kettle,North,Marketplace,Credit Card,2,1632.92,0.1,3265.84,504.87,2025-04
ORD103542,2025-12-02,CUST1804,Fashion,Denim Jeans,East,Mobile App,Debit Card,1,1383.01,0.1,1383.01,336.58,2025-12
ORD103543,2025-07-11,CUST1491,Fashion,Backpack,East,Mobile App,UPI,1,1482.45,0.2,1482.45,388.62,2025-07
ORD103544,2025-06-18,CUST1932,Beauty,Perfume,North,Website,Debit Card,1,1290.88,0.05,1290.88,336.4,2025-06
ORD103545,2025-01-27,CUST1821,Beauty,Shampoo,North,Mobile App,UPI,1,482.24,0.2,482.24,121.79,2025-01
ORD103546,2025-10-27,CUST1258,Fashion,Backpack,East,Website,Debit Card,2,1409.98,0.15,2819.96,604.92,2025-10
ORD103547,2025-11-04,CUST1628,Home & Kitchen,Mixer Grinder,North,Mobile App,Credit Card,3,3546.67,0.0,10640.01,1608.36,2025-11
ORD103548,2025-05-19,CUST1797,Home & Kitchen,Storage Container Set,West,Marketplace,Net Banking,1,863.01,0.0,863.01,176.88,2025-05
ORD103549,2025-03-03,CUST1960,Electronics,Power Bank,Central,Website,UPI,2,909.34,0.2,1818.68,244.0,2025-03
ORD103550,2025-01-12,CUST1997,Home & Kitchen,Air Fryer,East,Mobile App,Net Banking,1,5071.5,0.25,5071.5,616.15,2025-01
ORD103551,2025-08-09,CUST1334,Fashion,Denim Jeans,South,Website,UPI,1,1425.06,0.15,1425.06,398.38,2025-08
ORD103552,2025-08-04,CUST2188,Home & Kitchen,Electric Kettle,North,Mobile App,Debit Card,2,1654.41,0.1,3308.82,708.9,2025-08
ORD103553,2025-04-16,CUST1648,Home & Kitchen,Electric Kettle,West,Website,Credit Card,1,1537.64,0.1,1537.64,387.26,2025-04
ORD103554,2025-09-06,CUST1733,Fashion,Backpack,Central,Website,Cash on Delivery,4,1432.34,0.05,5729.36,1744.24,2025-09
ORD103555,2025-12-06,CUST2162,Electronics,Bluetooth Speaker,Central,Mobile App,Cash on Delivery,2,1634.92,0.15,3269.84,454.97,2025-12
ORD103556,2025-04-30,CUST2052,Home & Kitchen,Air Fryer,East,Website,Debit Card,2,5413.38,0.05,10826.76,1694.65,2025-04
ORD103557,2025-11-18,CUST1314,Books,Machine Learning Basics,East,Mobile App,Net Banking,5,880.88,0.05,4404.4,945.49,2025-11
ORD103558,2025-05-12,CUST1071,Books,Data Analytics Guide,Central,Mobile App,UPI,1,680.24,0.0,680.24,166.59,2025-05
ORD103559,2025-09-29,CUST1563,Home & Kitchen,Storage Container Set,North,Website,Debit Card,1,976.16,0.15,976.16,160.93,2025-09
ORD103560,2025-04-25,CUST1782,Electronics,Power Bank,West,Marketplace,UPI,1,1054.03,0.2,1054.03,141.42,2025-04
ORD103561,2025-01-24,CUST1012,Fashion,Casual Shirt,North,Marketplace,Credit Card,5,1103.9,0.15,5519.5,1436.77,2025-01
ORD103562,2025-08-07,CUST1277,Beauty,Sunscreen,North,Website,Net Banking,1,719.87,0.2,719.87,210.79,2025-08
ORD103563,2025-03-04,CUST1814,Books,Data Analytics Guide,Central,Website,UPI,2,682.4,0.0,1364.8,321.8,2025-03
ORD103564,2025-01-26,CUST1360,Electronics,Smart Watch,North,Mobile App,UPI,2,3020.9,0.05,6041.8,802.78,2025-01
ORD103565,2025-01-22,CUST1261,Home & Kitchen,Storage Container Set,West,Website,UPI,1,812.17,0.2,812.17,138.45,2025-01
ORD103566,2025-02-25,CUST1779,Books,Fiction Novel,East,Mobile App,Cash on Delivery,2,400.36,0.05,800.72,185.41,2025-02
ORD103567,2025-07-08,CUST1285,Fashion,Denim Jeans,North,Website,UPI,1,1421.99,0.0,1421.99,375.94,2025-07
ORD103568,2025-07-26,CUST1597,Beauty,Perfume,Central,Mobile App,Credit Card,2,1317.39,0.1,2634.78,743.58,2025-07
ORD103569,2025-10-07,CUST1855,Home & Kitchen,Non-Stick Pan,East,Mobile App,Credit Card,3,1243.93,0.15,3731.79,493.74,2025-10
ORD103570,2025-07-04,CUST1928,Home & Kitchen,Electric Kettle,West,Website,Net Banking,3,1682.14,0.15,5046.42,794.48,2025-07
ORD103571,2025-03-10,CUST1422,Home & Kitchen,Electric Kettle,North,Website,UPI,1,1664.58,0.15,1664.58,285.19,2025-03
ORD103572,2025-01-27,CUST1072,Electronics,Power Bank,South,Website,Credit Card,2,1072.64,0.1,2145.28,274.72,2025-01
ORD103573,2025-11-11,CUST2113,Home & Kitchen,Mixer Grinder,West,Website,UPI,1,3370.28,0.15,3370.28,492.37,2025-11
ORD103574,2025-06-14,CUST1666,Fashion,Backpack,South,Marketplace,UPI,2,1487.73,0.1,2975.46,698.8,2025-06
ORD103575,2025-01-29,CUST1064,Home & Kitchen,Air Fryer,North,Website,Debit Card,1,4893.05,0.15,4893.05,873.36,2025-01
ORD103576,2025-03-27,CUST1177,Electronics,Smart Watch,East,Mobile App,Net Banking,4,3005.19,0.15,12020.76,1476.11,2025-03
ORD103577,2025-05-16,CUST1040,Electronics,USB-C Hub,South,Marketplace,Net Banking,1,1413.12,0.05,1413.12,219.72,2025-05
ORD103578,2025-12-12,CUST1132,Home & Kitchen,Non-Stick Pan,East,Website,Cash on Delivery,3,1371.52,0.0,4114.5599999999995,729.11,2025-12
ORD103579,2025-10-26,CUST1555,Beauty,Moisturizer,South,Marketplace,Credit Card,1,546.9,0.05,546.9,164.03,2025-10
ORD103580,2025-10-09,CUST1825,Books,Machine Learning Basics,West,Website,UPI,1,909.34,0.0,909.34,233.84,2025-10
ORD103581,2025-10-08,CUST1319,Electronics,USB-C Hub,North,Mobile App,Cash on Delivery,1,1234.5,0.1,1234.5,173.96,2025-10
ORD103582,2025-07-24,CUST1086,Fashion,Cotton T-Shirt,North,Marketplace,UPI,4,632.71,0.1,2530.84,628.2,2025-07
ORD103583,2025-06-19,CUST2164,Home & Kitchen,Air Fryer,North,Mobile App,UPI,4,5389.71,0.1,21558.84,4099.7,2025-06
ORD103584,2025-02-25,CUST1010,Fashion,Running Shoes,Central,Website,Cash on Delivery,1,2441.86,0.15,2441.86,523.23,2025-02
ORD103585,2025-12-07,CUST1593,Fashion,Casual Shirt,North,Mobile App,UPI,2,1248.5,0.2,2497.0,487.16,2025-12
ORD103586,2025-08-22,CUST1855,Electronics,USB-C Hub,North,Mobile App,Credit Card,3,1374.54,0.05,4123.62,727.56,2025-08
ORD103587,2025-04-28,CUST1318,Electronics,Wireless Headphones,South,Website,Net Banking,1,2616.86,0.1,2616.86,257.33,2025-04
ORD103588,2025-09-24,CUST1028,Electronics,Wireless Headphones,South,Mobile App,UPI,4,2548.84,0.15,10195.36,1583.87,2025-09
ORD103589,2025-05-27,CUST1216,Fashion,Casual Shirt,East,Website,Net Banking,3,1281.94,0.1,3845.82,800.2,2025-05
ORD103590,2025-12-01,CUST2002,Electronics,Bluetooth Speaker,South,Marketplace,Credit Card,1,1667.82,0.15,1667.82,218.37,2025-12
ORD103591,2025-09-04,CUST1769,Beauty,Face Wash,North,Website,Debit Card,1,413.88,0.0,413.88,136.0,2025-09
ORD103592,2025-09-22,CUST2160,Fashion,Casual Shirt,South,Mobile App,Debit Card,1,1174.91,0.15,1174.91,326.53,2025-09
ORD103593,2025-07-31,CUST1553,Electronics,Bluetooth Speaker,West,Mobile App,UPI,3,1628.56,0.0,4885.68,840.11,2025-07
ORD103594,2025-07-12,CUST1898,Electronics,USB-C Hub,West,Website,Cash on Delivery,2,1417.69,0.15,2835.38,343.86,2025-07
ORD103595,2025-08-29,CUST1349,Books,Fiction Novel,East,Website,UPI,2,377.63,0.15,755.26,146.78,2025-08
ORD103596,2025-06-29,CUST1525,Electronics,Bluetooth Speaker,West,Website,UPI,1,1733.57,0.15,1733.57,175.18,2025-06
ORD103597,2025-04-07,CUST1165,Fashion,Casual Shirt,South,Website,Net Banking,1,1305.32,0.1,1305.32,292.88,2025-04
ORD103598,2025-04-08,CUST1814,Books,Machine Learning Basics,Central,Marketplace,Credit Card,3,867.68,0.1,2603.04,581.83,2025-04
ORD103599,2025-06-13,CUST1602,Books,Fiction Novel,West,Website,Debit Card,3,386.68,0.05,1160.04,217.4,2025-06
ORD103600,2025-09-10,CUST1494,Books,Business Management,South,Website,UPI,1,529.7,0.05,529.7,135.45,2025-09
ORD103601,2025-12-19,CUST1682,Home & Kitchen,Mixer Grinder,East,Mobile App,Debit Card,2,3271.28,0.15,6542.56,995.77,2025-12
ORD103602,2025-01-06,CUST1800,Fashion,Casual Shirt,East,Mobile App,Cash on Delivery,1,1237.53,0.15,1237.53,268.57,2025-01
ORD103603,2025-08-07,CUST1003,Fashion,Denim Jeans,Central,Website,Debit Card,1,1492.98,0.25,1492.98,291.06,2025-08
ORD103604,2025-01-13,CUST1406,Electronics,Bluetooth Speaker,East,Marketplace,UPI,2,1742.35,0.0,3484.7,384.32,2025-01
ORD103605,2025-06-11,CUST1564,Books,Fiction Novel,Central,Marketplace,UPI,1,382.97,0.0,382.97,97.47,2025-06
ORD103606,2025-06-05,CUST1692,Books,Fiction Novel,South,Website,UPI,2,363.2,0.1,726.4,201.48,2025-06
ORD103607,2025-06-26,CUST1702,Beauty,Shampoo,Central,Mobile App,UPI,1,509.33,0.15,509.33,147.1,2025-06
ORD103608,2025-10-18,CUST1451,Electronics,Wireless Headphones,Central,Mobile App,UPI,1,2388.5,0.25,2388.5,215.96,2025-10
ORD103609,2025-02-28,CUST1903,Beauty,Perfume,West,Mobile App,UPI,1,1276.35,0.05,1276.35,383.62,2025-02
ORD103610,2025-03-21,CUST1653,Books,Machine Learning Basics,Central,Marketplace,Net Banking,2,855.89,0.0,1711.78,397.49,2025-03
ORD103611,2025-01-29,CUST1160,Beauty,Shampoo,Central,Website,Debit Card,3,532.72,0.0,1598.16,482.65,2025-01
ORD103612,2025-02-25,CUST1273,Electronics,Bluetooth Speaker,Central,Website,Cash on Delivery,1,1953.8,0.2,1953.8,180.73,2025-02
ORD103613,2025-06-10,CUST1490,Books,Machine Learning Basics,West,Marketplace,Credit Card,1,821.84,0.1,821.84,171.56,2025-06
ORD103614,2025-02-13,CUST2057,Books,Business Management,West,Marketplace,Cash on Delivery,1,537.4,0.1,537.4,134.27,2025-02
ORD103615,2025-03-24,CUST1648,Electronics,USB-C Hub,East,Marketplace,Credit Card,1,1315.45,0.15,1315.45,227.11,2025-03
ORD103616,2025-07-12,CUST1726,Books,Fiction Novel,West,Marketplace,Net Banking,1,403.44,0.05,403.44,103.42,2025-07
ORD103617,2025-11-02,CUST1126,Fashion,Cotton T-Shirt,East,Website,Cash on Delivery,2,667.47,0.05,1334.94,363.08,2025-11
ORD103618,2025-01-26,CUST1001,Fashion,Cotton T-Shirt,East,Mobile App,Debit Card,1,640.69,0.0,640.69,167.36,2025-01
ORD103619,2025-10-21,CUST2168,Fashion,Running Shoes,North,Mobile App,Cash on Delivery,1,2514.94,0.15,2514.94,675.66,2025-10
ORD103620,2025-07-23,CUST1184,Electronics,Bluetooth Speaker,West,Mobile App,Credit Card,2,1888.29,0.0,3776.58,694.51,2025-07
ORD103621,2025-10-02,CUST1562,Books,Data Analytics Guide,Central,Website,UPI,1,745.3,0.05,745.3,184.55,2025-10
ORD103622,2025-10-25,CUST1299,Beauty,Moisturizer,South,Mobile App,Credit Card,3,565.65,0.15,1696.9499999999998,492.02,2025-10
ORD103623,2025-02-03,CUST1369,Home & Kitchen,Electric Kettle,North,Mobile App,UPI,3,1518.53,0.0,4555.59,702.03,2025-02
ORD103624,2025-09-11,CUST2169,Beauty,Perfume,Central,Mobile App,Debit Card,1,1283.05,0.1,1283.05,388.26,2025-09
ORD103625,2025-12-24,CUST1661,Home & Kitchen,Electric Kettle,West,Marketplace,Credit Card,1,1724.22,0.15,1724.22,289.11,2025-12
ORD103626,2025-07-02,CUST1247,Fashion,Running Shoes,South,Website,UPI,3,2490.35,0.0,7471.049999999999,1851.18,2025-07
ORD103627,2025-05-07,CUST1490,Home & Kitchen,Non-Stick Pan,South,Mobile App,UPI,1,1373.69,0.1,1373.69,211.57,2025-05
ORD103628,2025-01-28,CUST2175,Electronics,USB-C Hub,South,Mobile App,Net Banking,1,1283.6,0.1,1283.6,171.37,2025-01
ORD103629,2025-08-29,CUST1667,Fashion,Denim Jeans,West,Website,Credit Card,1,1598.05,0.1,1598.05,342.3,2025-08
ORD103630,2025-03-17,CUST1593,Beauty,Sunscreen,West,Website,UPI,1,727.53,0.1,727.53,195.87,2025-03
ORD103631,2025-06-04,CUST1794,Home & Kitchen,Non-Stick Pan,Central,Website,Cash on Delivery,2,1326.37,0.15,2652.74,451.85,2025-06
ORD103632,2025-04-24,CUST1772,Home & Kitchen,Air Fryer,Central,Marketplace,Debit Card,1,4796.7,0.1,4796.7,683.16,2025-04
ORD103633,2025-06-19,CUST1878,Beauty,Sunscreen,South,Website,Credit Card,1,649.95,0.05,649.95,191.22,2025-06
ORD103634,2025-09-10,CUST1724,Fashion,Backpack,West,Mobile App,Debit Card,1,1457.07,0.15,1457.07,346.32,2025-09
ORD103635,2025-04-23,CUST1507,Fashion,Backpack,East,Mobile App,UPI,1,1350.46,0.2,1350.46,287.2,2025-04
ORD103636,2025-12-05,CUST2104,Books,Fiction Novel,South,Mobile App,Credit Card,3,394.61,0.15,1183.83,226.91,2025-12
ORD103637,2025-10-27,CUST1345,Books,Business Management,South,Website,UPI,3,484.16,0.1,1452.48,324.76,2025-10
ORD103638,2025-10-12,CUST1013,Electronics,Bluetooth Speaker,North,Website,UPI,2,1633.62,0.15,3267.24,349.21,2025-10
ORD103639,2025-10-12,CUST1874,Electronics,Power Bank,East,Mobile App,UPI,1,1030.06,0.1,1030.06,131.46,2025-10
ORD103640,2025-12-04,CUST1743,Electronics,Power Bank,West,Marketplace,Debit Card,2,911.46,0.1,1822.92,253.26,2025-12
ORD103641,2025-03-14,CUST1603,Fashion,Backpack,Central,Website,Cash on Delivery,4,1433.27,0.0,5733.08,1627.89,2025-03
ORD103642,2025-12-21,CUST1410,Fashion,Cotton T-Shirt,Central,Website,UPI,2,633.97,0.1,1267.94,301.94,2025-12
ORD103643,2025-01-17,CUST1219,Home & Kitchen,Air Fryer,West,Mobile App,UPI,2,4982.56,0.1,9965.12,1285.44,2025-01
ORD103644,2025-10-30,CUST1051,Home & Kitchen,Non-Stick Pan,North,Website,Cash on Delivery,4,1399.93,0.05,5599.72,1190.31,2025-10
ORD103645,2025-10-31,CUST1654,Books,Python Programming,North,Marketplace,UPI,1,559.49,0.15,559.49,107.08,2025-10
ORD103646,2025-10-02,CUST1976,Home & Kitchen,Storage Container Set,South,Mobile App,UPI,1,961.48,0.05,961.48,166.21,2025-10
ORD103647,2025-04-03,CUST1489,Electronics,Power Bank,South,Marketplace,Cash on Delivery,2,908.03,0.0,1816.06,355.49,2025-04
ORD103648,2025-07-02,CUST1475,Home & Kitchen,Mixer Grinder,Central,Website,UPI,1,3520.35,0.2,3520.35,558.38,2025-07
ORD103649,2025-12-05,CUST1129,Beauty,Sunscreen,East,Website,UPI,2,700.41,0.15,1400.82,433.37,2025-12
ORD103650,2025-04-12,CUST1774,Books,Fiction Novel,South,Mobile App,Debit Card,4,379.68,0.1,1518.72,366.75,2025-04
ORD103651,2025-12-11,CUST1372,Home & Kitchen,Non-Stick Pan,Central,Website,UPI,1,1342.59,0.1,1342.59,235.06,2025-12
ORD103652,2025-12-30,CUST1964,Books,Fiction Novel,West,Website,Debit Card,2,397.07,0.05,794.14,223.03,2025-12
ORD103653,2025-08-08,CUST1757,Beauty,Moisturizer,South,Mobile App,Debit Card,2,639.26,0.1,1278.52,362.9,2025-08
ORD103654,2025-12-27,CUST1132,Home & Kitchen,Non-Stick Pan,North,Marketplace,Cash on Delivery,2,1369.72,0.0,2739.44,614.08,2025-12
ORD103655,2025-06-15,CUST1722,Books,Python Programming,Central,Marketplace,Credit Card,1,552.48,0.2,552.48,105.53,2025-06
ORD103656,2025-05-18,CUST1997,Fashion,Casual Shirt,West,Website,UPI,1,1238.76,0.05,1238.76,371.49,2025-05
ORD103657,2025-08-05,CUST2176,Electronics,Smart Watch,South,Mobile App,UPI,1,3596.29,0.1,3596.29,525.87,2025-08
ORD103658,2025-08-24,CUST1983,Fashion,Cotton T-Shirt,North,Website,UPI,2,726.33,0.05,1452.66,358.72,2025-08
ORD103659,2025-12-27,CUST1594,Electronics,Smart Watch,West,Website,Credit Card,2,3297.35,0.0,6594.7,1029.1,2025-12
ORD103660,2025-12-28,CUST1679,Beauty,Sunscreen,West,Mobile App,UPI,2,765.75,0.15,1531.5,404.37,2025-12
ORD103661,2025-05-12,CUST1659,Beauty,Sunscreen,Central,Mobile App,Debit Card,2,742.6,0.05,1485.2,442.08,2025-05
ORD103662,2025-10-13,CUST1609,Books,Python Programming,South,Mobile App,UPI,1,633.21,0.1,633.21,133.02,2025-10
ORD103663,2025-09-30,CUST1856,Electronics,Smart Watch,North,Mobile App,UPI,2,3237.63,0.1,6475.26,752.04,2025-09
ORD103664,2025-05-31,CUST1548,Fashion,Denim Jeans,North,Mobile App,UPI,3,1450.5,0.15,4351.5,962.88,2025-05
ORD103665,2025-02-20,CUST1536,Beauty,Face Wash,West,Mobile App,UPI,2,378.57,0.1,757.14,205.43,2025-02
ORD103666,2025-06-04,CUST1782,Books,Machine Learning Basics,South,Website,Debit Card,3,852.42,0.1,2557.2599999999998,498.31,2025-06
ORD103667,2025-01-20,CUST2183,Fashion,Backpack,West,Mobile App,Debit Card,3,1506.9,0.1,4520.700000000001,1135.07,2025-01
ORD103668,2025-01-24,CUST1702,Beauty,Perfume,West,Mobile App,Debit Card,2,1403.93,0.1,2807.86,760.88,2025-01
ORD103669,2025-03-15,CUST1262,Books,Fiction Novel,West,Website,Credit Card,1,407.88,0.05,407.88,101.67,2025-03
ORD103670,2025-01-18,CUST1744,Home & Kitchen,Air Fryer,South,Mobile App,Credit Card,1,4836.49,0.05,4836.49,832.11,2025-01
ORD103671,2025-01-13,CUST1289,Fashion,Denim Jeans,East,Mobile App,UPI,4,1352.28,0.25,5409.12,1370.23,2025-01
ORD103672,2025-08-09,CUST1401,Electronics,Wireless Headphones,East,Mobile App,Net Banking,1,2673.4,0.1,2673.4,362.54,2025-08
ORD103673,2025-02-01,CUST2097,Electronics,Power Bank,South,Marketplace,UPI,1,1066.65,0.0,1066.65,207.86,2025-02
ORD103674,2025-12-26,CUST1669,Electronics,Power Bank,Central,Marketplace,Debit Card,1,1014.82,0.1,1014.82,123.43,2025-12
ORD103675,2025-07-25,CUST1291,Beauty,Face Wash,Central,Mobile App,Credit Card,1,375.95,0.0,375.95,124.5,2025-07
ORD103676,2025-03-19,CUST1051,Books,Data Analytics Guide,West,Mobile App,UPI,1,808.26,0.2,808.26,180.0,2025-03
ORD103677,2025-11-30,CUST1329,Home & Kitchen,Storage Container Set,East,Website,UPI,4,984.25,0.0,3937.0,903.52,2025-11
ORD103678,2025-12-05,CUST1392,Books,Machine Learning Basics,Central,Website,Cash on Delivery,1,902.56,0.0,902.56,209.14,2025-12
ORD103679,2025-12-21,CUST1625,Books,Business Management,South,Marketplace,UPI,3,468.91,0.1,1406.73,290.54,2025-12
ORD103680,2025-02-20,CUST2067,Home & Kitchen,Electric Kettle,South,Website,Credit Card,1,1584.76,0.1,1584.76,293.75,2025-02
ORD103681,2025-11-15,CUST1880,Beauty,Face Wash,West,Marketplace,Debit Card,1,369.43,0.2,369.43,93.69,2025-11
ORD103682,2025-10-12,CUST1226,Fashion,Cotton T-Shirt,East,Marketplace,Cash on Delivery,2,695.29,0.0,1390.58,365.52,2025-10
ORD103683,2025-10-31,CUST1749,Books,Data Analytics Guide,East,Marketplace,Credit Card,2,804.06,0.15,1608.12,342.43,2025-10
ORD103684,2025-11-21,CUST1940,Home & Kitchen,Air Fryer,West,Marketplace,Credit Card,5,5114.59,0.1,25572.95,5890.45,2025-11
ORD103685,2025-10-28,CUST1640,Fashion,Backpack,North,Mobile App,UPI,1,1486.77,0.05,1486.77,347.89,2025-10
ORD103686,2025-08-31,CUST1985,Electronics,Power Bank,North,Website,Credit Card,1,1084.67,0.05,1084.67,155.7,2025-08
ORD103687,2025-09-23,CUST1744,Electronics,Bluetooth Speaker,East,Mobile App,Credit Card,1,1693.0,0.15,1693.0,198.74,2025-09
ORD103688,2025-05-05,CUST1344,Electronics,Wireless Headphones,North,Website,UPI,4,2469.48,0.0,9877.92,1598.41,2025-05
ORD103689,2025-08-29,CUST1861,Electronics,USB-C Hub,Central,Website,UPI,1,1397.25,0.1,1397.25,176.47,2025-08
ORD103690,2025-05-08,CUST1112,Beauty,Face Wash,Central,Website,Debit Card,2,394.18,0.0,788.36,283.83,2025-05
ORD103691,2025-07-15,CUST1333,Fashion,Denim Jeans,Central,Mobile App,Credit Card,4,1614.18,0.05,6456.72,1586.59,2025-07
ORD103692,2025-05-04,CUST2044,Books,Business Management,East,Mobile App,UPI,1,508.53,0.1,508.53,110.52,2025-05
ORD103693,2025-05-17,CUST2145,Home & Kitchen,Electric Kettle,East,Website,Credit Card,1,1656.69,0.05,1656.69,297.33,2025-05
ORD103694,2025-05-13,CUST1533,Books,Data Analytics Guide,East,Website,UPI,2,726.46,0.1,1452.92,318.77,2025-05
ORD103695,2025-07-04,CUST1011,Books,Data Analytics Guide,Central,Mobile App,Credit Card,2,819.59,0.1,1639.18,381.45,2025-07
ORD103696,2025-12-04,CUST2180,Books,Machine Learning Basics,North,Marketplace,UPI,3,901.6,0.05,2704.8,651.9,2025-12
ORD103697,2025-08-08,CUST1877,Home & Kitchen,Mixer Grinder,East,Marketplace,Debit Card,2,3571.71,0.0,7143.42,1183.94,2025-08
ORD103698,2025-10-30,CUST1912,Books,Data Analytics Guide,East,Mobile App,Credit Card,1,712.51,0.1,712.51,131.26,2025-10
ORD103699,2025-12-03,CUST1396,Books,Fiction Novel,North,Mobile App,Credit Card,2,413.11,0.0,826.22,200.64,2025-12
ORD103700,2025-09-01,CUST1140,Beauty,Moisturizer,North,Marketplace,Net Banking,5,621.28,0.0,3106.3999999999996,1157.8,2025-09
ORD103701,2025-05-10,CUST1968,Books,Business Management,South,Marketplace,UPI,3,506.72,0.0,1520.16,413.77,2025-05
ORD103702,2025-12-02,CUST1490,Home & Kitchen,Non-Stick Pan,North,Mobile App,UPI,1,1384.52,0.1,1384.52,201.89,2025-12
ORD103703,2025-10-27,CUST1825,Fashion,Running Shoes,Central,Mobile App,Cash on Delivery,4,2271.73,0.05,9086.92,2398.04,2025-10
ORD103704,2025-12-10,CUST1604,Fashion,Casual Shirt,West,Website,Debit Card,1,1260.65,0.2,1260.65,265.18,2025-12
ORD103705,2025-04-18,CUST1510,Electronics,Power Bank,East,Website,Debit Card,1,967.3,0.25,967.3,118.16,2025-04
ORD103706,2025-01-24,CUST1825,Home & Kitchen,Electric Kettle,East,Website,Cash on Delivery,1,1738.1,0.15,1738.1,362.41,2025-01
ORD103707,2025-12-01,CUST1460,Fashion,Casual Shirt,South,Website,Cash on Delivery,1,1191.13,0.15,1191.13,270.89,2025-12
ORD103708,2025-08-22,CUST1180,Fashion,Running Shoes,East,Website,Cash on Delivery,1,2235.86,0.0,2235.86,550.74,2025-08
ORD103709,2025-11-25,CUST1272,Fashion,Backpack,South,Website,Net Banking,4,1280.6,0.05,5122.4,1415.66,2025-11
ORD103710,2025-06-06,CUST1604,Home & Kitchen,Electric Kettle,Central,Mobile App,Debit Card,4,1612.49,0.05,6449.96,1249.62,2025-06
ORD103711,2025-09-19,CUST1842,Electronics,Wireless Headphones,South,Website,Cash on Delivery,1,2497.79,0.15,2497.79,258.2,2025-09
ORD103712,2025-01-09,CUST1753,Home & Kitchen,Air Fryer,West,Marketplace,Credit Card,2,5454.54,0.0,10909.08,2241.76,2025-01
ORD103713,2025-11-07,CUST1756,Fashion,Cotton T-Shirt,West,Website,UPI,2,704.17,0.15,1408.34,358.89,2025-11
ORD103714,2025-04-29,CUST1693,Beauty,Face Wash,South,Website,Cash on Delivery,1,435.69,0.15,435.69,128.21,2025-04
ORD103715,2025-08-07,CUST1652,Beauty,Shampoo,East,Mobile App,Debit Card,3,494.63,0.0,1483.8899999999999,506.22,2025-08
ORD103716,2025-06-11,CUST1651,Fashion,Denim Jeans,Central,Mobile App,Cash on Delivery,5,1415.77,0.15,7078.85,1964.41,2025-06
ORD103717,2025-02-27,CUST1376,Books,Fiction Novel,East,Website,Credit Card,5,379.2,0.15,1896.0,480.28,2025-02
ORD103718,2025-09-07,CUST1433,Books,Machine Learning Basics,West,Website,UPI,1,936.46,0.05,936.46,223.65,2025-09
ORD103719,2025-09-08,CUST1677,Fashion,Running Shoes,Central,Marketplace,Credit Card,1,2175.57,0.1,2175.57,623.29,2025-09
ORD103720,2025-07-23,CUST1552,Electronics,Wireless Headphones,North,Marketplace,Credit Card,1,2473.86,0.15,2473.86,238.64,2025-07
ORD103721,2025-06-23,CUST1217,Beauty,Shampoo,East,Website,UPI,1,479.47,0.15,479.47,131.66,2025-06
ORD103722,2025-05-02,CUST1628,Electronics,Wireless Headphones,Central,Website,Credit Card,1,2494.77,0.0,2494.77,374.93,2025-05
ORD103723,2025-03-02,CUST1568,Electronics,USB-C Hub,West,Mobile App,Credit Card,1,1267.57,0.1,1267.57,183.44,2025-03
ORD103724,2025-08-28,CUST1190,Fashion,Denim Jeans,South,Mobile App,Debit Card,3,1601.26,0.15,4803.78,1187.3,2025-08
ORD103725,2025-03-09,CUST1850,Electronics,Wireless Headphones,East,Mobile App,Credit Card,2,2669.35,0.1,5338.7,739.86,2025-03
ORD103726,2025-05-03,CUST2057,Books,Fiction Novel,North,Mobile App,Credit Card,1,385.2,0.05,385.2,100.83,2025-05
ORD103727,2025-12-03,CUST2137,Electronics,Power Bank,West,Website,UPI,1,1012.48,0.0,1012.48,184.38,2025-12
ORD103728,2025-06-17,CUST1134,Fashion,Cotton T-Shirt,North,Marketplace,Net Banking,2,698.46,0.15,1396.92,328.19,2025-06
ORD103729,2025-01-19,CUST1808,Home & Kitchen,Electric Kettle,Central,Website,UPI,4,1689.49,0.1,6757.96,1247.23,2025-01
ORD103730,2025-05-01,CUST1998,Electronics,USB-C Hub,South,Website,Net Banking,2,1313.22,0.1,2626.44,426.65,2025-05
ORD103731,2025-03-23,CUST1300,Fashion,Backpack,West,Mobile App,Credit Card,1,1437.35,0.15,1437.35,378.53,2025-03
ORD103732,2025-11-03,CUST1319,Fashion,Denim Jeans,East,Marketplace,UPI,2,1427.78,0.0,2855.56,767.75,2025-11
ORD103733,2025-04-09,CUST1446,Beauty,Sunscreen,South,Website,Net Banking,2,677.57,0.05,1355.14,355.46,2025-04
ORD103734,2025-06-26,CUST2148,Electronics,Bluetooth Speaker,Central,Mobile App,Debit Card,2,1838.05,0.0,3676.1,637.4,2025-06
ORD103735,2025-11-02,CUST2144,Electronics,Wireless Headphones,North,Mobile App,UPI,1,2717.59,0.1,2717.59,504.05,2025-11
ORD103736,2025-01-27,CUST1260,Fashion,Cotton T-Shirt,West,Website,UPI,2,739.25,0.0,1478.5,346.44,2025-01
ORD103737,2025-05-29,CUST1945,Books,Machine Learning Basics,South,Website,Credit Card,1,868.18,0.25,868.18,152.44,2025-05
ORD103738,2025-10-20,CUST1446,Beauty,Shampoo,South,Mobile App,Credit Card,1,523.66,0.1,523.66,154.75,2025-10
ORD103739,2025-01-21,CUST1605,Fashion,Running Shoes,North,Mobile App,Net Banking,1,2093.21,0.1,2093.21,463.2,2025-01
ORD103740,2025-07-16,CUST1808,Home & Kitchen,Air Fryer,Central,Website,UPI,2,4504.67,0.15,9009.34,1606.51,2025-07
ORD103741,2025-11-01,CUST1440,Home & Kitchen,Non-Stick Pan,North,Mobile App,Debit Card,1,1343.76,0.1,1343.76,258.65,2025-11
ORD103742,2025-09-03,CUST1341,Home & Kitchen,Electric Kettle,South,Mobile App,Net Banking,1,1622.69,0.25,1622.69,279.19,2025-09
ORD103743,2025-01-21,CUST1373,Fashion,Backpack,West,Mobile App,UPI,4,1359.61,0.2,5438.44,1059.17,2025-01
ORD103744,2025-02-21,CUST1357,Beauty,Shampoo,South,Marketplace,UPI,1,536.58,0.15,536.58,163.61,2025-02
ORD103745,2025-10-27,CUST1158,Home & Kitchen,Air Fryer,West,Marketplace,UPI,1,4886.72,0.1,4886.72,893.82,2025-10
ORD103746,2025-03-21,CUST1766,Home & Kitchen,Non-Stick Pan,Central,Mobile App,Debit Card,1,1270.78,0.15,1270.78,231.62,2025-03
ORD103747,2025-06-28,CUST1462,Home & Kitchen,Electric Kettle,Central,Mobile App,Credit Card,1,1557.91,0.25,1557.91,227.92,2025-06
ORD103748,2025-07-09,CUST1389,Fashion,Casual Shirt,East,Marketplace,UPI,2,1304.53,0.1,2609.06,683.27,2025-07
ORD103749,2025-02-22,CUST1621,Electronics,Power Bank,North,Website,UPI,2,1066.71,0.05,2133.42,325.93,2025-02
ORD103750,2025-04-11,CUST1404,Electronics,Power Bank,West,Marketplace,UPI,3,1061.56,0.0,3184.68,484.92,2025-04
ORD103751,2025-02-25,CUST1382,Electronics,Power Bank,South,Marketplace,Credit Card,1,1019.85,0.1,1019.85,124.97,2025-02
ORD103752,2025-04-30,CUST1950,Home & Kitchen,Air Fryer,East,Marketplace,Debit Card,1,5381.72,0.15,5381.72,834.52,2025-04
ORD103753,2025-09-28,CUST2105,Home & Kitchen,Electric Kettle,Central,Marketplace,Debit Card,4,1582.39,0.2,6329.56,1039.99,2025-09
ORD103754,2025-03-01,CUST1588,Electronics,Wireless Headphones,East,Mobile App,UPI,1,2584.87,0.0,2584.87,465.22,2025-03
ORD103755,2025-06-16,CUST1072,Books,Python Programming,West,Mobile App,Credit Card,2,543.12,0.0,1086.24,295.47,2025-06
ORD103756,2025-04-06,CUST1726,Electronics,Bluetooth Speaker,Central,Website,UPI,1,1726.96,0.05,1726.96,227.21,2025-04
ORD103757,2025-11-28,CUST1685,Electronics,Bluetooth Speaker,North,Website,Debit Card,1,1921.21,0.05,1921.21,314.39,2025-11
ORD103758,2025-06-22,CUST1040,Electronics,USB-C Hub,East,Mobile App,Cash on Delivery,4,1278.84,0.0,5115.36,844.36,2025-06
ORD103759,2025-12-10,CUST1985,Electronics,Bluetooth Speaker,North,Website,UPI,2,1901.88,0.0,3803.76,433.46,2025-12
ORD103760,2025-06-27,CUST1219,Home & Kitchen,Storage Container Set,West,Marketplace,Debit Card,1,946.81,0.0,946.81,218.01,2025-06
ORD103761,2025-04-06,CUST1246,Electronics,Smart Watch,South,Mobile App,UPI,1,3371.78,0.0,3371.78,592.96,2025-04
ORD103762,2025-09-18,CUST1717,Electronics,Wireless Headphones,North,Website,UPI,2,2495.89,0.2,4991.78,570.61,2025-09
ORD103763,2025-10-15,CUST1947,Electronics,Wireless Headphones,Central,Marketplace,UPI,1,2550.93,0.05,2550.93,458.92,2025-10
ORD103764,2025-11-23,CUST1619,Electronics,Power Bank,North,Website,UPI,1,925.76,0.0,925.76,140.4,2025-11
ORD103765,2025-02-21,CUST1555,Beauty,Perfume,West,Website,Net Banking,1,1419.73,0.1,1419.73,371.77,2025-02
ORD103766,2025-06-20,CUST1218,Home & Kitchen,Non-Stick Pan,East,Website,UPI,2,1211.43,0.1,2422.86,455.16,2025-06
ORD103767,2025-04-20,CUST1617,Books,Python Programming,West,Mobile App,UPI,5,584.28,0.2,2921.3999999999996,581.71,2025-04
ORD103768,2025-07-31,CUST1991,Home & Kitchen,Air Fryer,South,Website,Credit Card,1,5146.11,0.05,5146.11,1002.66,2025-07
ORD103769,2025-06-24,CUST1428,Electronics,Smart Watch,North,Website,UPI,2,3055.63,0.1,6111.26,923.56,2025-06
ORD103770,2025-03-06,CUST1174,Beauty,Sunscreen,West,Mobile App,UPI,3,662.57,0.1,1987.71,512.62,2025-03
ORD103771,2025-11-20,CUST1725,Fashion,Cotton T-Shirt,North,Mobile App,Debit Card,1,734.13,0.0,734.13,203.79,2025-11
ORD103772,2025-12-29,CUST1262,Fashion,Backpack,Central,Mobile App,UPI,2,1388.24,0.0,2776.48,823.05,2025-12
ORD103773,2025-05-06,CUST1077,Books,Business Management,East,Mobile App,UPI,1,544.02,0.15,544.02,134.2,2025-05
ORD103774,2025-09-09,CUST1744,Books,Machine Learning Basics,South,Marketplace,Cash on Delivery,4,838.25,0.1,3353.0,735.39,2025-09
ORD103775,2025-06-19,CUST1221,Electronics,Power Bank,West,Mobile App,Debit Card,5,1090.2,0.1,5451.0,801.87,2025-06
ORD103776,2025-10-05,CUST1646,Home & Kitchen,Mixer Grinder,Central,Marketplace,UPI,1,3690.83,0.0,3690.83,690.03,2025-10
ORD103777,2025-04-01,CUST1100,Home & Kitchen,Air Fryer,East,Website,UPI,1,5242.34,0.1,5242.34,972.31,2025-04
ORD103778,2025-01-25,CUST1291,Home & Kitchen,Electric Kettle,East,Website,Credit Card,1,1518.75,0.1,1518.75,296.26,2025-01
ORD103779,2025-07-19,CUST1075,Fashion,Cotton T-Shirt,Central,Mobile App,Credit Card,2,763.38,0.15,1526.76,359.57,2025-07
ORD103780,2025-05-27,CUST1316,Beauty,Face Wash,East,Mobile App,Debit Card,2,374.5,0.05,749.0,192.93,2025-05
ORD103781,2025-03-21,CUST1518,Home & Kitchen,Electric Kettle,West,Website,Credit Card,4,1757.17,0.0,7028.68,1519.9,2025-03
ORD103782,2025-08-16,CUST1919,Home & Kitchen,Non-Stick Pan,North,Website,UPI,2,1423.01,0.05,2846.02,525.0,2025-08
ORD103783,2025-08-18,CUST1267,Fashion,Casual Shirt,South,Marketplace,UPI,1,1302.25,0.15,1302.25,333.56,2025-08
ORD103784,2025-03-26,CUST1662,Fashion,Running Shoes,North,Marketplace,Credit Card,1,2438.67,0.1,2438.67,539.68,2025-03
ORD103785,2025-08-09,CUST1520,Electronics,USB-C Hub,Central,Marketplace,Credit Card,2,1289.69,0.05,2579.38,293.49,2025-08
ORD103786,2025-07-02,CUST1676,Books,Python Programming,Central,Mobile App,UPI,2,610.64,0.1,1221.28,285.07,2025-07
ORD103787,2025-06-19,CUST2121,Home & Kitchen,Air Fryer,South,Mobile App,UPI,2,5325.41,0.15,10650.82,1612.25,2025-06
ORD103788,2025-06-12,CUST1552,Electronics,Bluetooth Speaker,East,Website,Credit Card,1,1692.96,0.0,1692.96,242.71,2025-06
ORD103789,2025-08-03,CUST1217,Electronics,Bluetooth Speaker,North,Website,UPI,2,1756.23,0.0,3512.46,549.53,2025-08
ORD103790,2025-03-17,CUST1564,Books,Machine Learning Basics,South,Mobile App,Net Banking,2,952.49,0.1,1904.98,365.55,2025-03
ORD103791,2025-10-12,CUST1932,Books,Data Analytics Guide,East,Website,Debit Card,1,755.39,0.15,755.39,195.72,2025-10
ORD103792,2025-04-06,CUST1334,Electronics,Bluetooth Speaker,Central,Marketplace,Debit Card,2,1707.06,0.0,3414.12,572.14,2025-04
ORD103793,2025-09-17,CUST1332,Beauty,Sunscreen,Central,Website,UPI,5,689.41,0.05,3447.0499999999997,1014.86,2025-09
ORD103794,2025-07-16,CUST1581,Books,Python Programming,North,Website,UPI,1,558.02,0.25,558.02,95.41,2025-07
ORD103795,2025-05-27,CUST1485,Fashion,Cotton T-Shirt,Central,Mobile App,Credit Card,3,644.49,0.15,1933.47,445.66,2025-05
ORD103796,2025-05-12,CUST1395,Books,Data Analytics Guide,East,Marketplace,Credit Card,3,678.86,0.05,2036.58,545.52,2025-05
ORD103798,2025-03-07,CUST1297,Home & Kitchen,Mixer Grinder,South,Mobile App,Net Banking,3,3768.89,0.1,11306.67,2063.99,2025-03
ORD103799,2025-10-19,CUST1844,Electronics,USB-C Hub,South,Website,UPI,1,1178.21,0.2,1178.21,126.67,2025-10
ORD103800,2025-01-22,CUST2093,Beauty,Perfume,Central,Website,Credit Card,2,1236.94,0.1,2473.88,632.38,2025-01
ORD103801,2025-06-17,CUST1796,Beauty,Face Wash,East,Website,Debit Card,3,393.0,0.15,1179.0,317.56,2025-06
ORD103802,2025-02-09,CUST1907,Fashion,Running Shoes,North,Mobile App,UPI,2,2341.28,0.15,4682.56,1011.25,2025-02
ORD103803,2025-05-04,CUST1167,Electronics,Bluetooth Speaker,South,Website,Debit Card,1,1735.84,0.05,1735.84,260.14,2025-05
ORD103804,2025-06-17,CUST1264,Home & Kitchen,Electric Kettle,South,Website,UPI,5,1657.42,0.2,8287.1,1297.41,2025-06
ORD103805,2025-08-17,CUST1317,Beauty,Moisturizer,South,Website,Debit Card,1,641.21,0.15,641.21,172.5,2025-08
ORD103806,2025-02-07,CUST1413,Beauty,Shampoo,East,Website,UPI,1,538.79,0.2,538.79,144.85,2025-02
ORD103807,2025-07-01,CUST1548,Books,Python Programming,North,Website,Cash on Delivery,2,631.04,0.1,1262.08,243.12,2025-07
ORD103808,2025-08-14,CUST1517,Home & Kitchen,Electric Kettle,North,Website,Cash on Delivery,2,1535.7,0.15,3071.4,614.73,2025-08
ORD103809,2025-03-28,CUST1466,Beauty,Shampoo,West,Website,Credit Card,1,494.83,0.15,494.83,158.9,2025-03
ORD103810,2025-03-22,CUST1872,Beauty,Face Wash,Central,Website,Cash on Delivery,3,362.42,0.05,1087.26,304.84,2025-03
ORD103811,2025-01-17,CUST1135,Electronics,Smart Watch,West,Mobile App,UPI,1,3585.55,0.05,3585.55,583.13,2025-01
ORD103812,2025-04-30,CUST1614,Home & Kitchen,Storage Container Set,East,Marketplace,Credit Card,1,951.31,0.05,951.31,171.22,2025-04
ORD103813,2025-08-24,CUST2044,Fashion,Casual Shirt,Central,Marketplace,Debit Card,1,1143.76,0.0,1143.76,228.66,2025-08
ORD103814,2025-01-21,CUST1714,Home & Kitchen,Mixer Grinder,West,Marketplace,UPI,1,3294.17,0.2,3294.17,608.94,2025-01
ORD103815,2025-01-21,CUST1319,Books,Data Analytics Guide,South,Marketplace,Debit Card,3,737.13,0.05,2211.39,553.44,2025-01
ORD103816,2025-07-19,CUST1968,Home & Kitchen,Electric Kettle,South,Website,UPI,1,1689.07,0.1,1689.07,287.14,2025-07
ORD103817,2025-09-15,CUST1353,Books,Business Management,East,Website,Credit Card,1,509.29,0.05,509.29,132.09,2025-09
ORD103818,2025-08-05,CUST1228,Fashion,Cotton T-Shirt,Central,Website,UPI,2,676.81,0.15,1353.62,326.89,2025-08
ORD103819,2025-02-03,CUST1568,Fashion,Denim Jeans,Central,Website,UPI,1,1605.48,0.0,1605.48,473.6,2025-02
ORD103820,2025-06-23,CUST1625,Fashion,Denim Jeans,Central,Website,Debit Card,1,1595.48,0.05,1595.48,467.28,2025-06
ORD103821,2025-07-26,CUST1283,Electronics,Bluetooth Speaker,North,Website,Credit Card,1,1760.33,0.1,1760.33,237.2,2025-07
ORD103822,2025-08-08,CUST1941,Home & Kitchen,Mixer Grinder,South,Website,Debit Card,1,3705.37,0.15,3705.37,475.61,2025-08
ORD103823,2025-10-19,CUST1895,Fashion,Casual Shirt,Central,Mobile App,Cash on Delivery,1,1176.39,0.0,1176.39,378.62,2025-10
ORD103824,2025-02-12,CUST1531,Home & Kitchen,Non-Stick Pan,North,Marketplace,UPI,1,1295.28,0.0,1295.28,278.84,2025-02
ORD103825,2025-03-04,CUST1412,Home & Kitchen,Mixer Grinder,South,Website,Credit Card,1,3636.48,0.1,3636.48,670.62,2025-03
ORD103826,2025-04-29,CUST1478,Books,Business Management,West,Marketplace,Cash on Delivery,3,477.75,0.0,1433.25,402.47,2025-04
ORD103827,2025-01-06,CUST1759,Beauty,Face Wash,West,Mobile App,Debit Card,3,412.07,0.15,1236.21,334.96,2025-01
ORD103828,2025-11-06,CUST1113,Electronics,Wireless Headphones,South,Mobile App,Credit Card,2,2341.97,0.0,4683.94,924.0,2025-11
ORD103829,2025-07-18,CUST1687,Books,Business Management,Central,Website,Debit Card,1,532.1,0.05,532.1,143.3,2025-07
ORD103830,2025-11-22,CUST1699,Electronics,Wireless Headphones,North,Website,UPI,4,2388.83,0.05,9555.32,1361.2,2025-11
ORD103831,2025-08-22,CUST1029,Electronics,Smart Watch,Central,Mobile App,Debit Card,3,3039.0,0.25,9117.0,1169.27,2025-08
ORD103832,2025-08-02,CUST1026,Home & Kitchen,Mixer Grinder,South,Mobile App,Debit Card,1,3200.44,0.0,3200.44,576.84,2025-08
ORD103833,2025-10-05,CUST1999,Fashion,Casual Shirt,South,Website,Cash on Delivery,2,1083.86,0.05,2167.72,589.47,2025-10
ORD103834,2025-08-28,CUST1665,Beauty,Shampoo,North,Website,Debit Card,2,500.48,0.15,1000.96,264.82,2025-08
ORD103835,2025-03-12,CUST1214,Electronics,Power Bank,South,Mobile App,UPI,1,1080.96,0.1,1080.96,185.04,2025-03
ORD103836,2025-04-12,CUST1010,Home & Kitchen,Electric Kettle,North,Website,UPI,2,1518.61,0.1,3037.22,507.1,2025-04
ORD103837,2025-10-06,CUST1395,Home & Kitchen,Air Fryer,West,Website,UPI,3,4987.38,0.15,14962.14,2888.33,2025-10
ORD103838,2025-02-20,CUST1892,Home & Kitchen,Air Fryer,Central,Website,Credit Card,5,5045.37,0.1,25226.85,4484.15,2025-02
ORD103839,2025-04-03,CUST1071,Books,Data Analytics Guide,East,Website,Cash on Delivery,1,786.68,0.0,786.68,173.75,2025-04
ORD103840,2025-10-28,CUST1926,Books,Python Programming,Central,Website,UPI,1,644.05,0.0,644.05,161.69,2025-10
ORD103841,2025-09-20,CUST1865,Home & Kitchen,Mixer Grinder,North,Mobile App,UPI,2,3771.48,0.1,7542.96,1501.66,2025-09
ORD103842,2025-01-25,CUST1142,Home & Kitchen,Electric Kettle,West,Website,UPI,2,1571.83,0.1,3143.66,737.72,2025-01
ORD103843,2025-11-22,CUST1582,Home & Kitchen,Mixer Grinder,South,Mobile App,Debit Card,1,3416.94,0.0,3416.94,624.04,2025-11
ORD103844,2025-06-04,CUST1207,Fashion,Casual Shirt,Central,Marketplace,Credit Card,1,1296.67,0.1,1296.67,319.7,2025-06
ORD103845,2025-10-30,CUST1338,Electronics,Power Bank,South,Website,Credit Card,1,933.95,0.05,933.95,124.92,2025-10
ORD103846,2025-10-20,CUST1381,Home & Kitchen,Air Fryer,South,Website,Credit Card,4,4660.73,0.15,18642.92,3310.87,2025-10
ORD103847,2025-01-30,CUST2027,Fashion,Running Shoes,North,Mobile App,Credit Card,1,2126.1,0.15,2126.1,518.56,2025-01
ORD103848,2025-01-27,CUST1071,Fashion,Backpack,South,Mobile App,UPI,2,1490.9,0.05,2981.8,771.13,2025-01
ORD103849,2025-11-19,CUST1513,Electronics,USB-C Hub,North,Website,Credit Card,1,1360.09,0.2,1360.09,214.0,2025-11
ORD103850,2025-08-15,CUST1948,Home & Kitchen,Storage Container Set,West,Marketplace,Debit Card,4,967.54,0.1,3870.16,609.71,2025-08
ORD103851,2025-09-04,CUST1035,Books,Python Programming,South,Website,Debit Card,1,654.73,0.05,654.73,177.41,2025-09
ORD103852,2025-06-20,CUST1974,Electronics,Wireless Headphones,East,Mobile App,UPI,1,2610.99,0.05,2610.99,378.88,2025-06
ORD103853,2025-12-14,CUST2122,Electronics,Bluetooth Speaker,South,Mobile App,UPI,1,1926.18,0.1,1926.18,343.25,2025-12
ORD103854,2025-01-02,CUST1258,Home & Kitchen,Electric Kettle,East,Website,UPI,1,1751.89,0.05,1751.89,359.93,2025-01
ORD103855,2025-02-19,CUST1907,Electronics,Smart Watch,North,Website,UPI,1,3601.29,0.15,3601.29,477.41,2025-02
ORD103856,2025-09-25,CUST1215,Fashion,Denim Jeans,West,Website,Cash on Delivery,5,1438.55,0.15,7192.75,1590.68,2025-09
ORD103857,2025-02-16,CUST1025,Electronics,Wireless Headphones,Central,Website,Credit Card,2,2273.37,0.15,4546.74,667.43,2025-02
ORD103858,2025-08-08,CUST1906,Books,Fiction Novel,West,Website,Debit Card,2,429.98,0.2,859.96,173.94,2025-08
ORD103859,2025-04-02,CUST1960,Books,Business Management,Central,Marketplace,Cash on Delivery,1,510.1,0.15,510.1,98.71,2025-04
ORD103860,2025-10-11,CUST1036,Fashion,Denim Jeans,Central,Website,Cash on Delivery,1,1366.4,0.0,1366.4,401.19,2025-10
ORD103861,2025-09-03,CUST1992,Electronics,USB-C Hub,East,Website,UPI,1,1282.83,0.05,1282.83,168.89,2025-09
ORD103862,2025-09-10,CUST1258,Books,Machine Learning Basics,West,Mobile App,UPI,3,844.29,0.15,2532.87,480.84,2025-09
ORD103863,2025-11-11,CUST1619,Electronics,Wireless Headphones,East,Mobile App,Credit Card,1,2410.31,0.1,2410.31,363.12,2025-11
ORD103864,2025-12-19,CUST1153,Electronics,Power Bank,North,Website,Credit Card,3,1084.51,0.05,3253.5299999999997,464.92,2025-12
ORD103865,2025-03-21,CUST1288,Home & Kitchen,Storage Container Set,South,Website,UPI,2,829.04,0.0,1658.08,329.62,2025-03
ORD103866,2025-03-18,CUST1315,Fashion,Casual Shirt,East,Website,Cash on Delivery,1,1153.85,0.0,1153.85,313.81,2025-03
ORD103867,2025-06-28,CUST1061,Books,Fiction Novel,Central,Marketplace,Credit Card,1,380.8,0.15,380.8,65.04,2025-06
ORD103868,2025-09-11,CUST2173,Electronics,USB-C Hub,Unknown,Website,UPI,2,1329.03,0.05,2658.06,417.23,2025-09
ORD103869,2025-02-05,CUST1920,Fashion,Casual Shirt,Central,Marketplace,Credit Card,2,1226.53,0.15,2453.06,551.42,2025-02
ORD103870,2025-09-30,CUST1693,Electronics,Bluetooth Speaker,East,Marketplace,UPI,2,1652.0,0.15,3304.0,510.03,2025-09
ORD103871,2025-07-04,CUST1307,Electronics,Bluetooth Speaker,South,Marketplace,Credit Card,1,1659.67,0.05,1659.67,235.49,2025-07
ORD103872,2025-12-26,CUST1408,Fashion,Casual Shirt,North,Website,UPI,1,1079.34,0.0,1079.34,304.52,2025-12
ORD103873,2025-11-01,CUST1229,Beauty,Moisturizer,East,Mobile App,Cash on Delivery,2,633.05,0.1,1266.1,323.51,2025-11
ORD103874,2025-04-26,CUST2016,Books,Fiction Novel,Central,Website,Credit Card,5,411.89,0.2,2059.45,445.04,2025-04
ORD103875,2025-03-14,CUST1518,Fashion,Backpack,North,Mobile App,Net Banking,1,1423.66,0.1,1423.66,382.76,2025-03
ORD103876,2025-08-04,CUST2072,Beauty,Perfume,North,Mobile App,UPI,1,1249.24,0.05,1249.24,432.56,2025-08
ORD103877,2025-05-22,CUST1758,Fashion,Cotton T-Shirt,South,Website,Cash on Delivery,1,741.1,0.2,741.1,171.91,2025-05
ORD103878,2025-05-10,CUST1966,Beauty,Moisturizer,West,Mobile App,Credit Card,1,576.95,0.05,576.95,177.91,2025-05
ORD103879,2025-08-31,CUST1294,Books,Fiction Novel,East,Mobile App,Cash on Delivery,3,374.31,0.05,1122.93,258.33,2025-08
ORD103880,2025-02-01,CUST1397,Electronics,Bluetooth Speaker,North,Website,Debit Card,2,1620.36,0.1,3240.72,420.39,2025-02
ORD103881,2025-12-02,CUST2052,Fashion,Denim Jeans,North,Website,Debit Card,2,1475.82,0.05,2951.64,787.07,2025-12
ORD103882,2025-09-02,CUST1079,Electronics,Smart Watch,Central,Marketplace,Net Banking,1,3301.79,0.1,3301.79,579.1,2025-09
ORD103883,2025-05-24,CUST1314,Home & Kitchen,Air Fryer,East,Website,Cash on Delivery,1,5056.35,0.0,5056.35,920.9,2025-05
ORD103884,2025-06-20,CUST1275,Electronics,Smart Watch,West,Mobile App,Cash on Delivery,2,3191.4,0.25,6382.8,828.56,2025-06
ORD103885,2025-09-10,CUST1232,Home & Kitchen,Electric Kettle,South,Website,UPI,1,1730.31,0.1,1730.31,295.37,2025-09
ORD103886,2025-06-21,CUST1759,Fashion,Cotton T-Shirt,East,Website,UPI,1,652.32,0.1,652.32,188.39,2025-06
ORD103887,2025-07-21,CUST1365,Books,Business Management,West,Website,UPI,1,506.27,0.1,506.27,114.25,2025-07
ORD103888,2025-04-21,CUST1646,Books,Business Management,Central,Website,Credit Card,1,517.46,0.05,517.46,131.17,2025-04
ORD103889,2025-11-18,CUST2081,Beauty,Sunscreen,West,Website,Debit Card,2,689.11,0.1,1378.22,420.01,2025-11
ORD103890,2025-08-22,CUST2010,Beauty,Face Wash,Central,Website,Debit Card,4,399.73,0.1,1598.92,474.04,2025-08
ORD103891,2025-02-09,CUST1102,Books,Python Programming,North,Mobile App,Cash on Delivery,3,545.93,0.05,1637.79,405.24,2025-02
ORD103892,2025-12-06,CUST1505,Books,Machine Learning Basics,East,Marketplace,UPI,3,932.17,0.05,2796.5099999999998,645.24,2025-12
ORD103893,2025-02-03,CUST1497,Electronics,Wireless Headphones,West,Mobile App,Net Banking,1,2640.88,0.1,2640.88,326.49,2025-02
ORD103894,2025-01-01,CUST1287,Beauty,Perfume,Central,Mobile App,UPI,3,1401.72,0.05,4205.16,1068.03,2025-01
ORD103895,2025-05-08,CUST1697,Home & Kitchen,Non-Stick Pan,West,Website,UPI,2,1268.35,0.2,2536.7,422.33,2025-05
ORD103896,2025-09-26,CUST1045,Home & Kitchen,Air Fryer,North,Website,UPI,1,4769.01,0.0,4769.01,924.82,2025-09
ORD103897,2025-05-16,CUST1030,Books,Data Analytics Guide,South,Website,Credit Card,1,720.41,0.05,720.41,164.87,2025-05
ORD103898,2025-02-08,CUST1980,Books,Business Management,East,Mobile App,Credit Card,4,496.9,0.25,1987.6,425.83,2025-02
ORD103899,2025-05-23,CUST2114,Electronics,Smart Watch,East,Mobile App,Cash on Delivery,1,3010.62,0.1,3010.62,402.17,2025-05
ORD103900,2025-09-02,CUST2114,Fashion,Denim Jeans,West,Website,Debit Card,1,1472.13,0.1,1472.13,364.16,2025-09
ORD103901,2025-01-31,CUST1458,Electronics,Bluetooth Speaker,East,Website,UPI,1,1691.5,0.05,1691.5,307.74,2025-01
ORD103902,2025-08-25,CUST2013,Fashion,Backpack,North,Website,UPI,2,1538.34,0.1,3076.68,801.93,2025-08
ORD103903,2025-06-15,CUST1809,Electronics,USB-C Hub,Central,Website,Debit Card,1,1401.08,0.2,1401.08,167.12,2025-06
ORD103904,2025-07-26,CUST1960,Home & Kitchen,Air Fryer,East,Website,Credit Card,1,4923.98,0.0,4923.98,750.53,2025-07
ORD103905,2025-08-06,CUST1482,Books,Data Analytics Guide,Central,Marketplace,Credit Card,3,803.48,0.0,2410.44,582.96,2025-08
ORD103906,2025-06-03,CUST1259,Books,Fiction Novel,East,Mobile App,Credit Card,1,426.71,0.1,426.71,88.94,2025-06
ORD103907,2025-09-26,CUST2174,Fashion,Backpack,West,Marketplace,Credit Card,2,1401.11,0.0,2802.22,858.31,2025-09
ORD103908,2025-04-29,CUST1242,Fashion,Casual Shirt,East,Mobile App,UPI,1,1131.25,0.05,1131.25,292.12,2025-04
ORD103909,2025-02-11,CUST1213,Beauty,Moisturizer,North,Website,UPI,2,603.89,0.05,1207.78,379.44,2025-02
ORD103910,2025-12-20,CUST1235,Books,Fiction Novel,South,Website,Debit Card,1,387.64,0.0,387.64,112.48,2025-12
ORD103911,2025-12-07,CUST2076,Electronics,Smart Watch,South,Marketplace,Credit Card,2,3545.31,0.0,7090.62,956.76,2025-12
ORD103912,2025-06-13,CUST1377,Books,Machine Learning Basics,East,Website,Net Banking,2,832.94,0.0,1665.88,396.5,2025-06
ORD103913,2025-02-10,CUST1643,Home & Kitchen,Air Fryer,West,Website,UPI,1,4544.32,0.1,4544.32,768.02,2025-02
ORD103914,2025-01-05,CUST1832,Fashion,Denim Jeans,East,Mobile App,Credit Card,2,1641.27,0.0,3282.54,868.66,2025-01
ORD103915,2025-02-26,CUST1644,Home & Kitchen,Storage Container Set,Central,Website,UPI,1,818.78,0.05,818.78,156.87,2025-02
ORD103916,2025-12-25,CUST1086,Books,Fiction Novel,Central,Website,UPI,1,383.55,0.25,383.55,77.49,2025-12
ORD103917,2025-09-07,CUST2152,Home & Kitchen,Electric Kettle,East,Mobile App,Debit Card,2,1566.82,0.05,3133.64,625.98,2025-09
ORD103918,2025-03-16,CUST1920,Electronics,USB-C Hub,Central,Marketplace,Debit Card,3,1349.25,0.2,4047.75,550.83,2025-03
ORD103919,2025-10-21,CUST1130,Home & Kitchen,Non-Stick Pan,Central,Website,Cash on Delivery,1,1409.22,0.0,1409.22,317.91,2025-10
ORD103920,2025-06-23,CUST1809,Home & Kitchen,Air Fryer,North,Website,UPI,2,4921.37,0.1,9842.74,1820.45,2025-06
ORD103921,2025-10-24,CUST1775,Electronics,USB-C Hub,North,Mobile App,Credit Card,2,1207.09,0.15,2414.18,363.63,2025-10
ORD103922,2025-06-15,CUST1368,Home & Kitchen,Electric Kettle,East,Marketplace,Net Banking,2,1465.88,0.05,2931.76,542.57,2025-06
ORD103923,2025-01-07,CUST1452,Electronics,Power Bank,Central,Website,UPI,2,1069.05,0.15,2138.1,271.35,2025-01
ORD103924,2025-08-20,CUST1670,Home & Kitchen,Air Fryer,East,Website,Debit Card,3,4643.0,0.05,13929.0,2343.65,2025-08
ORD103925,2025-09-22,CUST2053,Beauty,Shampoo,North,Website,Debit Card,1,478.97,0.05,478.97,151.77,2025-09
ORD103926,2025-11-02,CUST1708,Books,Python Programming,East,Mobile App,Credit Card,4,619.44,0.0,2477.76,588.78,2025-11
ORD103927,2025-02-06,CUST1296,Fashion,Casual Shirt,East,Website,Credit Card,1,1200.74,0.05,1200.74,330.21,2025-02
ORD103928,2025-10-10,CUST1999,Fashion,Casual Shirt,East,Mobile App,Debit Card,1,1107.15,0.2,1107.15,241.36,2025-10
ORD103929,2025-04-13,CUST1548,Electronics,Bluetooth Speaker,West,Mobile App,UPI,1,1948.83,0.05,1948.83,317.85,2025-04
ORD103930,2025-08-01,CUST1600,Electronics,Wireless Headphones,Central,Mobile App,UPI,1,2359.34,0.1,2359.34,293.12,2025-08
ORD103931,2025-08-16,CUST1408,Fashion,Cotton T-Shirt,East,Marketplace,Cash on Delivery,1,719.34,0.15,719.34,169.22,2025-08
ORD103932,2025-04-04,CUST1931,Home & Kitchen,Electric Kettle,Central,Mobile App,Cash on Delivery,1,1584.31,0.05,1584.31,332.32,2025-04
ORD103933,2025-03-21,CUST1210,Home & Kitchen,Storage Container Set,North,Website,Credit Card,2,960.45,0.0,1920.9,387.67,2025-03
ORD103934,2025-05-11,CUST1644,Beauty,Sunscreen,East,Marketplace,Credit Card,1,758.92,0.05,758.92,249.58,2025-05
ORD103935,2025-06-24,CUST2152,Beauty,Shampoo,North,Website,Debit Card,1,526.73,0.0,526.73,168.41,2025-06
ORD103936,2025-04-14,CUST1175,Books,Business Management,South,Website,UPI,1,506.03,0.15,506.03,114.72,2025-04
ORD103937,2025-11-30,CUST1842,Books,Machine Learning Basics,East,Website,UPI,2,873.59,0.0,1747.18,484.01,2025-11
ORD103938,2025-07-05,CUST1461,Fashion,Running Shoes,Central,Marketplace,Cash on Delivery,4,2086.43,0.1,8345.72,1877.81,2025-07
ORD103939,2025-12-07,CUST1977,Home & Kitchen,Air Fryer,East,Website,UPI,1,4974.32,0.1,4974.32,931.51,2025-12
ORD103940,2025-02-03,CUST1060,Beauty,Perfume,Central,Mobile App,UPI,1,1237.85,0.1,1237.85,349.17,2025-02
ORD103941,2025-11-16,CUST2029,Fashion,Cotton T-Shirt,South,Mobile App,Credit Card,2,654.05,0.0,1308.1,372.95,2025-11
ORD103942,2025-09-29,CUST2165,Books,Fiction Novel,Central,Website,UPI,1,431.83,0.2,431.83,83.83,2025-09
ORD103943,2025-03-06,CUST1202,Beauty,Sunscreen,South,Website,Credit Card,2,642.49,0.1,1284.98,372.17,2025-03
ORD103944,2025-05-21,CUST2037,Books,Machine Learning Basics,North,Mobile App,Debit Card,1,937.2,0.15,937.2,202.04,2025-05
ORD103945,2025-08-25,CUST1499,Home & Kitchen,Storage Container Set,Central,Marketplace,Cash on Delivery,3,886.56,0.1,2659.68,595.47,2025-08
ORD103946,2025-05-09,CUST1211,Books,Python Programming,East,Marketplace,Cash on Delivery,1,574.39,0.0,574.39,134.21,2025-05
ORD103947,2025-11-19,CUST1010,Electronics,Power Bank,Central,Marketplace,Credit Card,5,1062.11,0.05,5310.549999999999,936.96,2025-11
ORD103948,2025-09-20,CUST1670,Fashion,Cotton T-Shirt,North,Marketplace,UPI,2,707.07,0.1,1414.14,364.93,2025-09
ORD103949,2025-06-13,CUST1388,Electronics,USB-C Hub,East,Mobile App,UPI,2,1362.51,0.05,2725.02,460.3,2025-06
ORD103950,2025-09-02,CUST2116,Home & Kitchen,Non-Stick Pan,West,Marketplace,UPI,5,1345.63,0.05,6728.150000000001,1140.29,2025-09
ORD103951,2025-12-02,CUST1144,Electronics,Smart Watch,West,Mobile App,Debit Card,1,3596.43,0.05,3596.43,528.48,2025-12
ORD103952,2025-10-18,CUST1353,Electronics,Power Bank,South,Website,UPI,1,1068.78,0.05,1068.78,153.14,2025-10
ORD103953,2025-10-05,CUST1135,Electronics,Power Bank,South,Marketplace,Credit Card,2,918.57,0.15,1837.14,135.58,2025-10
ORD103954,2025-12-22,CUST1777,Home & Kitchen,Air Fryer,East,Mobile App,Cash on Delivery,1,5299.4,0.0,5299.4,1097.31,2025-12
ORD103955,2025-08-01,CUST1148,Fashion,Backpack,West,Marketplace,Credit Card,2,1454.32,0.1,2908.64,733.22,2025-08
ORD103956,2025-09-12,CUST1390,Electronics,Wireless Headphones,North,Website,Credit Card,1,2443.62,0.2,2443.62,351.91,2025-09
ORD103957,2025-07-31,CUST1770,Books,Data Analytics Guide,North,Website,UPI,1,705.75,0.0,705.75,194.56,2025-07
ORD103958,2025-09-08,CUST1736,Electronics,USB-C Hub,East,Mobile App,Credit Card,3,1180.24,0.1,3540.7200000000003,487.85,2025-09
ORD103959,2025-04-23,CUST1563,Beauty,Perfume,East,Website,Debit Card,1,1291.22,0.25,1291.22,286.73,2025-04
ORD103960,2025-10-31,CUST1245,Fashion,Backpack,South,Mobile App,UPI,1,1378.52,0.0,1378.52,320.48,2025-10
ORD103961,2025-07-29,CUST1951,Electronics,Smart Watch,North,Marketplace,Debit Card,2,3155.12,0.0,6310.24,824.51,2025-07
ORD103962,2025-04-17,CUST1797,Electronics,USB-C Hub,Central,Mobile App,Debit Card,1,1206.21,0.0,1206.21,210.1,2025-04
ORD103963,2025-10-26,CUST1479,Electronics,Wireless Headphones,South,Website,Debit Card,1,2694.57,0.05,2694.57,409.72,2025-10
ORD103964,2025-07-25,CUST2048,Fashion,Backpack,North,Website,UPI,3,1339.35,0.0,4018.0499999999997,993.55,2025-07
ORD103965,2025-02-13,CUST2099,Beauty,Shampoo,West,Website,Debit Card,1,518.05,0.15,518.05,144.65,2025-02
ORD103966,2025-03-05,CUST1417,Books,Fiction Novel,South,Website,UPI,1,386.53,0.1,386.53,90.12,2025-03
ORD103967,2025-10-04,CUST1931,Electronics,Smart Watch,South,Mobile App,Cash on Delivery,2,3357.76,0.1,6715.52,946.79,2025-10
ORD103968,2025-08-14,CUST1397,Beauty,Moisturizer,West,Mobile App,UPI,5,633.96,0.25,3169.8,683.22,2025-08
ORD103969,2025-03-29,CUST2165,Beauty,Perfume,Central,Website,UPI,3,1346.87,0.0,4040.6099999999997,1401.27,2025-03
ORD103970,2025-08-11,CUST1897,Books,Data Analytics Guide,South,Website,Debit Card,2,758.76,0.0,1517.52,470.34,2025-08
ORD103971,2025-10-23,CUST1910,Fashion,Cotton T-Shirt,South,Marketplace,Cash on Delivery,3,698.52,0.1,2095.56,493.02,2025-10
ORD103972,2025-05-18,CUST2016,Fashion,Casual Shirt,West,Marketplace,UPI,2,1096.56,0.15,2193.12,537.6,2025-05
ORD103973,2025-03-03,CUST2191,Books,Python Programming,Central,Mobile App,UPI,3,572.32,0.25,1716.96,295.18,2025-03
ORD103974,2025-09-08,CUST1360,Electronics,Wireless Headphones,Central,Website,Credit Card,3,2639.64,0.25,7918.92,1189.38,2025-09
ORD103975,2025-11-22,CUST1877,Books,Python Programming,East,Marketplace,Debit Card,1,620.85,0.0,620.85,124.4,2025-11
ORD103976,2025-03-23,CUST1228,Home & Kitchen,Electric Kettle,South,Website,Credit Card,4,1616.24,0.05,6464.96,1144.31,2025-03
ORD103977,2025-06-17,CUST1848,Home & Kitchen,Electric Kettle,Central,Mobile App,Debit Card,3,1616.19,0.25,4848.57,671.33,2025-06
ORD103978,2025-06-28,CUST1798,Home & Kitchen,Storage Container Set,North,Mobile App,Debit Card,1,922.51,0.0,922.51,209.12,2025-06
ORD103979,2025-01-20,CUST1359,Home & Kitchen,Air Fryer,North,Website,Net Banking,1,5353.61,0.15,5353.61,982.37,2025-01
ORD103980,2025-01-03,CUST1669,Home & Kitchen,Air Fryer,West,Website,Credit Card,2,5371.65,0.2,10743.3,1528.29,2025-01
ORD103981,2025-09-14,CUST1182,Home & Kitchen,Storage Container Set,North,Website,Debit Card,1,818.86,0.1,818.86,134.22,2025-09
ORD103982,2025-04-17,CUST2163,Electronics,Wireless Headphones,North,Website,UPI,2,2526.33,0.2,5052.66,601.95,2025-04
ORD103983,2025-03-20,CUST1746,Home & Kitchen,Storage Container Set,North,Marketplace,UPI,1,858.65,0.05,858.65,168.24,2025-03
ORD103984,2025-01-20,CUST1578,Beauty,Moisturizer,North,Marketplace,Net Banking,1,655.4,0.25,655.4,152.66,2025-01
ORD103985,2025-02-19,CUST1258,Books,Fiction Novel,West,Marketplace,Debit Card,2,381.03,0.15,762.06,157.87,2025-02
ORD103986,2025-02-25,CUST1624,Home & Kitchen,Mixer Grinder,East,Website,Cash on Delivery,2,3493.9,0.15,6987.8,1125.38,2025-02
ORD103987,2025-03-01,CUST1320,Electronics,USB-C Hub,Central,Mobile App,Credit Card,1,1336.98,0.0,1336.98,204.18,2025-03
ORD103988,2025-08-10,CUST1656,Beauty,Moisturizer,East,Mobile App,UPI,1,567.06,0.05,567.06,149.12,2025-08
ORD103989,2025-10-29,CUST1840,Home & Kitchen,Electric Kettle,East,Mobile App,Credit Card,1,1596.94,0.1,1596.94,259.49,2025-10
ORD103990,2025-04-11,CUST1654,Beauty,Face Wash,West,Mobile App,Cash on Delivery,1,418.75,0.1,418.75,111.72,2025-04
ORD103991,2025-09-03,CUST1758,Beauty,Sunscreen,Central,Mobile App,UPI,3,700.17,0.15,2100.5099999999998,585.94,2025-09
ORD103992,2025-07-08,CUST1962,Fashion,Backpack,East,Website,Net Banking,3,1531.44,0.2,4594.32,1053.45,2025-07
ORD103993,2025-07-10,CUST1617,Beauty,Moisturizer,East,Mobile App,Debit Card,3,643.47,0.0,1930.41,644.7,2025-07
ORD103994,2025-04-10,CUST1600,Home & Kitchen,Electric Kettle,West,Mobile App,UPI,1,1721.35,0.0,1721.35,329.6,2025-04
ORD103995,2025-01-23,CUST1030,Books,Data Analytics Guide,North,Marketplace,Debit Card,1,809.34,0.15,809.34,181.07,2025-01
ORD103996,2025-02-01,CUST1726,Fashion,Running Shoes,North,Website,UPI,1,2417.56,0.05,2417.56,624.52,2025-02
ORD103997,2025-08-02,CUST1934,Home & Kitchen,Air Fryer,Central,Marketplace,Debit Card,2,5330.46,0.0,10660.92,2557.86,2025-08
ORD103998,2025-01-02,CUST1372,Electronics,Wireless Headphones,South,Website,Debit Card,2,2338.51,0.05,4677.02,762.56,2025-01
ORD103999,2025-10-17,CUST2097,Beauty,Face Wash,North,Mobile App,UPI,1,437.86,0.1,437.86,132.03,2025-10
ORD104000,2025-03-02,CUST2119,Home & Kitchen,Mixer Grinder,North,Website,Cash on Delivery,1,3391.29,0.0,3391.29,724.92,2025-03
ORD104001,2025-05-15,CUST1305,Fashion,Cotton T-Shirt,West,Marketplace,Net Banking,1,668.06,0.05,668.06,165.63,2025-05
ORD104002,2025-11-03,CUST2130,Books,Machine Learning Basics,Central,Mobile App,UPI,1,836.65,0.0,836.65,190.96,2025-11
ORD104003,2025-12-31,CUST1614,Fashion,Cotton T-Shirt,West,Website,Credit Card,1,757.15,0.05,757.15,172.07,2025-12
ORD104004,2025-12-07,CUST1900,Beauty,Face Wash,West,Website,UPI,4,411.95,0.1,1647.8,479.77,2025-12
ORD104005,2025-09-30,CUST2197,Beauty,Face Wash,North,Marketplace,Debit Card,1,411.3,0.0,411.3,126.91,2025-09
ORD104006,2025-10-28,CUST2045,Books,Machine Learning Basics,North,Marketplace,Cash on Delivery,3,838.68,0.05,2516.04,664.98,2025-10
ORD104007,2025-02-26,CUST1247,Home & Kitchen,Mixer Grinder,West,Mobile App,UPI,2,3770.54,0.05,7541.08,1477.08,2025-02
ORD104008,2025-06-11,CUST2142,Fashion,Running Shoes,Central,Mobile App,UPI,3,2244.65,0.15,6733.950000000001,1452.49,2025-06
ORD104009,2025-03-22,CUST1172,Electronics,USB-C Hub,West,Mobile App,UPI,3,1395.6,0.15,4186.799999999999,563.37,2025-03
ORD104010,2025-01-12,CUST1418,Fashion,Denim Jeans,East,Mobile App,UPI,1,1599.79,0.05,1599.79,414.82,2025-01
ORD104011,2025-10-10,CUST1741,Electronics,Bluetooth Speaker,North,Mobile App,Cash on Delivery,1,1718.26,0.15,1718.26,237.17,2025-10
ORD104012,2025-05-01,CUST1877,Fashion,Running Shoes,Central,Website,UPI,4,2353.52,0.15,9414.08,1846.28,2025-05
ORD104013,2025-10-03,CUST1418,Books,Python Programming,Central,Mobile App,UPI,1,543.75,0.0,543.75,113.19,2025-10
ORD104014,2025-02-13,CUST1595,Electronics,Wireless Headphones,West,Marketplace,UPI,1,2465.14,0.2,2465.14,369.87,2025-02
ORD104015,2025-12-24,CUST1845,Fashion,Backpack,West,Website,UPI,1,1431.94,0.15,1431.94,329.23,2025-12
ORD104016,2025-07-05,CUST1234,Books,Machine Learning Basics,South,Website,UPI,1,911.58,0.05,911.58,228.63,2025-07
ORD104017,2025-04-25,CUST1004,Books,Business Management,East,Website,UPI,3,507.52,0.15,1522.56,323.95,2025-04
ORD104018,2025-11-02,CUST1259,Books,Machine Learning Basics,East,Website,Debit Card,2,850.32,0.1,1700.64,363.81,2025-11
ORD104019,2025-06-08,CUST1360,Electronics,Bluetooth Speaker,North,Website,Debit Card,1,1770.23,0.0,1770.23,215.97,2025-06
ORD104020,2025-05-01,CUST1192,Electronics,USB-C Hub,West,Website,Net Banking,3,1384.48,0.1,4153.4400000000005,586.58,2025-05
ORD104021,2025-05-17,CUST1162,Home & Kitchen,Mixer Grinder,South,Marketplace,Cash on Delivery,3,3692.28,0.15,11076.84,2105.43,2025-05
ORD104022,2025-03-01,CUST1523,Home & Kitchen,Air Fryer,West,Marketplace,Cash on Delivery,1,4808.78,0.0,4808.78,1010.01,2025-03
ORD104023,2025-10-27,CUST1563,Books,Business Management,Central,Website,Cash on Delivery,1,531.54,0.2,531.54,95.47,2025-10
ORD104024,2025-10-18,CUST1379,Electronics,Power Bank,South,Mobile App,UPI,2,913.85,0.05,1827.7,210.81,2025-10
ORD104025,2025-11-26,CUST1269,Beauty,Moisturizer,West,Website,Net Banking,4,564.46,0.1,2257.84,655.8,2025-11
ORD104026,2025-12-10,CUST1618,Beauty,Moisturizer,South,Mobile App,Net Banking,2,622.35,0.0,1244.7,374.78,2025-12
ORD104027,2025-08-29,CUST1639,Home & Kitchen,Electric Kettle,North,Website,UPI,1,1457.46,0.15,1457.46,214.52,2025-08
ORD104028,2025-09-24,CUST1059,Fashion,Running Shoes,West,Website,Debit Card,2,2264.18,0.05,4528.36,1068.3,2025-09
ORD104029,2025-05-30,CUST1863,Home & Kitchen,Mixer Grinder,Central,Mobile App,UPI,2,3353.4,0.0,6706.8,1450.86,2025-05
ORD104030,2025-10-05,CUST1802,Books,Fiction Novel,North,Mobile App,Credit Card,2,371.19,0.0,742.38,199.84,2025-10
ORD104031,2025-07-16,CUST1737,Beauty,Shampoo,East,Marketplace,Credit Card,3,453.23,0.05,1359.69,481.14,2025-07
ORD104032,2025-05-03,CUST1456,Fashion,Casual Shirt,West,Mobile App,Cash on Delivery,1,1228.75,0.1,1228.75,341.27,2025-05
ORD104033,2025-07-11,CUST1566,Books,Business Management,West,Marketplace,Cash on Delivery,2,540.87,0.1,1081.74,277.54,2025-07
ORD104034,2025-11-28,CUST1035,Beauty,Perfume,South,Website,Net Banking,1,1215.47,0.15,1215.47,307.81,2025-11
ORD104035,2025-12-29,CUST1180,Fashion,Running Shoes,Central,Mobile App,Debit Card,1,2258.6,0.05,2258.6,571.76,2025-12
ORD104036,2025-05-27,CUST1694,Electronics,Power Bank,North,Mobile App,Credit Card,1,1076.74,0.0,1076.74,188.64,2025-05
ORD104037,2025-04-17,CUST1357,Fashion,Cotton T-Shirt,East,Mobile App,UPI,1,650.37,0.25,650.37,112.1,2025-04
ORD104038,2025-05-28,CUST1087,Electronics,Power Bank,East,Mobile App,Credit Card,1,1065.55,0.05,1065.55,187.83,2025-05
ORD104039,2025-01-12,CUST1871,Electronics,Wireless Headphones,North,Website,UPI,1,2488.04,0.1,2488.04,383.78,2025-01
ORD104040,2025-08-30,CUST1908,Fashion,Backpack,East,Website,Debit Card,1,1374.75,0.15,1374.75,381.99,2025-08
ORD104041,2025-12-08,CUST1834,Beauty,Sunscreen,East,Website,Credit Card,2,754.75,0.15,1509.5,409.73,2025-12
ORD104042,2025-09-26,CUST2026,Electronics,USB-C Hub,East,Marketplace,Credit Card,1,1425.6,0.1,1425.6,233.56,2025-09
ORD104043,2025-06-07,CUST1902,Home & Kitchen,Storage Container Set,North,Website,Debit Card,2,814.48,0.1,1628.96,256.62,2025-06
ORD104044,2025-12-24,CUST1376,Beauty,Perfume,South,Website,UPI,1,1345.75,0.05,1345.75,435.39,2025-12
ORD104045,2025-05-17,CUST1775,Books,Business Management,West,Mobile App,Cash on Delivery,1,531.19,0.2,531.19,109.98,2025-05
ORD104046,2025-06-07,CUST2128,Home & Kitchen,Air Fryer,West,Website,Debit Card,2,5348.74,0.05,10697.48,2151.34,2025-06
ORD104047,2025-07-21,CUST1139,Fashion,Backpack,West,Mobile App,Credit Card,2,1404.65,0.05,2809.3,789.35,2025-07
ORD104048,2025-05-11,CUST1154,Electronics,Power Bank,North,Mobile App,UPI,2,1024.69,0.1,2049.38,323.1,2025-05
ORD104049,2025-06-12,CUST1764,Electronics,Smart Watch,East,Website,Cash on Delivery,4,3053.93,0.05,12215.72,1733.85,2025-06
ORD104050,2025-11-19,CUST1589,Home & Kitchen,Air Fryer,West,Mobile App,Credit Card,4,4828.5,0.1,19314.0,3714.6,2025-11
ORD104051,2025-02-11,CUST2053,Electronics,Wireless Headphones,West,Marketplace,UPI,4,2641.57,0.0,10566.28,1393.9,2025-02
ORD104052,2025-01-28,CUST1702,Electronics,Bluetooth Speaker,Central,Website,Net Banking,1,1691.2,0.25,1691.2,178.4,2025-01
ORD104053,2025-07-05,CUST1353,Home & Kitchen,Air Fryer,South,Mobile App,UPI,1,4548.95,0.2,4548.95,567.48,2025-07
ORD104054,2025-02-20,CUST1953,Electronics,Wireless Headphones,South,Marketplace,Debit Card,1,2259.14,0.1,2259.14,351.25,2025-02
ORD104055,2025-09-17,CUST1822,Books,Python Programming,South,Website,Debit Card,3,616.55,0.0,1849.6499999999999,400.33,2025-09
ORD104056,2025-08-02,CUST1186,Books,Machine Learning Basics,West,Website,Cash on Delivery,2,870.46,0.15,1740.92,355.04,2025-08
ORD104057,2025-11-07,CUST1813,Beauty,Sunscreen,East,Marketplace,Net Banking,2,762.06,0.0,1524.12,451.09,2025-11
ORD104058,2025-04-20,CUST1907,Fashion,Backpack,West,Marketplace,UPI,1,1470.8,0.15,1470.8,327.58,2025-04
ORD104059,2025-02-12,CUST2129,Beauty,Shampoo,South,Website,Debit Card,2,510.19,0.1,1020.38,296.39,2025-02
ORD104060,2025-09-03,CUST1509,Beauty,Shampoo,West,Website,UPI,1,493.15,0.0,493.15,161.88,2025-09
ORD104061,2025-05-10,CUST1036,Books,Python Programming,North,Mobile App,UPI,4,583.09,0.25,2332.36,390.53,2025-05
ORD104062,2025-07-14,CUST1868,Books,Fiction Novel,North,Marketplace,UPI,1,380.99,0.05,380.99,87.8,2025-07
ORD104063,2025-05-08,CUST2109,Beauty,Perfume,South,Mobile App,UPI,1,1173.58,0.1,1173.58,345.09,2025-05
ORD104064,2025-05-02,CUST1979,Electronics,Power Bank,North,Website,UPI,2,1007.43,0.1,2014.86,354.96,2025-05
ORD104065,2025-09-24,CUST1676,Books,Fiction Novel,North,Mobile App,UPI,2,384.52,0.05,769.04,208.04,2025-09
ORD104066,2025-12-09,CUST1361,Fashion,Backpack,East,Website,Credit Card,2,1439.98,0.0,2879.96,765.04,2025-12
ORD104067,2025-05-03,CUST1132,Home & Kitchen,Non-Stick Pan,West,Marketplace,Debit Card,1,1234.75,0.0,1234.75,187.65,2025-05
ORD104068,2025-05-11,CUST1713,Fashion,Casual Shirt,Central,Mobile App,Cash on Delivery,1,1171.2,0.05,1171.2,276.79,2025-05
ORD104069,2025-11-21,CUST1391,Electronics,Smart Watch,West,Website,UPI,3,3272.91,0.05,9818.73,1426.14,2025-11
ORD104070,2025-04-28,CUST1625,Home & Kitchen,Air Fryer,North,Website,UPI,2,4917.24,0.2,9834.48,1827.01,2025-04
ORD104071,2025-03-27,CUST1647,Beauty,Sunscreen,Central,Mobile App,UPI,1,723.46,0.05,723.46,224.38,2025-03
ORD104072,2025-09-13,CUST1356,Books,Fiction Novel,South,Marketplace,UPI,2,431.32,0.1,862.64,206.44,2025-09
ORD104073,2025-08-25,CUST1325,Home & Kitchen,Non-Stick Pan,North,Marketplace,Net Banking,1,1192.47,0.0,1192.47,249.84,2025-08
ORD104074,2025-04-02,CUST1807,Fashion,Denim Jeans,South,Marketplace,Debit Card,2,1524.45,0.1,3048.9,731.24,2025-04
ORD104075,2025-12-31,CUST1385,Home & Kitchen,Mixer Grinder,North,Mobile App,UPI,1,3424.92,0.15,3424.92,608.01,2025-12
ORD104076,2025-10-22,CUST1757,Books,Business Management,West,Marketplace,Credit Card,2,480.6,0.2,961.2,196.07,2025-10
ORD104077,2025-11-14,CUST1502,Books,Fiction Novel,North,Website,UPI,1,373.81,0.05,373.81,83.38,2025-11
ORD104078,2025-11-16,CUST2162,Home & Kitchen,Non-Stick Pan,East,Website,UPI,1,1409.68,0.0,1409.68,278.34,2025-11
ORD104079,2025-04-02,CUST2101,Fashion,Casual Shirt,West,Mobile App,Credit Card,1,1093.98,0.05,1093.98,260.34,2025-04
ORD104080,2025-05-08,CUST1117,Books,Data Analytics Guide,East,Website,Cash on Delivery,3,798.98,0.2,2396.94,500.12,2025-05
ORD104081,2025-09-27,CUST1922,Electronics,Smart Watch,West,Website,Cash on Delivery,1,2995.36,0.05,2995.36,439.72,2025-09
ORD104082,2025-02-18,CUST1145,Electronics,Bluetooth Speaker,Central,Website,Debit Card,3,1965.07,0.0,5895.21,820.57,2025-02
ORD104083,2025-12-31,CUST1203,Fashion,Cotton T-Shirt,East,Mobile App,Credit Card,1,735.41,0.25,735.41,165.27,2025-12
ORD104084,2025-08-20,CUST1695,Home & Kitchen,Air Fryer,East,Website,Credit Card,1,5042.73,0.1,5042.73,1011.42,2025-08
ORD104085,2025-05-30,CUST1330,Beauty,Perfume,West,Mobile App,UPI,4,1425.18,0.0,5700.72,1691.61,2025-05
ORD104086,2025-12-08,CUST1686,Home & Kitchen,Non-Stick Pan,North,Marketplace,Credit Card,1,1301.85,0.05,1301.85,276.43,2025-12
ORD104087,2025-02-12,CUST2160,Electronics,Power Bank,South,Mobile App,Cash on Delivery,1,1085.85,0.1,1085.85,151.38,2025-02
ORD104088,2025-05-04,CUST1821,Beauty,Sunscreen,West,Website,UPI,1,703.65,0.2,703.65,168.77,2025-05
ORD104089,2025-03-17,CUST1717,Electronics,Bluetooth Speaker,South,Website,UPI,5,1785.8,0.15,8929.0,1068.2,2025-03
ORD104090,2025-01-26,CUST1437,Beauty,Shampoo,East,Website,UPI,3,498.89,0.05,1496.67,456.13,2025-01
ORD104091,2025-11-24,CUST1111,Fashion,Cotton T-Shirt,North,Marketplace,Debit Card,2,768.56,0.2,1537.12,379.49,2025-11
ORD104092,2025-03-18,CUST1203,Electronics,Smart Watch,East,Website,UPI,1,3341.08,0.05,3341.08,586.79,2025-03
ORD104093,2025-06-28,CUST1083,Fashion,Running Shoes,North,Marketplace,UPI,2,2521.79,0.05,5043.58,1532.11,2025-06
ORD104094,2025-06-01,CUST2080,Electronics,Smart Watch,South,Mobile App,Net Banking,1,3054.96,0.05,3054.96,640.26,2025-06
ORD104095,2025-11-05,CUST1331,Books,Business Management,Central,Marketplace,UPI,1,459.33,0.1,459.33,93.96,2025-11
ORD104096,2025-07-03,CUST1169,Fashion,Running Shoes,North,Mobile App,UPI,1,2282.39,0.25,2282.39,529.61,2025-07
ORD104097,2025-09-16,CUST1799,Books,Machine Learning Basics,West,Mobile App,Net Banking,2,812.45,0.0,1624.9,396.85,2025-09
ORD104098,2025-03-07,CUST1120,Electronics,Wireless Headphones,Central,Mobile App,UPI,2,2527.92,0.2,5055.84,793.14,2025-03
ORD104099,2025-08-17,CUST1990,Home & Kitchen,Electric Kettle,North,Marketplace,UPI,2,1635.93,0.0,3271.86,702.25,2025-08
ORD104100,2025-05-14,CUST1011,Books,Fiction Novel,East,Mobile App,UPI,2,362.7,0.15,725.4,148.76,2025-05
ORD104101,2025-11-26,CUST1138,Fashion,Cotton T-Shirt,Central,Mobile App,UPI,2,756.37,0.15,1512.74,359.65,2025-11
ORD104102,2025-02-14,CUST1380,Home & Kitchen,Mixer Grinder,North,Mobile App,Credit Card,1,3814.24,0.25,3814.24,455.96,2025-02
ORD104103,2025-01-09,CUST1239,Beauty,Face Wash,Central,Mobile App,Credit Card,2,377.96,0.0,755.92,241.89,2025-01
ORD104104,2025-02-13,CUST1437,Books,Fiction Novel,East,Marketplace,UPI,1,428.23,0.1,428.23,89.0,2025-02
ORD104105,2025-08-30,CUST1843,Home & Kitchen,Air Fryer,South,Website,UPI,1,5309.02,0.05,5309.02,1032.57,2025-08
ORD104106,2025-06-05,CUST1592,Beauty,Face Wash,Central,Website,Net Banking,1,360.75,0.2,360.75,93.84,2025-06
ORD104107,2025-09-02,CUST1498,Books,Python Programming,West,Mobile App,Net Banking,1,600.06,0.1,600.06,152.46,2025-09
ORD104108,2025-12-15,CUST1645,Fashion,Running Shoes,South,Marketplace,Credit Card,1,2301.72,0.1,2301.72,642.21,2025-12
ORD104109,2025-12-02,CUST1704,Electronics,USB-C Hub,Central,Mobile App,Credit Card,4,1330.52,0.05,5322.08,837.8,2025-12
ORD104110,2025-02-10,CUST1384,Beauty,Face Wash,East,Mobile App,UPI,2,408.43,0.05,816.86,247.93,2025-02
ORD104111,2025-05-26,CUST1898,Beauty,Face Wash,North,Marketplace,Debit Card,1,376.19,0.0,376.19,118.78,2025-05
ORD104112,2025-10-13,CUST2185,Beauty,Sunscreen,East,Mobile App,UPI,1,754.77,0.1,754.77,213.34,2025-10
ORD104113,2025-10-24,CUST1069,Electronics,USB-C Hub,North,Marketplace,Debit Card,1,1255.8,0.1,1255.8,90.42,2025-10
ORD104114,2025-04-19,CUST2006,Home & Kitchen,Mixer Grinder,Central,Website,Cash on Delivery,1,3549.02,0.0,3549.02,763.11,2025-04
ORD104115,2025-02-08,CUST1286,Fashion,Denim Jeans,West,Website,Credit Card,1,1578.38,0.1,1578.38,409.02,2025-02
ORD104116,2025-07-10,CUST1202,Electronics,Smart Watch,South,Website,Cash on Delivery,4,3547.23,0.15,14188.92,2077.17,2025-07
ORD104117,2025-05-31,CUST1203,Books,Python Programming,East,website,Net Banking,1,649.15,0.15,649.15,117.4,2025-05
ORD104118,2025-03-27,CUST1472,Electronics,Bluetooth Speaker,Central,Marketplace,UPI,1,1724.57,0.15,1724.57,307.8,2025-03
ORD104119,2025-04-12,CUST2045,Home & Kitchen,Air Fryer,West,Website,Net Banking,1,4928.47,0.15,4928.47,980.84,2025-04
ORD104120,2025-04-07,CUST1818,Electronics,USB-C Hub,East,Website,Debit Card,1,1264.4,0.1,1264.4,201.81,2025-04
ORD104121,2025-01-11,CUST1340,Electronics,USB-C Hub,South,Marketplace,Debit Card,1,1255.19,0.0,1255.19,207.61,2025-01
ORD104122,2025-08-31,CUST2107,Fashion,Denim Jeans,Central,Mobile App,UPI,2,1498.45,0.2,2996.9,697.0,2025-08
ORD104123,2025-04-13,CUST1887,Home & Kitchen,Storage Container Set,Central,Website,Cash on Delivery,4,915.48,0.05,3661.92,637.95,2025-04
ORD104124,2025-09-13,CUST1547,Books,Data Analytics Guide,South,Website,UPI,3,753.97,0.0,2261.91,521.14,2025-09
ORD104125,2025-11-24,CUST1346,Electronics,USB-C Hub,North,Mobile App,Net Banking,1,1286.69,0.0,1286.69,221.23,2025-11
ORD104126,2025-05-20,CUST1269,Beauty,Sunscreen,South,Website,Cash on Delivery,1,657.95,0.0,657.95,216.21,2025-05
ORD104127,2025-04-04,CUST1887,Books,Fiction Novel,East,Website,UPI,2,403.75,0.1,807.5,162.93,2025-04
ORD104128,2025-10-17,CUST1946,Books,Business Management,North,Marketplace,Debit Card,2,516.43,0.05,1032.86,214.8,2025-10
ORD104129,2025-03-19,CUST1225,Books,Python Programming,North,Website,UPI,3,602.04,0.05,1806.12,397.92,2025-03
ORD104130,2025-09-12,CUST2186,Books,Fiction Novel,West,Website,Cash on Delivery,1,377.09,0.15,377.09,81.04,2025-09
ORD104131,2025-03-08,CUST1192,Fashion,Casual Shirt,North,Mobile App,Credit Card,1,1218.8,0.0,1218.8,330.35,2025-03
ORD104132,2025-06-16,CUST1697,Fashion,Running Shoes,South,Website,Debit Card,5,2267.71,0.1,11338.55,3082.89,2025-06
ORD104133,2025-01-26,CUST2001,Electronics,Smart Watch,South,Mobile App,UPI,3,3561.46,0.0,10684.380000000001,1826.73,2025-01
ORD104134,2025-07-18,CUST1531,Fashion,Casual Shirt,South,Mobile App,UPI,2,1272.19,0.1,2544.38,638.98,2025-07
ORD104135,2025-05-28,CUST1967,Beauty,Sunscreen,Central,Mobile App,UPI,2,660.35,0.15,1320.7,330.35,2025-05
ORD104136,2025-09-15,CUST1121,Fashion,Cotton T-Shirt,North,Website,UPI,3,693.11,0.05,2079.33,518.71,2025-09
ORD104137,2025-11-12,CUST1909,Fashion,Backpack,West,Mobile App,UPI,2,1284.83,0.05,2569.66,742.39,2025-11
ORD104138,2025-04-23,CUST1664,Books,Fiction Novel,South,Website,Debit Card,3,386.13,0.05,1158.3899999999999,208.9,2025-04
ORD104139,2025-07-20,CUST2106,Beauty,Face Wash,Central,Mobile App,Cash on Delivery,1,413.99,0.05,413.99,129.36,2025-07
ORD104140,2025-01-01,CUST1695,Home & Kitchen,Electric Kettle,North,Website,Cash on Delivery,1,1478.09,0.1,1478.09,233.27,2025-01
ORD104141,2025-05-10,CUST1441,Electronics,Smart Watch,Central,Website,Credit Card,1,3563.86,0.15,3563.86,445.63,2025-05
ORD104142,2025-10-06,CUST2015,Home & Kitchen,Mixer Grinder,North,Marketplace,Cash on Delivery,1,3386.06,0.1,3386.06,558.07,2025-10
ORD104143,2025-09-03,CUST1028,Beauty,Sunscreen,West,Website,Debit Card,2,762.2,0.15,1524.4,406.19,2025-09
ORD104144,2025-11-14,CUST1376,Home & Kitchen,Storage Container Set,South,Website,Debit Card,2,944.04,0.25,1888.08,273.62,2025-11
ORD104145,2025-09-02,CUST1394,Fashion,Casual Shirt,East,Website,Credit Card,2,1189.23,0.05,2378.46,736.0,2025-09
ORD104146,2025-04-16,CUST1295,Home & Kitchen,Mixer Grinder,West,Mobile App,UPI,1,3843.53,0.2,3843.53,664.48,2025-04
ORD104147,2025-08-26,CUST1810,Electronics,USB-C Hub,North,Mobile App,Credit Card,2,1253.13,0.15,2506.26,267.53,2025-08
ORD104148,2025-04-26,CUST1349,Electronics,Wireless Headphones,West,Website,UPI,1,2477.82,0.0,2477.82,399.09,2025-04
ORD104149,2025-06-10,CUST1575,Fashion,Running Shoes,North,Website,UPI,3,2388.52,0.2,7165.5599999999995,1492.02,2025-06
ORD104150,2025-10-01,CUST1068,Books,Machine Learning Basics,Central,Website,Cash on Delivery,1,967.57,0.0,967.57,250.4,2025-10
ORD104151,2025-11-29,CUST1544,Books,Python Programming,North,Marketplace,Credit Card,1,658.64,0.0,658.64,136.18,2025-11
ORD104152,2025-03-17,CUST1526,Electronics,USB-C Hub,South,Mobile App,Debit Card,1,1302.46,0.2,1302.46,169.7,2025-03
ORD104153,2025-02-09,CUST1464,Fashion,Denim Jeans,North,Mobile App,Debit Card,5,1620.68,0.15,8103.400000000001,1803.79,2025-02
ORD104154,2025-11-26,CUST1196,Books,Fiction Novel,Central,Mobile App,Credit Card,2,431.19,0.2,862.38,223.89,2025-11
ORD104155,2025-05-07,CUST1218,Books,Python Programming,Central,Website,UPI,1,572.22,0.0,572.22,145.54,2025-05
ORD104156,2025-05-16,CUST2132,Books,Business Management,North,Website,Cash on Delivery,1,531.58,0.05,531.58,125.53,2025-05
ORD104157,2025-11-14,CUST1813,Electronics,Smart Watch,North,Mobile App,Debit Card,3,3174.65,0.2,9523.95,1381.11,2025-11
ORD104158,2025-10-17,CUST1065,Fashion,Running Shoes,East,Website,Net Banking,2,2469.34,0.1,4938.68,1200.14,2025-10
ORD104159,2025-04-18,CUST1414,Books,Business Management,South,Marketplace,UPI,1,451.08,0.0,451.08,125.64,2025-04
ORD104160,2025-12-26,CUST1767,Electronics,USB-C Hub,South,Marketplace,Cash on Delivery,1,1177.05,0.0,1177.05,217.84,2025-12
ORD104161,2025-01-05,CUST1159,Fashion,Denim Jeans,East,Marketplace,UPI,1,1539.48,0.05,1539.48,409.69,2025-01
ORD104162,2025-05-15,CUST1315,Electronics,Bluetooth Speaker,Central,Website,UPI,4,1673.8,0.1,6695.2,959.09,2025-05
ORD104163,2025-05-13,CUST2188,Electronics,Smart Watch,Central,Marketplace,UPI,2,3455.84,0.2,6911.68,975.04,2025-05
ORD104164,2025-05-19,CUST1330,Home & Kitchen,Air Fryer,Central,Website,Net Banking,2,4681.74,0.2,9363.48,1685.21,2025-05
ORD104165,2025-12-01,CUST1368,Home & Kitchen,Air Fryer,Central,Mobile App,Debit Card,5,5167.26,0.0,25836.300000000003,5575.07,2025-12
ORD104166,2025-07-10,CUST1097,Electronics,USB-C Hub,East,Mobile App,Net Banking,3,1259.92,0.05,3779.76,642.72,2025-07
ORD104167,2025-08-17,CUST1753,Fashion,Denim Jeans,North,Website,UPI,2,1520.13,0.1,3040.26,722.27,2025-08
ORD104168,2025-07-11,CUST1943,Electronics,Smart Watch,West,Mobile App,UPI,2,3187.87,0.1,6375.74,842.77,2025-07
ORD104169,2025-10-26,CUST1021,Fashion,Running Shoes,Central,Mobile App,Credit Card,3,2082.72,0.2,6248.16,1501.67,2025-10
ORD104170,2025-04-30,CUST1158,Beauty,Perfume,Central,Mobile App,UPI,4,1389.12,0.05,5556.48,1564.69,2025-04
ORD104171,2025-04-19,CUST1134,Fashion,Backpack,Central,Website,Debit Card,4,1493.41,0.15,5973.64,1282.98,2025-04
ORD104172,2025-08-19,CUST1764,Beauty,Face Wash,North,Mobile App,UPI,1,421.32,0.0,421.32,124.15,2025-08
ORD104173,2025-03-04,CUST1717,Fashion,Running Shoes,Central,Mobile App,UPI,2,2108.83,0.0,4217.66,1282.02,2025-03
ORD104174,2025-11-24,CUST1482,Beauty,Perfume,South,Website,Credit Card,1,1240.59,0.25,1240.59,242.59,2025-11
ORD104175,2025-07-27,CUST1245,Beauty,Shampoo,East,Marketplace,Credit Card,2,527.94,0.0,1055.88,355.66,2025-07
ORD104176,2025-12-21,CUST1126,Books,Fiction Novel,North,Marketplace,UPI,1,410.99,0.2,410.99,81.9,2025-12
ORD104177,2025-04-01,CUST1117,Beauty,Shampoo,South,Website,Credit Card,2,481.76,0.05,963.52,260.0,2025-04
ORD104178,2025-09-20,CUST1294,Fashion,Running Shoes,Central,Website,UPI,1,2262.92,0.0,2262.92,596.25,2025-09
ORD104179,2025-09-05,CUST1993,Beauty,Face Wash,West,Website,Debit Card,1,360.61,0.1,360.61,96.46,2025-09
ORD104180,2025-05-27,CUST1840,Beauty,Perfume,North,Website,UPI,1,1401.01,0.05,1401.01,439.19,2025-05
ORD104181,2025-11-08,CUST1575,Beauty,Sunscreen,East,Website,Credit Card,2,751.04,0.1,1502.08,364.31,2025-11
ORD104182,2025-12-24,CUST1302,Fashion,Denim Jeans,East,Website,UPI,2,1620.31,0.0,3240.62,821.65,2025-12
ORD104183,2025-12-02,CUST1277,Electronics,Bluetooth Speaker,West,Website,Credit Card,2,1781.88,0.15,3563.76,500.44,2025-12
ORD104184,2025-06-20,CUST2025,Home & Kitchen,Electric Kettle,East,Website,Net Banking,1,1722.81,0.05,1722.81,294.91,2025-06
ORD104185,2025-07-12,CUST1958,Electronics,Bluetooth Speaker,North,Marketplace,Cash on Delivery,2,1735.29,0.0,3470.58,605.03,2025-07
ORD104186,2025-10-27,CUST2104,Fashion,Casual Shirt,South,Website,UPI,1,1092.71,0.2,1092.71,231.87,2025-10
ORD104187,2025-10-01,CUST1591,Electronics,Bluetooth Speaker,North,Marketplace,Credit Card,3,1798.06,0.25,5394.18,795.82,2025-10
ORD104188,2025-02-22,CUST1902,Electronics,Bluetooth Speaker,North,Website,UPI,3,1910.38,0.05,5731.14,882.26,2025-02
ORD104189,2025-08-16,CUST1759,Beauty,Sunscreen,Central,Website,UPI,1,644.41,0.2,644.41,159.52,2025-08
ORD104190,2025-03-08,CUST1294,Beauty,Face Wash,South,Mobile App,Cash on Delivery,1,366.03,0.1,366.03,104.7,2025-03
ORD104191,2025-11-28,CUST1638,Electronics,Wireless Headphones,South,Website,UPI,2,2434.55,0.15,4869.1,769.42,2025-11
ORD104192,2025-04-23,CUST1122,Electronics,Smart Watch,East,Website,Net Banking,1,3359.19,0.1,3359.19,500.48,2025-04
ORD104193,2025-01-22,CUST2174,Fashion,Cotton T-Shirt,Central,Mobile App,Credit Card,1,675.97,0.0,675.97,175.31,2025-01
ORD104194,2025-09-17,CUST1200,Fashion,Backpack,Central,Mobile App,Debit Card,3,1284.56,0.25,3853.68,769.98,2025-09
ORD104195,2025-12-05,CUST1945,Electronics,USB-C Hub,North,Website,UPI,1,1313.14,0.0,1313.14,239.75,2025-12
ORD104196,2025-12-21,Unknown,Beauty,Shampoo,East,Marketplace,Cash on Delivery,3,513.19,0.05,1539.5700000000002,484.91,2025-12
ORD104197,2025-09-02,CUST1982,Beauty,Shampoo,West,Mobile App,Credit Card,2,462.14,0.05,924.28,271.14,2025-09
ORD104198,2025-02-01,CUST1235,Books,Fiction Novel,North,Website,Cash on Delivery,1,435.07,0.2,435.07,85.22,2025-02
ORD104199,2025-10-06,CUST1969,Books,Data Analytics Guide,West,Website,UPI,1,817.12,0.25,817.12,184.19,2025-10
ORD104200,2025-05-10,CUST2025,Home & Kitchen,Storage Container Set,North,Mobile App,Credit Card,1,966.25,0.0,966.25,214.71,2025-05
ORD104201,2025-05-01,CUST1452,Beauty,Sunscreen,South,Mobile App,Net Banking,1,695.93,0.0,695.93,247.8,2025-05
ORD104202,2025-04-05,CUST1507,Fashion,Casual Shirt,East,Marketplace,UPI,1,1259.02,0.15,1259.02,335.22,2025-04
ORD104203,2025-05-14,CUST1718,Electronics,Power Bank,East,Website,UPI,1,1095.36,0.0,1095.36,151.89,2025-05
ORD104204,2025-02-11,CUST1690,Fashion,Running Shoes,North,Website,Cash on Delivery,3,2430.71,0.05,7292.13,1788.56,2025-02
ORD104205,2025-10-23,CUST1385,Home & Kitchen,Air Fryer,North,Website,UPI,1,4501.15,0.05,4501.15,819.14,2025-10
ORD104206,2025-01-17,CUST1088,Electronics,Wireless Headphones,West,Website,Debit Card,1,2558.15,0.1,2558.15,427.94,2025-01
ORD104207,2025-07-13,CUST1101,Books,Machine Learning Basics,South,Website,Cash on Delivery,1,943.51,0.15,943.51,224.56,2025-07
ORD104208,2025-05-19,CUST1886,Fashion,Cotton T-Shirt,South,Website,Net Banking,1,751.42,0.15,751.42,162.57,2025-05
ORD104209,2025-01-21,CUST1245,Fashion,Denim Jeans,East,Mobile App,UPI,2,1392.52,0.0,2785.04,783.74,2025-01
ORD104210,2025-07-11,CUST1616,Home & Kitchen,Storage Container Set,West,Mobile App,Cash on Delivery,3,965.48,0.0,2896.44,503.46,2025-07
ORD104211,2025-09-12,CUST1956,Home & Kitchen,Electric Kettle,East,Website,Debit Card,1,1613.67,0.0,1613.67,293.38,2025-09
ORD104212,2025-08-05,CUST1381,Books,Business Management,Central,Marketplace,Debit Card,1,540.47,0.15,540.47,107.71,2025-08
ORD104213,2025-08-30,CUST1931,Fashion,Running Shoes,South,Website,Debit Card,1,2338.18,0.15,2338.18,540.96,2025-08
ORD104214,2025-09-21,CUST1899,Beauty,Face Wash,Central,Mobile App,UPI,1,392.16,0.1,392.16,99.19,2025-09
ORD104215,2025-12-17,CUST2082,Electronics,Bluetooth Speaker,North,Website,Cash on Delivery,1,1837.76,0.0,1837.76,280.53,2025-12
ORD104216,2025-03-18,CUST1329,Fashion,Denim Jeans,West,Website,UPI,2,1430.62,0.05,2861.24,627.14,2025-03
ORD104217,2025-03-24,CUST1341,Fashion,Casual Shirt,West,Mobile App,UPI,1,1296.55,0.05,1296.55,370.46,2025-03
ORD104218,2025-07-01,CUST1921,Books,Business Management,East,Website,UPI,1,495.23,0.15,495.23,108.98,2025-07
ORD104219,2025-03-24,CUST1269,Electronics,Power Bank,Central,Marketplace,Cash on Delivery,2,901.0,0.25,1802.0,205.48,2025-03
ORD104220,2025-06-27,CUST1005,Home & Kitchen,Storage Container Set,Central,Website,Cash on Delivery,1,829.87,0.15,829.87,122.05,2025-06
ORD104221,2025-04-15,CUST2110,Beauty,Shampoo,West,Website,Credit Card,3,500.8,0.15,1502.4,356.3,2025-04
ORD104222,2025-04-23,CUST1865,Home & Kitchen,Storage Container Set,East,Website,UPI,2,819.7,0.1,1639.4,299.48,2025-04
ORD104223,2025-04-21,CUST2089,Fashion,Casual Shirt,North,Mobile App,Debit Card,4,1247.5,0.2,4990.0,860.96,2025-04
ORD104224,2025-06-13,CUST1366,Books,Business Management,West,Marketplace,Net Banking,1,515.41,0.1,515.41,98.57,2025-06
ORD104225,2025-12-06,CUST2012,Beauty,Sunscreen,Central,Mobile App,UPI,2,697.45,0.05,1394.9,426.65,2025-12
ORD104226,2025-04-25,CUST1498,Fashion,Running Shoes,North,Mobile App,Credit Card,2,2347.79,0.1,4695.58,1188.33,2025-04
ORD104227,2025-12-01,CUST1685,Home & Kitchen,Electric Kettle,North,Website,UPI,1,1526.41,0.05,1526.41,277.5,2025-12
ORD104228,2025-10-03,CUST1825,Home & Kitchen,Air Fryer,West,Mobile App,Credit Card,2,5386.52,0.15,10773.04,2143.19,2025-10
ORD104229,2025-07-28,CUST2002,Beauty,Shampoo,West,Mobile App,Cash on Delivery,1,456.36,0.1,456.36,151.4,2025-07
ORD104230,2025-04-09,CUST2003,Electronics,Smart Watch,North,Mobile App,Cash on Delivery,5,3325.37,0.25,16626.85,2382.41,2025-04
ORD104231,2025-02-03,CUST1719,Beauty,Face Wash,West,Mobile App,UPI,1,393.61,0.05,393.61,116.38,2025-02
ORD104232,2025-08-10,CUST1318,Books,Business Management,South,Website,UPI,1,485.09,0.05,485.09,111.36,2025-08
ORD104233,2025-11-14,CUST1570,Books,Fiction Novel,South,Mobile App,Net Banking,1,392.73,0.15,392.73,63.78,2025-11
ORD104234,2025-03-03,CUST1568,Beauty,Face Wash,North,Website,Cash on Delivery,2,418.36,0.2,836.72,229.04,2025-03
ORD104235,2025-05-04,CUST1200,Beauty,Moisturizer,East,Mobile App,UPI,2,602.2,0.05,1204.4,375.0,2025-05
ORD104236,2025-09-13,CUST1083,Books,Business Management,Central,Marketplace,Cash on Delivery,1,452.78,0.1,452.78,105.16,2025-09
ORD104237,2025-05-08,CUST1867,Fashion,Cotton T-Shirt,Central,Mobile App,Credit Card,1,718.61,0.0,718.61,206.5,2025-05
ORD104238,2025-02-11,CUST1405,Home & Kitchen,Electric Kettle,Central,Mobile App,Net Banking,3,1732.91,0.25,5198.7300000000005,867.61,2025-02
ORD104239,2025-08-30,CUST2095,Home & Kitchen,Non-Stick Pan,East,Marketplace,Debit Card,3,1341.09,0.1,4023.2699999999995,799.31,2025-08
ORD104240,2025-11-24,CUST1932,Fashion,Denim Jeans,Central,Website,Debit Card,5,1630.84,0.15,8154.2,1878.96,2025-11
ORD104241,2025-10-20,CUST1932,Electronics,Power Bank,North,Website,Net Banking,1,1010.12,0.2,1010.12,110.25,2025-10
ORD104242,2025-10-30,CUST2115,Electronics,USB-C Hub,South,Website,Credit Card,2,1276.33,0.1,2552.66,363.97,2025-10
ORD104243,2025-10-15,CUST1725,Books,Business Management,East,Website,Cash on Delivery,2,480.69,0.15,961.38,214.57,2025-10
ORD104244,2025-02-08,CUST1473,Books,Data Analytics Guide,Central,Mobile App,Credit Card,1,725.98,0.1,725.98,140.4,2025-02
ORD104245,2025-12-08,CUST1408,Books,Machine Learning Basics,Central,Mobile App,UPI,1,878.99,0.1,878.99,179.16,2025-12
ORD104246,2025-10-12,CUST1454,Home & Kitchen,Mixer Grinder,West,Website,UPI,2,3655.72,0.0,7311.44,1443.2,2025-10
ORD104247,2025-08-20,CUST1796,Books,Data Analytics Guide,West,Website,Cash on Delivery,2,813.34,0.0,1626.68,343.67,2025-08
ORD104248,2025-06-06,CUST1333,Beauty,Shampoo,North,Marketplace,UPI,1,455.36,0.0,455.36,133.73,2025-06
ORD104249,2025-10-06,CUST2021,Beauty,Face Wash,North,Website,Debit Card,2,387.88,0.05,775.76,227.97,2025-10
ORD104250,2025-03-01,CUST1164,Electronics,Smart Watch,South,Mobile App,UPI,2,3051.76,0.05,6103.52,739.27,2025-03
ORD104251,2025-04-28,CUST1639,Fashion,Backpack,North,Mobile App,Credit Card,1,1327.5,0.1,1327.5,333.44,2025-04
ORD104252,2025-01-20,CUST1772,Fashion,Denim Jeans,North,Website,Credit Card,3,1503.33,0.05,4509.99,1076.99,2025-01
ORD104253,2025-07-02,CUST1354,Books,Machine Learning Basics,West,Marketplace,UPI,1,881.04,0.25,881.04,174.02,2025-07
ORD104254,2025-11-11,CUST1112,Home & Kitchen,Storage Container Set,North,Mobile App,Credit Card,1,910.09,0.0,910.09,197.09,2025-11
ORD104255,2025-06-23,CUST1247,Books,Fiction Novel,West,Website,Credit Card,3,359.69,0.05,1079.07,273.89,2025-06
ORD104256,2025-06-16,CUST1726,Home & Kitchen,Air Fryer,Central,Website,Credit Card,2,4898.36,0.0,9796.72,1977.96,2025-06
ORD104257,2025-05-20,CUST1769,Beauty,Face Wash,North,Website,UPI,1,427.89,0.1,427.89,105.64,2025-05
ORD104258,2025-12-01,CUST1006,Home & Kitchen,Electric Kettle,Central,Mobile App,UPI,4,1698.19,0.15,6792.76,1579.07,2025-12
ORD104259,2025-07-13,CUST1266,Books,Fiction Novel,East,Mobile App,UPI,1,404.57,0.0,404.57,119.34,2025-07
ORD104260,2025-06-16,CUST1662,Beauty,Moisturizer,North,Website,UPI,1,628.61,0.25,628.61,148.87,2025-06
ORD104261,2025-09-01,CUST1438,Beauty,Sunscreen,East,Website,Net Banking,1,640.8,0.05,640.8,178.78,2025-09
ORD104262,2025-05-02,CUST1364,Fashion,Backpack,West,Website,UPI,1,1385.59,0.25,1385.59,303.91,2025-05
ORD104263,2025-12-10,CUST1236,Home & Kitchen,Electric Kettle,East,Website,UPI,1,1680.01,0.15,1680.01,305.6,2025-12
ORD104264,2025-10-12,CUST1305,Fashion,Cotton T-Shirt,East,Website,UPI,2,662.64,0.1,1325.28,293.98,2025-10
ORD104265,2025-02-20,CUST1234,Home & Kitchen,Storage Container Set,South,Marketplace,Cash on Delivery,1,927.77,0.1,927.77,166.62,2025-02
ORD104266,2025-03-12,CUST1210,Books,Data Analytics Guide,North,Website,Debit Card,5,780.75,0.1,3903.75,976.74,2025-03
ORD104267,2025-03-30,CUST1692,Fashion,Cotton T-Shirt,West,Marketplace,Debit Card,3,729.57,0.0,2188.71,643.98,2025-03
ORD104268,2025-05-21,CUST2099,Electronics,Smart Watch,South,Website,Debit Card,1,3336.56,0.2,3336.56,391.66,2025-05
ORD104269,2025-11-04,CUST1779,Beauty,Face Wash,East,Website,Credit Card,1,370.1,0.05,370.1,115.99,2025-11
ORD104270,2025-11-05,CUST2064,Electronics,Power Bank,North,Website,Debit Card,1,971.01,0.1,971.01,173.93,2025-11
ORD104271,2025-02-28,CUST1457,Fashion,Casual Shirt,North,Mobile App,Credit Card,1,1098.87,0.1,1098.87,320.57,2025-02
ORD104272,2025-12-12,CUST1305,Books,Business Management,Central,Mobile App,UPI,3,505.2,0.2,1515.6,290.87,2025-12
ORD104273,2025-06-04,CUST1245,Electronics,Bluetooth Speaker,North,Website,Net Banking,2,1943.59,0.0,3887.18,633.52,2025-06
ORD104274,2025-06-17,CUST2138,Electronics,USB-C Hub,Central,Mobile App,Debit Card,1,1362.61,0.1,1362.61,131.06,2025-06
ORD104275,2025-06-07,CUST1384,Electronics,USB-C Hub,North,Marketplace,Cash on Delivery,1,1401.1,0.0,1401.1,273.48,2025-06
ORD104276,2025-06-12,CUST1266,Books,Business Management,South,Website,Credit Card,2,465.87,0.0,931.74,266.66,2025-06
ORD104277,2025-12-12,CUST1715,Electronics,Power Bank,South,Mobile App,Cash on Delivery,2,914.88,0.1,1829.76,223.84,2025-12
ORD104278,2025-10-23,CUST1766,Electronics,USB-C Hub,South,Marketplace,UPI,1,1183.6,0.15,1183.6,173.55,2025-10
ORD104279,2025-11-28,CUST1282,Electronics,USB-C Hub,North,Marketplace,Credit Card,1,1385.67,0.05,1385.67,226.49,2025-11
ORD104280,2025-01-20,CUST1536,Home & Kitchen,Electric Kettle,East,Website,UPI,2,1747.8,0.05,3495.6,604.91,2025-01
ORD104281,2025-07-20,CUST1938,Fashion,Denim Jeans,North,Mobile App,UPI,2,1614.66,0.05,3229.32,848.91,2025-07
ORD104282,2025-02-04,CUST1177,Home & Kitchen,Electric Kettle,West,Website,UPI,5,1582.06,0.05,7910.299999999999,1295.37,2025-02
ORD104283,2025-11-13,CUST1406,Home & Kitchen,Non-Stick Pan,East,Website,Net Banking,2,1262.67,0.1,2525.34,459.1,2025-11
ORD104284,2025-10-24,CUST1584,Home & Kitchen,Air Fryer,South,Marketplace,UPI,1,5096.58,0.15,5096.58,764.63,2025-10
ORD104285,2025-02-06,CUST1473,Electronics,Smart Watch,North,Website,UPI,2,2980.1,0.05,5960.2,1065.9,2025-02
ORD104286,2025-09-19,CUST1179,Electronics,USB-C Hub,West,Mobile App,Debit Card,1,1242.58,0.1,1242.58,193.69,2025-09
ORD104287,2025-02-11,CUST1597,Home & Kitchen,Non-Stick Pan,North,Website,Debit Card,1,1183.0,0.1,1183.0,188.19,2025-02
ORD104288,2025-11-19,CUST1864,Books,Python Programming,North,Mobile App,Cash on Delivery,2,545.02,0.1,1090.04,203.14,2025-11
ORD104289,2025-06-12,CUST1003,Home & Kitchen,Non-Stick Pan,North,Mobile App,UPI,1,1340.72,0.15,1340.72,271.04,2025-06
ORD104290,2025-05-23,CUST1268,Home & Kitchen,Mixer Grinder,East,Mobile App,UPI,1,3707.21,0.0,3707.21,734.49,2025-05
ORD104291,2025-08-28,CUST1630,Fashion,Denim Jeans,North,Mobile App,Cash on Delivery,4,1556.01,0.1,6224.04,1436.24,2025-08
ORD104292,2025-07-10,CUST1973,Electronics,USB-C Hub,North,Website,Cash on Delivery,2,1402.16,0.05,2804.32,564.4,2025-07
ORD104293,2025-10-12,CUST1417,Electronics,Power Bank,North,Mobile App,Debit Card,2,972.4,0.05,1944.8,320.16,2025-10
ORD104294,2025-11-07,CUST1310,Beauty,Perfume,North,Website,Debit Card,3,1224.74,0.1,3674.2200000000003,1093.62,2025-11
ORD104295,2025-02-25,CUST1192,Electronics,Power Bank,West,Mobile App,Cash on Delivery,1,906.08,0.0,906.08,168.23,2025-02
ORD104296,2025-06-11,CUST1594,Electronics,Smart Watch,East,Website,Debit Card,1,3614.28,0.0,3614.28,601.75,2025-06
ORD104297,2025-10-02,CUST1913,Home & Kitchen,Electric Kettle,South,Marketplace,Debit Card,1,1689.46,0.05,1689.46,317.6,2025-10
ORD104298,2025-07-08,CUST1317,Electronics,Wireless Headphones,East,Mobile App,UPI,4,2692.18,0.05,10768.72,2033.04,2025-07
ORD104299,2025-08-18,CUST1857,Books,Machine Learning Basics,East,Mobile App,Credit Card,1,891.61,0.05,891.61,198.53,2025-08
ORD104300,2025-07-08,CUST1386,Beauty,Moisturizer,North,Marketplace,UPI,1,540.48,0.1,540.48,157.61,2025-07
ORD104301,2025-04-11,CUST2071,Electronics,Power Bank,South,Website,Credit Card,1,1076.58,0.1,1076.58,170.54,2025-04
ORD104302,2025-08-07,CUST1201,Beauty,Sunscreen,South,Mobile App,Credit Card,1,641.02,0.25,641.02,150.3,2025-08
ORD104303,2025-03-18,CUST1078,Fashion,Running Shoes,West,Mobile App,Credit Card,2,2317.73,0.25,4635.46,886.5,2025-03
ORD104304,2025-09-16,CUST1095,Home & Kitchen,Air Fryer,Central,Mobile App,UPI,4,5451.74,0.05,21806.96,4347.81,2025-09
ORD104305,2025-03-16,CUST1060,Beauty,Face Wash,North,Website,UPI,5,423.74,0.05,2118.7,621.85,2025-03
ORD104306,2025-07-26,CUST2174,Home & Kitchen,Mixer Grinder,East,Marketplace,Net Banking,3,3798.44,0.15,11395.32,2213.22,2025-07
ORD104307,2025-08-27,CUST2006,Fashion,Denim Jeans,North,Website,Debit Card,2,1526.16,0.05,3052.32,859.55,2025-08
ORD104308,2025-03-21,CUST1180,Fashion,Denim Jeans,West,Marketplace,UPI,1,1403.8,0.15,1403.8,365.11,2025-03
ORD104309,2025-08-10,CUST1805,Books,Fiction Novel,Central,Website,Debit Card,4,402.08,0.05,1608.32,348.51,2025-08
ORD104310,2025-02-08,CUST1075,Books,Data Analytics Guide,North,Website,Debit Card,2,790.97,0.05,1581.94,440.55,2025-02
ORD104311,2025-10-05,CUST1901,Fashion,Casual Shirt,South,Website,Credit Card,1,1186.27,0.1,1186.27,279.51,2025-10
ORD104312,2025-12-28,CUST1999,Fashion,Casual Shirt,West,Marketplace,Credit Card,1,1242.35,0.2,1242.35,327.32,2025-12
ORD104313,2025-09-19,CUST1181,Home & Kitchen,Air Fryer,East,Website,UPI,2,4861.66,0.15,9723.32,1334.36,2025-09
ORD104314,2025-07-17,CUST1767,Home & Kitchen,Storage Container Set,Central,Website,Debit Card,1,897.52,0.2,897.52,141.85,2025-07
ORD104315,2025-08-30,CUST1790,Books,Fiction Novel,East,Website,Net Banking,1,433.68,0.0,433.68,109.93,2025-08
ORD104316,2025-03-18,CUST1537,Books,Fiction Novel,Central,Mobile App,UPI,2,401.97,0.1,803.94,179.42,2025-03
ORD104317,2025-09-06,CUST1852,Beauty,Shampoo,North,Mobile App,Credit Card,3,505.17,0.05,1515.51,382.08,2025-09
ORD104318,2025-05-05,CUST1812,Books,Business Management,South,Website,Net Banking,1,515.73,0.1,515.73,121.37,2025-05
ORD104319,2025-09-15,CUST1290,Books,Business Management,Central,Marketplace,Credit Card,1,482.46,0.0,482.46,115.94,2025-09
ORD104320,2025-04-28,CUST1744,Home & Kitchen,Mixer Grinder,Central,Mobile App,Net Banking,1,3183.72,0.05,3183.72,447.61,2025-04
ORD104321,2025-06-11,CUST2110,Fashion,Casual Shirt,Central,Website,UPI,2,1110.63,0.05,2221.26,536.43,2025-06
ORD104322,2025-03-12,CUST1271,Electronics,Wireless Headphones,North,Website,UPI,1,2744.74,0.25,2744.74,360.24,2025-03
ORD104323,2025-03-10,CUST2109,Home & Kitchen,Storage Container Set,West,Website,Debit Card,1,871.84,0.2,871.84,120.77,2025-03
ORD104324,2025-05-22,CUST1634,Beauty,Sunscreen,Central,Website,UPI,1,758.95,0.15,758.95,201.35,2025-05
ORD104325,2025-06-06,CUST2030,Electronics,Power Bank,South,Mobile App,Credit Card,1,899.98,0.0,899.98,170.28,2025-06
ORD104326,2025-07-20,CUST1580,Books,Business Management,South,Mobile App,Debit Card,1,497.81,0.0,497.81,133.35,2025-07
ORD104327,2025-12-23,CUST1521,Fashion,Backpack,West,Mobile App,Cash on Delivery,2,1334.6,0.1,2669.2,679.3,2025-12
ORD104328,2025-12-01,CUST1374,Electronics,Smart Watch,North,Website,Cash on Delivery,2,3081.42,0.0,6162.84,1063.27,2025-12
ORD104329,2025-09-17,CUST1448,Books,Business Management,Central,Mobile App,Net Banking,1,510.12,0.1,510.12,115.95,2025-09
ORD104330,2025-10-19,CUST1022,Books,Fiction Novel,North,Mobile App,Debit Card,1,425.39,0.15,425.39,79.97,2025-10
ORD104331,2025-08-24,CUST2004,Home & Kitchen,Storage Container Set,South,Website,Cash on Delivery,3,903.81,0.15,2711.43,438.02,2025-08
ORD104332,2025-02-18,CUST1017,Electronics,Smart Watch,Central,Marketplace,Credit Card,1,3047.83,0.0,3047.83,463.96,2025-02
ORD104333,2025-01-12,CUST1356,Books,Python Programming,North,Marketplace,Cash on Delivery,1,593.62,0.0,593.62,147.41,2025-01
ORD104334,2025-03-08,CUST1320,Books,Python Programming,South,Mobile App,UPI,3,601.9,0.2,1805.6999999999998,313.89,2025-03
ORD104335,2025-06-24,CUST2098,Fashion,Casual Shirt,West,Mobile App,UPI,1,1086.15,0.05,1086.15,291.38,2025-06
ORD104336,2025-07-24,CUST1521,Beauty,Shampoo,North,Website,Net Banking,4,483.04,0.1,1932.16,633.13,2025-07
ORD104337,2025-06-13,CUST1557,Fashion,Denim Jeans,East,Mobile App,UPI,3,1536.5,0.15,4609.5,1178.14,2025-06
ORD104338,2025-12-02,CUST1054,Electronics,USB-C Hub,Central,Mobile App,Debit Card,1,1246.5,0.05,1246.5,213.21,2025-12
ORD104339,2025-02-06,CUST1183,Beauty,Perfume,West,Website,Cash on Delivery,1,1391.54,0.0,1391.54,459.22,2025-02
ORD104340,2025-11-24,CUST1401,Books,Python Programming,East,Marketplace,Credit Card,2,613.18,0.1,1226.36,314.95,2025-11
ORD104341,2025-07-26,CUST1926,Fashion,Running Shoes,East,Website,Net Banking,1,2425.58,0.0,2425.58,705.72,2025-07
ORD104342,2025-12-01,CUST1659,Home & Kitchen,Mixer Grinder,North,Website,Debit Card,1,3676.91,0.1,3676.91,755.32,2025-12
ORD104343,2025-04-30,CUST1864,Books,Python Programming,South,Mobile App,UPI,2,581.84,0.05,1163.68,284.07,2025-04
ORD104344,2025-08-27,CUST1289,Books,Business Management,West,Mobile App,Debit Card,3,475.24,0.05,1425.72,290.57,2025-08
ORD104345,2025-08-14,CUST2195,Beauty,Sunscreen,Central,Website,UPI,2,678.21,0.0,1356.42,423.28,2025-08
ORD104346,2025-03-23,CUST1041,Books,Business Management,South,Website,Debit Card,2,501.85,0.1,1003.7,234.79,2025-03
ORD104347,2025-02-15,CUST1262,Books,Python Programming,Central,Marketplace,UPI,3,588.69,0.1,1766.0700000000002,355.2,2025-02
ORD104348,2025-09-04,CUST1016,Fashion,Cotton T-Shirt,West,Website,Net Banking,1,709.17,0.0,709.17,209.79,2025-09
ORD104349,2025-12-24,CUST1390,Beauty,Face Wash,West,Website,Debit Card,2,392.64,0.0,785.28,248.42,2025-12
ORD104350,2025-12-28,CUST1499,Books,Data Analytics Guide,West,Website,Net Banking,5,748.35,0.1,3741.75,940.4,2025-12
ORD104351,2025-06-02,CUST1772,Home & Kitchen,Non-Stick Pan,West,Mobile App,Debit Card,3,1395.97,0.05,4187.91,611.15,2025-06
ORD104352,2025-12-28,CUST1183,Electronics,Smart Watch,East,Website,Credit Card,3,3480.19,0.2,10440.57,1244.11,2025-12
ORD104353,2025-06-13,CUST1991,Electronics,Smart Watch,West,Website,UPI,2,3127.56,0.0,6255.12,890.96,2025-06
ORD104354,2025-04-07,CUST1407,Fashion,Backpack,Central,Mobile App,Debit Card,1,1487.1,0.15,1487.1,327.69,2025-04
ORD104355,2025-10-22,CUST1061,Books,Business Management,Central,Mobile App,UPI,3,451.57,0.0,1354.71,378.94,2025-10
ORD104356,2025-05-28,CUST1930,Electronics,Smart Watch,Central,Mobile App,UPI,1,3580.75,0.1,3580.75,391.97,2025-05
ORD104357,2025-12-28,CUST1222,Fashion,Cotton T-Shirt,South,Website,UPI,3,768.06,0.0,2304.18,575.73,2025-12
ORD104358,2025-03-06,CUST1892,Fashion,Running Shoes,North,Mobile App,Net Banking,1,2281.12,0.0,2281.12,657.68,2025-03
ORD104359,2025-02-07,CUST1037,Electronics,USB-C Hub,South,Website,UPI,1,1398.05,0.1,1398.05,153.11,2025-02
ORD104360,2025-01-23,CUST1350,Fashion,Cotton T-Shirt,North,Mobile App,Credit Card,3,649.13,0.1,1947.3899999999999,556.62,2025-01
ORD104361,2025-10-02,CUST1344,Fashion,Cotton T-Shirt,North,Mobile App,UPI,1,659.18,0.25,659.18,159.56,2025-10
ORD104362,2025-07-18,CUST1888,Home & Kitchen,Mixer Grinder,South,Website,Credit Card,1,3267.94,0.05,3267.94,516.43,2025-07
ORD104363,2025-09-18,CUST1620,Electronics,Power Bank,Central,Website,UPI,3,956.41,0.05,2869.23,297.33,2025-09
ORD104364,2025-12-02,CUST1660,Fashion,Casual Shirt,North,Mobile App,Credit Card,1,1104.73,0.0,1104.73,350.49,2025-12
ORD104365,2025-12-22,CUST1787,Fashion,Cotton T-Shirt,Central,Mobile App,UPI,2,707.1,0.1,1414.2,329.36,2025-12
ORD104366,2025-02-04,CUST1895,Books,Data Analytics Guide,East,Website,Cash on Delivery,5,689.57,0.0,3447.8500000000004,945.42,2025-02
ORD104367,2025-11-13,CUST1916,Home & Kitchen,Storage Container Set,West,Website,Net Banking,1,826.58,0.1,826.58,171.51,2025-11
ORD104368,2025-11-18,CUST2000,Fashion,Casual Shirt,West,Website,Cash on Delivery,1,1150.85,0.2,1150.85,289.58,2025-11
ORD104369,2025-10-31,CUST2031,Electronics,Power Bank,East,Mobile App,UPI,2,1005.63,0.15,2011.26,285.64,2025-10
ORD104370,2025-08-17,CUST1345,Electronics,Wireless Headphones,Central,Marketplace,Debit Card,4,2381.4,0.2,9525.6,1394.28,2025-08
ORD104371,2025-06-23,CUST2148,Electronics,Power Bank,North,Website,UPI,2,1057.31,0.0,2114.62,357.4,2025-06
ORD104372,2025-12-26,CUST2155,Fashion,Backpack,South,Mobile App,Net Banking,3,1422.04,0.2,4266.12,1049.26,2025-12
ORD104373,2025-09-11,CUST1417,Fashion,Denim Jeans,West,Website,UPI,1,1585.15,0.15,1585.15,340.16,2025-09
ORD104374,2025-12-18,CUST1195,Home & Kitchen,Mixer Grinder,North,Website,UPI,3,3178.09,0.15,9534.27,1576.58,2025-12
ORD104375,2025-01-17,CUST1498,Fashion,Casual Shirt,Central,Mobile App,Cash on Delivery,1,1279.57,0.0,1279.57,376.51,2025-01
ORD104376,2025-11-11,CUST1614,Electronics,Bluetooth Speaker,Central,Mobile App,UPI,1,1706.72,0.15,1706.72,237.7,2025-11
ORD104377,2025-06-23,CUST1932,Beauty,Sunscreen,East,Website,Net Banking,1,713.41,0.1,713.41,189.59,2025-06
ORD104378,2025-08-04,CUST1107,Electronics,USB-C Hub,North,Marketplace,Cash on Delivery,2,1417.59,0.1,2835.18,410.93,2025-08
ORD104379,2025-01-20,CUST1741,Electronics,Power Bank,East,Website,UPI,2,1089.76,0.1,2179.52,336.94,2025-01
ORD104380,2025-08-15,CUST1649,Books,Data Analytics Guide,West,Mobile App,Debit Card,2,778.94,0.1,1557.88,371.45,2025-08
ORD104381,2025-03-21,CUST1020,Fashion,Running Shoes,East,Website,UPI,3,2413.19,0.0,7239.57,1783.45,2025-03
ORD104382,2025-01-29,CUST1135,Beauty,Perfume,Central,Mobile App,Credit Card,2,1284.65,0.05,2569.3,733.4,2025-01
ORD104383,2025-08-27,CUST1726,Electronics,Power Bank,East,Mobile App,Net Banking,1,937.55,0.1,937.55,142.13,2025-08
ORD104384,2025-03-20,CUST1592,Fashion,Casual Shirt,North,Website,Cash on Delivery,2,1185.66,0.15,2371.32,577.7,2025-03
ORD104385,2025-02-10,CUST1133,Electronics,Wireless Headphones,Central,Website,Net Banking,1,2723.19,0.1,2723.19,391.85,2025-02
ORD104386,2025-11-27,CUST1564,Fashion,Backpack,North,Mobile App,Cash on Delivery,3,1442.38,0.0,4327.14,1039.93,2025-11
ORD104387,2025-09-28,CUST2045,Fashion,Backpack,West,Website,UPI,1,1490.62,0.05,1490.62,338.65,2025-09
ORD104388,2025-10-23,CUST1954,Books,Data Analytics Guide,North,Website,Debit Card,1,704.8,0.05,704.8,171.29,2025-10
ORD104389,2025-12-28,CUST1476,Fashion,Running Shoes,North,Marketplace,UPI,2,2184.72,0.05,4369.44,1312.55,2025-12
ORD104390,2025-09-28,CUST1808,Electronics,Smart Watch,Central,Website,Cash on Delivery,1,3476.96,0.0,3476.96,483.35,2025-09
ORD104391,2025-02-12,CUST2072,Books,Fiction Novel,South,Mobile App,Debit Card,1,369.01,0.2,369.01,70.37,2025-02
ORD104392,2025-01-02,CUST1899,Books,Python Programming,Central,Website,Net Banking,3,571.52,0.1,1714.56,370.91,2025-01
ORD104393,2025-04-07,CUST1704,Fashion,Denim Jeans,East,Mobile App,UPI,2,1624.6,0.15,3249.2,716.06,2025-04
ORD104394,2025-07-30,CUST1011,Electronics,USB-C Hub,South,Mobile App,Cash on Delivery,1,1204.24,0.1,1204.24,164.02,2025-07
ORD104395,2025-04-29,CUST1376,Electronics,USB-C Hub,South,Mobile App,Credit Card,1,1226.89,0.1,1226.89,175.39,2025-04
ORD104396,2025-12-20,CUST1813,Electronics,Bluetooth Speaker,Central,Marketplace,Cash on Delivery,2,1770.61,0.0,3541.22,652.62,2025-12
ORD104397,2025-03-14,CUST1982,Electronics,Wireless Headphones,North,Mobile App,Credit Card,1,2646.91,0.2,2646.91,335.76,2025-03
ORD104398,2025-09-19,CUST1442,Home & Kitchen,Non-Stick Pan,Central,Mobile App,UPI,2,1324.59,0.05,2649.18,582.04,2025-09
ORD104399,2025-03-27,CUST2133,Fashion,Backpack,Central,Mobile App,Credit Card,1,1516.8,0.1,1516.8,449.61,2025-03
ORD104400,2025-09-21,CUST1735,Books,Data Analytics Guide,South,Marketplace,Debit Card,2,766.07,0.1,1532.14,298.71,2025-09
ORD104401,2025-04-30,CUST1214,Beauty,Shampoo,North,Mobile App,Debit Card,1,458.16,0.1,458.16,134.82,2025-04
ORD104402,2025-03-31,CUST1757,Electronics,Smart Watch,Central,Website,Debit Card,1,3324.86,0.2,3324.86,474.91,2025-03
ORD104403,2025-02-15,CUST1568,Fashion,Backpack,Central,Mobile App,UPI,3,1519.97,0.2,4559.91,975.0,2025-02
ORD104404,2025-01-05,CUST2090,Electronics,Power Bank,East,Website,Net Banking,2,974.53,0.1,1949.06,265.08,2025-01
ORD104405,2025-02-05,CUST1988,Home & Kitchen,Electric Kettle,North,Marketplace,Debit Card,2,1511.94,0.15,3023.88,474.72,2025-02
ORD104406,2025-01-13,CUST2081,Beauty,Shampoo,East,Mobile App,Credit Card,1,532.4,0.0,532.4,155.59,2025-01
ORD104407,2025-03-03,CUST1637,Home & Kitchen,Air Fryer,Central,Website,Credit Card,1,4528.18,0.25,4528.18,579.25,2025-03
ORD104408,2025-12-21,CUST1904,Fashion,Running Shoes,South,Mobile App,Cash on Delivery,1,2374.53,0.0,2374.53,591.21,2025-12
ORD104409,2025-04-01,CUST2106,Beauty,Shampoo,East,Website,Debit Card,1,523.16,0.05,523.16,159.14,2025-04
ORD104410,2025-06-16,CUST1645,Beauty,Sunscreen,North,Website,Net Banking,1,764.74,0.15,764.74,200.3,2025-06
ORD104411,2025-03-08,CUST1096,Electronics,USB-C Hub,South,Mobile App,Net Banking,2,1221.83,0.1,2443.66,400.5,2025-03
ORD104412,2025-03-10,CUST1923,Electronics,Bluetooth Speaker,South,Website,Cash on Delivery,1,1936.05,0.0,1936.05,330.21,2025-03
ORD104413,2025-12-12,CUST2165,Home & Kitchen,Mixer Grinder,South,Mobile App,UPI,2,3618.82,0.15,7237.64,1110.9,2025-12
ORD104414,2025-08-23,CUST1467,Fashion,Cotton T-Shirt,East,Marketplace,Debit Card,2,721.77,0.05,1443.54,377.47,2025-08
ORD104415,2025-08-05,CUST1345,Fashion,Casual Shirt,North,Mobile App,Cash on Delivery,5,1298.43,0.05,6492.150000000001,1779.73,2025-08
ORD104416,2025-03-05,CUST1502,Beauty,Face Wash,West,Website,Credit Card,1,427.3,0.2,427.3,92.76,2025-03
ORD104417,2025-10-20,CUST1241,Beauty,Perfume,Central,Mobile App,Cash on Delivery,4,1406.71,0.1,5626.84,1803.07,2025-10
ORD104418,2025-06-09,CUST1087,Electronics,USB-C Hub,East,Website,Cash on Delivery,2,1258.43,0.0,2516.86,480.84,2025-06
ORD104419,2025-02-23,CUST1443,Home & Kitchen,Non-Stick Pan,Central,Mobile App,Credit Card,1,1329.98,0.1,1329.98,265.56,2025-02
ORD104420,2025-06-16,CUST2129,Books,Business Management,Central,Website,UPI,1,459.3,0.1,459.3,103.69,2025-06
ORD104421,2025-07-08,CUST1543,Beauty,Moisturizer,East,Marketplace,Debit Card,1,580.95,0.0,580.95,203.27,2025-07
ORD104422,2025-11-26,CUST1006,Electronics,Wireless Headphones,West,Website,Cash on Delivery,2,2434.2,0.15,4868.4,633.09,2025-11
ORD104423,2025-02-17,CUST2027,Electronics,Wireless Headphones,Central,Mobile App,Debit Card,2,2320.01,0.0,4640.02,747.93,2025-02
ORD104424,2025-08-26,CUST1777,Books,Data Analytics Guide,West,Mobile App,Cash on Delivery,4,818.82,0.1,3275.28,676.08,2025-08
ORD104425,2025-09-10,CUST1475,Home & Kitchen,Non-Stick Pan,East,Website,Credit Card,1,1230.32,0.0,1230.32,205.05,2025-09
ORD104426,2025-09-05,CUST1665,Beauty,Shampoo,South,Website,Debit Card,1,543.02,0.1,543.02,170.02,2025-09
ORD104427,2025-06-23,CUST1186,Electronics,Smart Watch,South,Mobile App,Debit Card,1,3374.14,0.0,3374.14,502.33,2025-06
ORD104428,2025-02-10,CUST1015,Beauty,Face Wash,East,Website,Credit Card,1,397.18,0.15,397.18,103.91,2025-02
ORD104429,2025-12-28,CUST1517,Electronics,USB-C Hub,North,Website,UPI,2,1333.08,0.2,2666.16,332.92,2025-12
ORD104430,2025-05-20,CUST1144,Books,Machine Learning Basics,Central,Mobile App,Debit Card,1,860.95,0.25,860.95,151.51,2025-05
ORD104431,2025-03-12,CUST1480,Electronics,Wireless Headphones,North,Website,Debit Card,1,2390.62,0.05,2390.62,333.99,2025-03
ORD104432,2025-08-27,CUST1789,Electronics,Power Bank,Central,Mobile App,UPI,2,1076.43,0.1,2152.86,346.47,2025-08
ORD104433,2025-05-12,CUST1763,Electronics,USB-C Hub,South,Mobile App,UPI,5,1352.8,0.0,6764.0,929.74,2025-05
ORD104434,2025-02-08,CUST1425,Electronics,Wireless Headphones,West,Website,Cash on Delivery,1,2471.25,0.15,2471.25,324.25,2025-02
ORD104435,2025-08-05,CUST1863,Books,Data Analytics Guide,West,Website,Debit Card,5,689.85,0.1,3449.25,737.06,2025-08
ORD104436,2025-10-02,CUST1602,Fashion,Cotton T-Shirt,West,Mobile App,Credit Card,2,688.28,0.05,1376.56,378.76,2025-10
ORD104437,2025-09-05,CUST1737,Home & Kitchen,Non-Stick Pan,West,Mobile App,Net Banking,5,1248.61,0.1,6243.049999999999,1065.59,2025-09
ORD104438,2025-09-07,CUST1423,Books,Machine Learning Basics,East,Website,UPI,4,947.28,0.2,3789.12,852.0,2025-09
ORD104439,2025-06-11,CUST1736,Beauty,Moisturizer,West,Marketplace,Credit Card,1,600.26,0.1,600.26,164.86,2025-06
ORD104440,2025-09-11,CUST2190,Books,Fiction Novel,North,Website,Credit Card,2,400.24,0.1,800.48,182.22,2025-09
ORD104441,2025-02-23,CUST1790,Electronics,Wireless Headphones,Central,Mobile App,UPI,1,2482.51,0.15,2482.51,310.4,2025-02
ORD104442,2025-03-15,CUST1422,Fashion,Backpack,South,Marketplace,UPI,2,1374.47,0.05,2748.94,698.83,2025-03
ORD104443,2025-09-15,CUST1502,Books,Data Analytics Guide,Central,Website,Credit Card,1,768.41,0.0,768.41,160.15,2025-09
ORD104444,2025-12-22,CUST1723,Fashion,Backpack,West,Mobile App,Net Banking,3,1404.86,0.1,4214.58,1096.26,2025-12
ORD104445,2025-12-02,CUST2180,Electronics,Wireless Headphones,East,Mobile App,UPI,3,2474.71,0.25,7424.13,750.32,2025-12
ORD104446,2025-07-31,CUST1728,Home & Kitchen,Electric Kettle,West,Marketplace,UPI,2,1633.4,0.0,3266.8,686.93,2025-07
ORD104447,2025-05-16,CUST1735,Fashion,Backpack,West,Website,UPI,1,1366.57,0.15,1366.57,292.17,2025-05
ORD104448,2025-05-02,CUST1212,Fashion,Running Shoes,West,Website,UPI,1,2518.31,0.05,2518.31,662.91,2025-05
ORD104449,2025-08-22,CUST1934,Home & Kitchen,Mixer Grinder,East,Website,UPI,2,3573.35,0.1,7146.7,1514.63,2025-08
ORD104450,2025-07-18,CUST1994,Beauty,Face Wash,West,Marketplace,UPI,1,402.93,0.0,402.93,128.71,2025-07
ORD104451,2025-01-25,CUST1092,Home & Kitchen,Storage Container Set,North,Marketplace,Credit Card,2,843.08,0.15,1686.16,250.2,2025-01
ORD104452,2025-05-10,CUST2155,Fashion,Cotton T-Shirt,East,Website,Net Banking,4,697.72,0.1,2790.88,707.33,2025-05
ORD104453,2025-03-31,CUST1885,Books,Machine Learning Basics,West,Mobile App,Cash on Delivery,4,898.31,0.05,3593.24,899.22,2025-03
ORD104454,2025-12-23,CUST2046,Fashion,Backpack,East,Website,Credit Card,2,1278.44,0.1,2556.88,669.39,2025-12
ORD104455,2025-08-21,CUST1817,Books,Business Management,East,Mobile App,Debit Card,2,463.37,0.15,926.74,203.08,2025-08
ORD104456,2025-01-12,CUST1198,Beauty,Sunscreen,Central,Marketplace,Credit Card,2,731.63,0.1,1463.26,501.05,2025-01
ORD104457,2025-09-07,CUST2063,Books,Python Programming,West,Mobile App,Net Banking,1,572.54,0.15,572.54,120.16,2025-09
ORD104458,2025-04-10,CUST1581,Electronics,Bluetooth Speaker,South,Website,Debit Card,2,1658.34,0.0,3316.68,583.41,2025-04
ORD104459,2025-06-19,CUST2171,Beauty,Shampoo,West,Website,UPI,2,530.07,0.05,1060.14,295.82,2025-06
ORD104460,2025-08-01,CUST1004,Beauty,Sunscreen,West,Mobile App,UPI,1,630.44,0.0,630.44,202.26,2025-08
ORD104461,2025-03-23,CUST1567,Books,Data Analytics Guide,West,Website,Credit Card,1,751.88,0.05,751.88,194.15,2025-03
ORD104462,2025-04-02,CUST1624,Books,Fiction Novel,West,Mobile App,UPI,2,422.62,0.25,845.24,162.48,2025-04
ORD104463,2025-12-27,CUST1043,Home & Kitchen,Mixer Grinder,Central,Marketplace,Net Banking,1,3179.64,0.15,3179.64,434.99,2025-12
ORD104464,2025-09-14,CUST1522,Books,Fiction Novel,South,Mobile App,Debit Card,2,427.42,0.0,854.84,222.09,2025-09
ORD104465,2025-10-03,CUST1062,Home & Kitchen,Air Fryer,East,Mobile App,UPI,1,4776.73,0.2,4776.73,888.05,2025-10
ORD104466,2025-08-12,CUST1431,Books,Python Programming,West,Website,Cash on Delivery,3,559.58,0.0,1678.7400000000002,465.41,2025-08
ORD104467,2025-03-13,CUST1990,Books,Data Analytics Guide,East,Mobile App,UPI,2,813.68,0.05,1627.36,367.37,2025-03
ORD104468,2025-11-27,CUST1038,Electronics,Smart Watch,West,Website,Debit Card,3,3369.78,0.1,10109.34,1161.44,2025-11
ORD104469,2025-07-01,CUST1152,Home & Kitchen,Electric Kettle,Central,Marketplace,Credit Card,1,1567.46,0.05,1567.46,290.06,2025-07
ORD104470,2025-05-13,CUST1388,Fashion,Casual Shirt,Central,Marketplace,Cash on Delivery,1,1119.96,0.0,1119.96,285.84,2025-05
ORD104471,2025-06-11,CUST1095,Beauty,Moisturizer,South,Marketplace,Net Banking,2,656.86,0.0,1313.72,419.93,2025-06
ORD104472,2025-07-01,CUST1820,Home & Kitchen,Non-Stick Pan,East,Website,Credit Card,1,1182.31,0.1,1182.31,204.88,2025-07
ORD104473,2025-10-17,CUST1367,Fashion,Unknown,East,Mobile App,Cash on Delivery,1,692.31,0.2,692.31,168.81,2025-10
ORD104474,2025-03-31,CUST2049,Electronics,Power Bank,North,Website,UPI,1,1090.28,0.2,1090.28,147.36,2025-03
ORD104475,2025-09-13,CUST2031,Books,Fiction Novel,West,Mobile App,Net Banking,1,432.06,0.0,432.06,92.22,2025-09
ORD104476,2025-09-03,CUST1063,Fashion,Denim Jeans,Central,Mobile App,Net Banking,4,1399.76,0.0,5599.04,1622.32,2025-09
ORD104477,2025-01-21,CUST1154,Books,Python Programming,North,Mobile App,UPI,1,656.66,0.2,656.66,116.29,2025-01
ORD104478,2025-10-20,CUST1066,Fashion,Casual Shirt,North,Website,Credit Card,1,1225.41,0.1,1225.41,300.15,2025-10
ORD104479,2025-09-24,CUST1794,Fashion,Backpack,West,Mobile App,Debit Card,3,1330.78,0.1,3992.34,1137.84,2025-09
ORD104480,2025-02-20,CUST1972,Fashion,Running Shoes,North,Marketplace,UPI,1,2073.55,0.0,2073.55,575.44,2025-02
ORD104481,2025-09-23,CUST1144,Electronics,Wireless Headphones,East,Website,Net Banking,1,2494.89,0.2,2494.89,305.95,2025-09
ORD104482,2025-07-05,CUST1591,Beauty,Shampoo,West,Website,Net Banking,1,518.51,0.0,518.51,165.63,2025-07
ORD104483,2025-05-31,CUST1204,Electronics,USB-C Hub,Central,Website,Credit Card,1,1331.52,0.15,1331.52,199.33,2025-05
ORD104484,2025-09-14,CUST1867,Beauty,Shampoo,Central,Marketplace,UPI,2,478.33,0.0,956.66,327.86,2025-09
ORD104485,2025-09-03,CUST1801,Electronics,Power Bank,Central,Mobile App,UPI,3,1056.0,0.0,3168.0,562.0,2025-09
ORD104486,2025-07-11,CUST1558,Home & Kitchen,Storage Container Set,Central,Mobile App,Net Banking,4,934.63,0.05,3738.52,733.89,2025-07
ORD104487,2025-12-06,CUST1420,Home & Kitchen,Mixer Grinder,Central,Website,UPI,2,3769.9,0.15,7539.8,1182.33,2025-12
ORD104488,2025-10-18,CUST1801,Electronics,Smart Watch,North,Mobile App,UPI,3,3523.55,0.0,10570.650000000001,1500.94,2025-10
ORD104489,2025-09-10,CUST1593,Electronics,Wireless Headphones,West,Mobile App,Debit Card,2,2516.09,0.25,5032.18,416.08,2025-09
ORD104490,2025-01-05,CUST2173,Fashion,Running Shoes,Central,Website,UPI,1,2221.35,0.0,2221.35,613.71,2025-01
ORD104491,2025-11-23,CUST2164,Home & Kitchen,Mixer Grinder,West,Mobile App,Cash on Delivery,1,3515.57,0.0,3515.57,630.61,2025-11
ORD104492,2025-07-25,CUST1639,Fashion,Denim Jeans,South,Mobile App,Cash on Delivery,1,1614.8,0.1,1614.8,450.41,2025-07
ORD104493,2025-09-06,CUST1702,Beauty,Face Wash,North,Website,UPI,1,396.44,0.15,396.44,113.18,2025-09
ORD104494,2025-01-01,CUST1876,Books,Data Analytics Guide,Central,Website,UPI,1,708.16,0.05,708.16,191.42,2025-01
ORD104495,2025-06-17,CUST1391,Books,Machine Learning Basics,East,Website,Credit Card,1,953.35,0.2,953.35,200.09,2025-06
ORD104496,2025-01-26,CUST2198,Electronics,Wireless Headphones,Central,Marketplace,UPI,1,2628.98,0.0,2628.98,424.77,2025-01
ORD104497,2025-09-15,CUST1054,Fashion,Cotton T-Shirt,West,Mobile App,Credit Card,1,657.58,0.2,657.58,147.85,2025-09
ORD104498,2025-07-08,CUST1053,Electronics,Bluetooth Speaker,North,Mobile App,Credit Card,1,1977.1,0.15,1977.1,253.44,2025-07
ORD104499,2025-12-06,CUST1866,Home & Kitchen,Mixer Grinder,North,Mobile App,Debit Card,3,3689.03,0.1,11067.09,2228.55,2025-12
ORD104500,2025-10-25,CUST1013,Beauty,Shampoo,Central,Mobile App,Net Banking,2,456.64,0.05,913.28,278.09,2025-10
ORD104501,2025-03-10,CUST1308,Electronics,Wireless Headphones,West,Mobile App,UPI,1,2295.08,0.1,2295.08,359.61,2025-03
ORD104502,2025-01-05,CUST1691,Fashion,Running Shoes,East,Mobile App,Debit Card,1,2105.65,0.05,2105.65,471.2,2025-01
ORD104503,2025-02-13,CUST1197,Fashion,Cotton T-Shirt,East,Website,UPI,5,632.07,0.05,3160.3500000000004,810.55,2025-02
ORD104504,2025-12-10,CUST1548,Books,Fiction Novel,East,Website,Cash on Delivery,2,430.86,0.15,861.72,168.58,2025-12
ORD104505,2025-01-16,CUST1983,Electronics,USB-C Hub,West,Website,Credit Card,5,1281.45,0.2,6407.25,854.08,2025-01
ORD104506,2025-01-31,CUST1955,Home & Kitchen,Non-Stick Pan,Central,Website,Cash on Delivery,1,1336.42,0.2,1336.42,282.91,2025-01
ORD104507,2025-03-08,CUST1026,Books,Business Management,Central,Website,Net Banking,2,485.29,0.1,970.58,227.58,2025-03
ORD104508,2025-03-28,CUST1449,Fashion,Running Shoes,East,Website,UPI,1,2430.48,0.1,2430.48,647.76,2025-03
ORD104509,2025-11-20,CUST1627,Home & Kitchen,Electric Kettle,Central,Website,UPI,1,1471.82,0.1,1471.82,258.48,2025-11
ORD104510,2025-12-19,CUST1574,Beauty,Face Wash,Central,Website,UPI,1,379.26,0.15,379.26,101.78,2025-12
ORD104511,2025-07-18,CUST1683,Books,Business Management,North,Mobile App,Debit Card,2,478.81,0.1,957.62,207.57,2025-07
ORD104512,2025-08-18,CUST1187,Electronics,Power Bank,North,Website,Credit Card,1,965.36,0.15,965.36,125.08,2025-08
ORD104513,2025-07-13,CUST1292,Home & Kitchen,Air Fryer,East,Website,UPI,3,4990.68,0.1,14972.04,3184.29,2025-07
ORD104514,2025-01-15,CUST2168,Beauty,Face Wash,West,Mobile App,Debit Card,2,371.23,0.2,742.46,199.71,2025-01
ORD104515,2025-03-12,CUST1931,Electronics,Power Bank,West,Website,Debit Card,1,945.75,0.1,945.75,155.9,2025-03
ORD104516,2025-03-17,CUST1506,Books,Machine Learning Basics,Central,Mobile App,Net Banking,1,923.05,0.05,923.05,208.39,2025-03
ORD104517,2025-10-11,CUST1178,Fashion,Cotton T-Shirt,South,Marketplace,UPI,1,701.08,0.05,701.08,183.67,2025-10
ORD104518,2025-03-21,CUST1476,Beauty,Perfume,West,Website,Credit Card,1,1423.05,0.05,1423.05,436.28,2025-03
ORD104519,2025-09-02,CUST1524,Fashion,Casual Shirt,West,Website,UPI,3,1114.91,0.0,3344.7300000000005,909.47,2025-09
ORD104520,2025-09-26,CUST1796,Books,Machine Learning Basics,Central,Website,UPI,2,926.92,0.15,1853.84,359.7,2025-09
ORD104521,2025-09-18,CUST1490,Home & Kitchen,Storage Container Set,East,Mobile App,Credit Card,2,857.75,0.0,1715.5,349.47,2025-09
ORD104522,2025-03-02,CUST1364,Fashion,Casual Shirt,Central,Website,Credit Card,1,1284.48,0.15,1284.48,309.58,2025-03
ORD104523,2025-04-17,CUST1196,Electronics,Wireless Headphones,North,Website,Net Banking,4,2721.44,0.1,10885.76,1782.29,2025-04
ORD104524,2025-10-19,CUST1364,Electronics,Bluetooth Speaker,West,Website,Cash on Delivery,4,1750.86,0.0,7003.44,1149.71,2025-10
ORD104525,2025-01-19,CUST1941,Electronics,Smart Watch,North,Website,Net Banking,1,3343.63,0.0,3343.63,511.78,2025-01
ORD104526,2025-03-24,CUST1024,Electronics,USB-C Hub,North,Mobile App,UPI,3,1218.93,0.0,3656.79,564.25,2025-03
ORD104527,2025-01-19,CUST1528,Electronics,Bluetooth Speaker,South,Mobile App,UPI,3,1788.42,0.0,5365.26,788.2,2025-01
ORD104528,2025-02-11,CUST1165,Home & Kitchen,Mixer Grinder,North,Marketplace,UPI,1,3586.24,0.0,3586.24,819.55,2025-02
ORD104529,2025-06-02,CUST1323,Electronics,Bluetooth Speaker,West,Mobile App,UPI,1,1843.81,0.15,1843.81,242.32,2025-06
ORD104530,2025-10-18,CUST1172,Books,Business Management,Central,Marketplace,Debit Card,2,482.79,0.05,965.58,247.37,2025-10
ORD104531,2025-06-27,CUST1344,Home & Kitchen,Electric Kettle,North,Mobile App,Credit Card,2,1444.89,0.15,2889.78,448.86,2025-06
ORD104532,2025-10-16,CUST1137,Beauty,Perfume,South,Website,UPI,1,1359.67,0.1,1359.67,380.76,2025-10
ORD104533,2025-10-17,CUST1863,Electronics,USB-C Hub,East,Mobile App,Net Banking,3,1203.69,0.05,3611.07,561.69,2025-10
ORD104534,2025-06-29,CUST1214,Home & Kitchen,Mixer Grinder,North,Website,Cash on Delivery,1,3220.21,0.15,3220.21,512.95,2025-06
ORD104535,2025-05-16,CUST2183,Home & Kitchen,Non-Stick Pan,Central,Website,UPI,1,1421.01,0.25,1421.01,221.35,2025-05
ORD104536,2025-09-24,CUST2147,Books,Data Analytics Guide,North,Website,Debit Card,1,704.92,0.15,704.92,168.18,2025-09
ORD104537,2025-05-03,CUST1392,Electronics,USB-C Hub,East,Mobile App,Debit Card,1,1392.98,0.1,1392.98,277.85,2025-05
ORD104538,2025-09-18,CUST1482,Fashion,Cotton T-Shirt,North,Website,Credit Card,5,662.63,0.15,3313.15,850.61,2025-09
ORD104539,2025-02-25,CUST1249,Fashion,Casual Shirt,Central,Marketplace,Cash on Delivery,3,1102.08,0.05,3306.24,765.18,2025-02
ORD104540,2025-06-15,CUST2080,Books,Data Analytics Guide,South,Mobile App,UPI,5,784.21,0.05,3921.05,869.66,2025-06
ORD104541,2025-01-07,CUST1308,Fashion,Denim Jeans,North,Mobile App,Net Banking,2,1581.56,0.0,3163.12,1010.43,2025-01
ORD104542,2025-02-01,CUST1934,Home & Kitchen,Electric Kettle,South,Mobile App,Cash on Delivery,2,1595.01,0.15,3190.02,512.04,2025-02
ORD104543,2025-10-01,CUST1741,Electronics,Power Bank,Central,Website,Credit Card,1,922.97,0.0,922.97,156.25,2025-10
ORD104544,2025-01-07,CUST1929,Books,Machine Learning Basics,North,Mobile App,Net Banking,1,986.5,0.1,986.5,183.59,2025-01
ORD104545,2025-12-20,CUST1432,Electronics,Bluetooth Speaker,East,Website,Credit Card,3,1675.71,0.25,5027.13,592.74,2025-12
ORD104546,2025-06-04,CUST1610,Fashion,Cotton T-Shirt,Central,Mobile App,UPI,5,748.11,0.1,3740.55,1005.28,2025-06
ORD104547,2025-06-29,CUST1491,Beauty,Moisturizer,North,Website,Cash on Delivery,2,586.61,0.1,1173.22,379.58,2025-06
ORD104548,2025-03-25,CUST1755,Home & Kitchen,Air Fryer,West,Mobile App,UPI,1,5224.66,0.05,5224.66,1025.79,2025-03
ORD104549,2025-08-06,CUST1153,Beauty,Shampoo,Central,Mobile App,Net Banking,2,517.44,0.1,1034.88,281.48,2025-08
ORD104550,2025-08-16,CUST2169,Electronics,Power Bank,North,Marketplace,Debit Card,1,930.79,0.05,930.79,126.78,2025-08
ORD104551,2025-05-16,CUST1551,Beauty,Moisturizer,North,Website,Credit Card,2,615.11,0.15,1230.22,330.04,2025-05
ORD104552,2025-04-24,CUST1135,Home & Kitchen,Mixer Grinder,East,Mobile App,UPI,1,3597.08,0.05,3597.08,661.52,2025-04
ORD104553,2025-10-08,CUST2106,Electronics,USB-C Hub,East,Website,Debit Card,1,1252.03,0.2,1252.03,132.5,2025-10
ORD104554,2025-12-05,CUST1221,Beauty,Perfume,South,Mobile App,Cash on Delivery,1,1260.22,0.1,1260.22,380.57,2025-12
ORD104555,2025-11-17,CUST2114,Beauty,Sunscreen,North,Mobile App,Debit Card,2,706.79,0.1,1413.58,420.18,2025-11
ORD104556,2025-09-14,CUST1397,Home & Kitchen,Mixer Grinder,Central,Website,Net Banking,1,3736.69,0.15,3736.69,678.64,2025-09
ORD104557,2025-10-11,CUST1887,Electronics,Smart Watch,West,Website,Net Banking,2,3048.75,0.15,6097.5,844.54,2025-10
ORD104558,2025-12-22,CUST1665,Home & Kitchen,Mixer Grinder,Central,Mobile App,Credit Card,1,3335.99,0.05,3335.99,535.97,2025-12
ORD104559,2025-05-03,CUST1285,Electronics,Power Bank,East,Mobile App,Credit Card,3,909.35,0.1,2728.05,466.15,2025-05
ORD104560,2025-09-18,CUST1479,Books,Machine Learning Basics,North,Website,Debit Card,1,861.22,0.05,861.22,166.85,2025-09
ORD104561,2025-04-16,CUST2081,Electronics,Power Bank,West,Website,Cash on Delivery,1,978.91,0.0,978.91,155.67,2025-04
ORD104562,2025-10-02,CUST2060,Electronics,Wireless Headphones,Central,Website,Credit Card,1,2276.11,0.1,2276.11,412.89,2025-10
ORD104563,2025-10-24,CUST1424,Electronics,Smart Watch,East,Website,Net Banking,2,3145.31,0.25,6290.62,729.62,2025-10
ORD104564,2025-08-01,CUST1514,Electronics,Bluetooth Speaker,North,Mobile App,Debit Card,4,1695.7,0.05,6782.8,840.63,2025-08
ORD104565,2025-10-07,CUST1914,Fashion,Cotton T-Shirt,North,Website,Net Banking,2,641.78,0.05,1283.56,332.42,2025-10
ORD104566,2025-07-04,CUST2021,Electronics,Smart Watch,East,Website,Cash on Delivery,1,3127.93,0.1,3127.93,480.83,2025-07
ORD104567,2025-02-23,CUST1774,Electronics,Power Bank,South,Mobile App,UPI,1,1029.59,0.05,1029.59,150.52,2025-02
ORD104568,2025-08-14,CUST1302,Fashion,Casual Shirt,Central,Website,Credit Card,1,1191.51,0.15,1191.51,288.38,2025-08
ORD104569,2025-07-04,CUST2055,Electronics,Wireless Headphones,West,Mobile App,UPI,1,2746.88,0.25,2746.88,289.42,2025-07
ORD104570,2025-06-12,CUST1479,Fashion,Running Shoes,West,Website,UPI,2,2156.61,0.15,4313.22,945.15,2025-06
ORD104571,2025-12-23,CUST2075,Fashion,Cotton T-Shirt,East,Website,Debit Card,4,651.69,0.15,2606.76,668.28,2025-12
ORD104572,2025-04-01,CUST1922,Beauty,Moisturizer,East,Website,UPI,3,580.35,0.0,1741.0500000000002,476.23,2025-04
ORD104573,2025-02-22,CUST1156,Electronics,Bluetooth Speaker,Central,Marketplace,Debit Card,3,1945.23,0.1,5835.6900000000005,737.68,2025-02
ORD104574,2025-01-27,CUST1123,Beauty,Sunscreen,East,Website,UPI,1,756.67,0.15,756.67,193.98,2025-01
ORD104575,2025-11-05,CUST1513,Books,Fiction Novel,South,Mobile App,UPI,2,379.44,0.25,758.88,137.23,2025-11
ORD104576,2025-11-11,CUST1909,Electronics,Power Bank,Central,Website,UPI,2,977.58,0.0,1955.16,306.63,2025-11
ORD104577,2025-07-16,CUST1263,Electronics,Smart Watch,East,Mobile App,UPI,2,3265.55,0.05,6531.1,1104.87,2025-07
ORD104578,2025-06-07,CUST1271,Beauty,Shampoo,North,Mobile App,Debit Card,1,486.38,0.2,486.38,116.8,2025-06
ORD104579,2025-11-06,CUST1234,Electronics,USB-C Hub,South,Mobile App,Debit Card,3,1218.91,0.1,3656.7300000000005,585.61,2025-11
ORD104580,2025-04-29,CUST1696,Fashion,Cotton T-Shirt,North,Website,UPI,4,651.1,0.0,2604.4,727.28,2025-04
ORD104581,2025-01-06,CUST1703,Books,Data Analytics Guide,North,Marketplace,UPI,1,807.62,0.15,807.62,151.4,2025-01
ORD104582,2025-05-13,CUST1949,Fashion,Casual Shirt,North,Website,Net Banking,2,1305.87,0.05,2611.74,716.69,2025-05
ORD104583,2025-08-17,CUST2116,Books,Fiction Novel,North,Mobile App,UPI,4,408.75,0.0,1635.0,348.39,2025-08
ORD104584,2025-11-23,CUST1121,Books,Fiction Novel,North,Website,Net Banking,1,434.03,0.1,434.03,119.06,2025-11
ORD104585,2025-12-03,CUST1590,Electronics,Bluetooth Speaker,East,Website,Cash on Delivery,2,1732.3,0.25,3464.6,442.46,2025-12
ORD104586,2025-07-05,CUST1683,Home & Kitchen,Storage Container Set,Central,Website,UPI,2,860.35,0.1,1720.7,319.1,2025-07
ORD104587,2025-01-25,CUST1078,Books,Python Programming,East,Website,Credit Card,2,566.05,0.05,1132.1,239.62,2025-01
ORD104588,2025-09-24,CUST1040,Fashion,Backpack,West,Marketplace,Credit Card,1,1313.13,0.0,1313.13,366.6,2025-09
ORD104589,2025-07-17,CUST1082,Fashion,Running Shoes,Central,Mobile App,Net Banking,1,2498.14,0.05,2498.14,565.66,2025-07
ORD104590,2025-08-11,CUST1769,Home & Kitchen,Non-Stick Pan,South,Mobile App,Credit Card,3,1332.27,0.0,3996.81,858.81,2025-08
ORD104591,2025-07-26,CUST1619,Books,Business Management,West,Website,Net Banking,3,530.78,0.2,1592.34,318.38,2025-07
ORD104592,2025-12-02,CUST1470,Fashion,Casual Shirt,West,Mobile App,UPI,1,1209.47,0.05,1209.47,330.79,2025-12
ORD104593,2025-02-01,CUST1096,Home & Kitchen,Storage Container Set,Central,Website,UPI,2,913.25,0.1,1826.5,345.05,2025-02
ORD104594,2025-09-12,CUST1131,Electronics,Bluetooth Speaker,Central,Marketplace,Cash on Delivery,1,1740.93,0.0,1740.93,318.9,2025-09
ORD104595,2025-11-14,CUST1608,Home & Kitchen,Air Fryer,South,Mobile App,Debit Card,1,5433.38,0.15,5433.38,1017.47,2025-11
ORD104596,2025-05-01,CUST1248,Fashion,Denim Jeans,East,Mobile App,UPI,5,1501.99,0.0,7509.95,2299.89,2025-05
ORD104597,2025-10-22,CUST1039,Beauty,Sunscreen,East,Mobile App,UPI,1,768.85,0.2,768.85,199.55,2025-10
ORD104598,2025-05-21,CUST1182,Electronics,Power Bank,South,Marketplace,Credit Card,2,1030.76,0.0,2061.52,361.89,2025-05
ORD104599,2025-03-01,CUST1109,Home & Kitchen,Non-Stick Pan,North,Website,Debit Card,1,1372.24,0.0,1372.24,233.86,2025-03
ORD104600,2025-08-17,CUST1471,Fashion,Cotton T-Shirt,South,Website,Credit Card,3,709.27,0.0,2127.81,583.45,2025-08
ORD104601,2025-10-12,CUST2087,Home & Kitchen,Non-Stick Pan,South,Website,Cash on Delivery,1,1360.67,0.1,1360.67,202.56,2025-10
ORD104602,2025-04-09,CUST1661,Beauty,Perfume,North,Website,Debit Card,2,1374.33,0.0,2748.66,791.36,2025-04
ORD104603,2025-09-14,CUST1858,Beauty,Shampoo,North,Website,Debit Card,1,484.32,0.2,484.32,114.7,2025-09
ORD104604,2025-09-10,CUST1542,Electronics,Power Bank,West,Website,Debit Card,2,953.93,0.0,1907.86,380.17,2025-09
ORD104605,2025-07-28,CUST1435,Books,Business Management,West,Mobile App,UPI,1,496.85,0.1,496.85,117.66,2025-07
ORD104606,2025-06-06,CUST1114,Beauty,Sunscreen,Central,Marketplace,UPI,1,674.58,0.1,674.58,194.25,2025-06
ORD104607,2025-01-21,CUST1258,Electronics,Smart Watch,East,Website,Credit Card,1,3072.98,0.1,3072.98,476.97,2025-01
ORD104608,2025-05-14,CUST1961,Books,Fiction Novel,South,Mobile App,UPI,5,433.1,0.1,2165.5,553.28,2025-05
ORD104609,2025-07-26,CUST1139,Books,Python Programming,Central,Website,UPI,2,601.32,0.05,1202.64,293.18,2025-07
ORD104610,2025-08-05,CUST1004,Books,Data Analytics Guide,South,Marketplace,UPI,2,817.78,0.0,1635.56,450.89,2025-08
ORD104611,2025-10-06,CUST2028,Home & Kitchen,Mixer Grinder,West,Website,Net Banking,1,3471.04,0.05,3471.04,590.15,2025-10
ORD104612,2025-05-14,CUST2134,Electronics,Power Bank,Central,Website,UPI,1,955.59,0.05,955.59,163.01,2025-05
ORD104613,2025-12-09,CUST1256,Beauty,Perfume,East,Mobile App,Cash on Delivery,1,1329.1,0.15,1329.1,337.38,2025-12
ORD104614,2025-02-23,CUST1417,Fashion,Backpack,Central,Mobile App,Credit Card,1,1326.52,0.1,1326.52,303.08,2025-02
ORD104615,2025-12-29,CUST1268,Beauty,Shampoo,North,Mobile App,UPI,2,502.81,0.15,1005.62,288.93,2025-12
ORD104616,2025-02-08,CUST1970,Home & Kitchen,Storage Container Set,South,Marketplace,UPI,1,980.79,0.1,980.79,182.34,2025-02
ORD104617,2025-12-03,CUST1009,Electronics,Bluetooth Speaker,North,Website,Debit Card,2,1756.24,0.1,3512.48,590.5,2025-12
ORD104618,2025-04-14,CUST1278,Books,Data Analytics Guide,North,Website,Cash on Delivery,1,680.03,0.0,680.03,153.18,2025-04
ORD104619,2025-12-08,CUST1174,Electronics,Bluetooth Speaker,West,Mobile App,Credit Card,1,1790.42,0.05,1790.42,282.86,2025-12
ORD104620,2025-01-05,CUST1499,Home & Kitchen,Non-Stick Pan,South,Mobile App,Credit Card,3,1384.05,0.0,4152.15,898.48,2025-01
ORD104621,2025-11-19,CUST1370,Home & Kitchen,Mixer Grinder,West,Website,UPI,1,3313.73,0.25,3313.73,559.1,2025-11
ORD104622,2025-11-05,CUST1485,Books,Data Analytics Guide,East,Marketplace,Net Banking,3,795.37,0.2,2386.11,386.04,2025-11
ORD104623,2025-06-30,CUST1398,Electronics,Smart Watch,South,Mobile App,Debit Card,3,3585.72,0.15,10757.16,1567.79,2025-06
ORD104624,2025-04-13,CUST1521,Beauty,Moisturizer,West,Marketplace,Debit Card,1,652.27,0.05,652.27,204.26,2025-04
ORD104625,2025-06-13,CUST1945,Beauty,Sunscreen,North,Website,Cash on Delivery,2,760.95,0.0,1521.9,522.29,2025-06
ORD104626,2025-11-20,CUST1843,Books,Business Management,East,Marketplace,Debit Card,1,463.3,0.1,463.3,93.34,2025-11
ORD104627,2025-04-27,CUST1970,Fashion,Running Shoes,North,Marketplace,Cash on Delivery,2,2287.0,0.1,4574.0,1111.33,2025-04
ORD104628,2025-08-13,CUST1629,Beauty,Perfume,South,Marketplace,UPI,1,1394.07,0.15,1394.07,382.98,2025-08
ORD104629,2025-02-13,CUST1502,Electronics,USB-C Hub,North,Marketplace,UPI,1,1366.65,0.2,1366.65,148.32,2025-02
ORD104630,2025-01-15,CUST1549,Home & Kitchen,Air Fryer,South,Marketplace,UPI,1,5053.27,0.15,5053.27,751.6,2025-01
ORD104631,2025-07-02,CUST1245,Fashion,Denim Jeans,West,Mobile App,Credit Card,1,1387.12,0.15,1387.12,369.88,2025-07
ORD104632,2025-01-12,CUST1517,Beauty,Face Wash,South,Website,UPI,1,362.33,0.1,362.33,88.23,2025-01
ORD104633,2025-10-20,CUST1746,Fashion,Denim Jeans,Central,Website,Credit Card,1,1572.05,0.05,1572.05,385.9,2025-10
ORD104634,2025-08-02,CUST1725,Books,Business Management,South,Website,Net Banking,4,464.69,0.05,1858.76,468.75,2025-08
ORD104635,2025-05-08,CUST2048,Electronics,Smart Watch,East,Mobile App,UPI,1,3209.85,0.0,3209.85,504.22,2025-05
ORD104636,2025-07-27,CUST2177,Fashion,Cotton T-Shirt,South,Marketplace,Credit Card,1,762.61,0.1,762.61,197.13,2025-07
ORD104637,2025-11-04,CUST1040,Electronics,USB-C Hub,East,Marketplace,Net Banking,3,1218.32,0.25,3654.96,500.34,2025-11
ORD104638,2025-08-02,CUST1733,Electronics,Wireless Headphones,Central,Mobile App,Credit Card,1,2443.52,0.05,2443.52,328.87,2025-08
ORD104639,2025-10-22,CUST1570,Books,Python Programming,West,Marketplace,Debit Card,1,622.8,0.15,622.8,120.66,2025-10
ORD104640,2025-08-21,CUST1267,Home & Kitchen,Non-Stick Pan,South,Marketplace,Debit Card,1,1392.61,0.05,1392.61,220.09,2025-08
ORD104641,2025-07-03,CUST1861,Books,Business Management,East,Website,UPI,1,472.34,0.1,472.34,106.46,2025-07
ORD104642,2025-06-11,CUST1639,Electronics,Wireless Headphones,South,Mobile App,UPI,1,2468.06,0.05,2468.06,327.98,2025-06
ORD104643,2025-10-07,CUST1364,Fashion,Running Shoes,South,Website,UPI,1,2100.85,0.05,2100.85,474.62,2025-10
ORD104644,2025-08-18,CUST1272,Fashion,Casual Shirt,East,Website,Cash on Delivery,1,1137.92,0.0,1137.92,297.05,2025-08
ORD104645,2025-11-02,CUST1172,Electronics,Wireless Headphones,North,Website,UPI,3,2261.91,0.05,6785.73,981.7,2025-11
ORD104646,2025-04-25,CUST2148,Home & Kitchen,Non-Stick Pan,West,Mobile App,UPI,1,1375.09,0.15,1375.09,246.87,2025-04
ORD104647,2025-08-16,CUST1900,Home & Kitchen,Electric Kettle,West,Mobile App,Debit Card,1,1574.02,0.0,1574.02,332.86,2025-08
ORD104648,2025-08-09,CUST1233,Home & Kitchen,Mixer Grinder,North,Website,Credit Card,1,3841.93,0.05,3841.93,541.11,2025-08
ORD104649,2025-06-12,CUST1223,Electronics,Smart Watch,North,Website,UPI,1,3116.32,0.1,3116.32,369.27,2025-06
ORD104650,2025-06-10,CUST1061,Books,Business Management,Central,Website,Cash on Delivery,3,523.21,0.15,1569.63,370.97,2025-06
ORD104651,2025-07-24,CUST1295,Electronics,Bluetooth Speaker,Central,Mobile App,UPI,2,1787.11,0.1,3574.22,554.82,2025-07
ORD104652,2025-07-11,CUST1198,Beauty,Sunscreen,South,Mobile App,UPI,1,638.86,0.05,638.86,166.04,2025-07
ORD104653,2025-10-09,CUST1241,Fashion,Backpack,North,Website,UPI,2,1340.27,0.0,2680.54,684.93,2025-10
ORD104654,2025-02-12,CUST1875,Home & Kitchen,Electric Kettle,Central,Website,UPI,2,1445.38,0.2,2890.76,507.65,2025-02
ORD104655,2025-07-20,CUST1068,Books,Fiction Novel,West,Website,Credit Card,2,435.79,0.0,871.58,207.26,2025-07
ORD104656,2025-12-26,CUST1133,Beauty,Moisturizer,Central,Website,Debit Card,1,559.25,0.15,559.25,153.71,2025-12
ORD104657,2025-04-11,CUST1798,Books,Data Analytics Guide,West,Mobile App,Cash on Delivery,1,813.99,0.0,813.99,187.83,2025-04
ORD104658,2025-03-14,CUST1255,Electronics,Bluetooth Speaker,West,Website,Debit Card,3,1882.77,0.0,5648.3099999999995,889.75,2025-03
ORD104659,2025-06-27,CUST2136,Books,Machine Learning Basics,Central,Website,UPI,1,985.17,0.0,985.17,243.71,2025-06
ORD104660,2025-10-25,CUST1593,Electronics,Power Bank,West,Website,UPI,1,903.27,0.05,903.27,94.5,2025-10
ORD104661,2025-09-17,CUST2021,Home & Kitchen,Mixer Grinder,East,Mobile App,Cash on Delivery,1,3462.9,0.15,3462.9,593.0,2025-09
ORD104662,2025-04-24,CUST1365,Home & Kitchen,Storage Container Set,North,Mobile App,UPI,3,896.41,0.15,2689.23,502.65,2025-04
ORD104663,2025-05-03,CUST1915,Fashion,Running Shoes,East,Website,Debit Card,1,2355.71,0.15,2355.71,569.01,2025-05
ORD104664,2025-02-26,CUST1425,Electronics,Bluetooth Speaker,East,Website,Debit Card,1,1750.77,0.0,1750.77,272.58,2025-02
ORD104665,2025-11-19,CUST1592,Electronics,Smart Watch,North,Website,Credit Card,3,3138.61,0.05,9415.83,1232.33,2025-11
ORD104666,2025-12-18,CUST1702,Electronics,Smart Watch,Central,Marketplace,Net Banking,1,3052.61,0.0,3052.61,584.88,2025-12
ORD104667,2025-08-19,CUST1338,Fashion,Cotton T-Shirt,West,Website,Debit Card,1,749.38,0.05,749.38,184.63,2025-08
ORD104668,2025-01-22,CUST1618,Beauty,Sunscreen,East,Website,Credit Card,1,759.54,0.05,759.54,223.37,2025-01
ORD104669,2025-06-16,CUST1494,Home & Kitchen,Mixer Grinder,South,Marketplace,Debit Card,1,3717.68,0.0,3717.68,817.65,2025-06
ORD104670,2025-01-26,CUST1322,Home & Kitchen,Mixer Grinder,East,Marketplace,UPI,1,3420.19,0.05,3420.19,566.66,2025-01
ORD104671,2025-03-08,CUST1255,Fashion,Cotton T-Shirt,North,Marketplace,Credit Card,3,672.7,0.1,2018.1000000000001,496.87,2025-03
ORD104672,2025-06-02,CUST1892,Beauty,Sunscreen,Central,Website,Credit Card,2,677.61,0.1,1355.22,409.86,2025-06
ORD104673,2025-04-17,CUST1631,Books,Data Analytics Guide,North,Mobile App,Debit Card,3,732.82,0.0,2198.46,703.5,2025-04
ORD104674,2025-01-24,CUST2175,Books,Machine Learning Basics,Central,Mobile App,Debit Card,1,968.47,0.15,968.47,184.29,2025-01
ORD104675,2025-08-31,CUST1220,Fashion,Running Shoes,West,Mobile App,Credit Card,3,2353.36,0.1,7060.08,1753.7,2025-08
ORD104676,2025-12-15,CUST1004,Electronics,Power Bank,North,Website,UPI,2,1003.53,0.0,2007.06,260.6,2025-12
ORD104677,2025-11-09,CUST1355,Home & Kitchen,Electric Kettle,South,Website,Debit Card,1,1453.68,0.05,1453.68,253.08,2025-11
ORD104678,2025-11-23,CUST1185,Electronics,USB-C Hub,Central,Mobile App,UPI,2,1425.65,0.15,2851.3,347.83,2025-11
ORD104679,2025-03-16,CUST2124,Fashion,Running Shoes,East,Marketplace,Credit Card,1,2392.39,0.2,2392.39,562.86,2025-03
ORD104680,2025-09-16,CUST1228,Beauty,Sunscreen,North,Website,Net Banking,2,693.03,0.0,1386.06,442.96,2025-09
ORD104681,2025-01-18,CUST1390,Beauty,Perfume,South,Mobile App,UPI,2,1277.18,0.1,2554.36,659.62,2025-01
ORD104682,2025-10-22,CUST2136,Electronics,USB-C Hub,South,Marketplace,Net Banking,1,1183.64,0.0,1183.64,215.61,2025-10
ORD104683,2025-11-01,CUST1596,Fashion,Backpack,South,Mobile App,Credit Card,2,1392.49,0.0,2784.98,676.36,2025-11
ORD104684,2025-11-12,CUST1849,Electronics,Wireless Headphones,East,Website,Credit Card,1,2335.15,0.15,2335.15,247.74,2025-11
ORD104685,2025-11-12,CUST1172,Books,Data Analytics Guide,Central,Marketplace,UPI,1,755.76,0.15,755.76,143.67,2025-11
ORD104686,2025-07-17,CUST1730,Electronics,Smart Watch,North,Website,UPI,1,3416.28,0.2,3416.28,442.68,2025-07
ORD104687,2025-09-06,CUST1398,Fashion,Running Shoes,North,Mobile App,UPI,1,2227.99,0.0,2227.99,631.07,2025-09
ORD104688,2025-01-04,CUST1847,Home & Kitchen,Mixer Grinder,West,Mobile App,UPI,1,3489.23,0.1,3489.23,708.11,2025-01
ORD104689,2025-04-03,CUST1657,Fashion,Casual Shirt,North,Mobile App,Credit Card,4,1294.81,0.1,5179.24,1240.35,2025-04
ORD104690,2025-12-02,CUST1498,Home & Kitchen,Electric Kettle,West,Marketplace,Credit Card,1,1717.46,0.0,1717.46,394.87,2025-12
ORD104691,2025-04-10,CUST1659,Fashion,Backpack,North,Marketplace,Credit Card,1,1318.42,0.05,1318.42,324.91,2025-04
ORD104692,2025-06-29,CUST1419,Fashion,Running Shoes,East,Website,Credit Card,4,2252.56,0.15,9010.24,1794.36,2025-06
ORD104693,2025-11-12,CUST1604,Books,Data Analytics Guide,South,Mobile App,Credit Card,1,785.52,0.15,785.52,197.97,2025-11
ORD104694,2025-08-20,CUST1125,Fashion,Backpack,East,Mobile App,Debit Card,2,1402.33,0.0,2804.66,860.09,2025-08
ORD104695,2025-01-23,CUST1488,Fashion,Backpack,East,Website,UPI,1,1260.4,0.05,1260.4,323.07,2025-01
ORD104696,2025-06-01,CUST1577,Home & Kitchen,Mixer Grinder,South,Website,Cash on Delivery,5,3300.55,0.0,16502.75,2961.01,2025-06
ORD104697,2025-10-19,CUST1638,Electronics,Bluetooth Speaker,South,Mobile App,Debit Card,1,1949.64,0.1,1949.64,240.52,2025-10
ORD104698,2025-09-07,CUST1696,Home & Kitchen,Storage Container Set,Central,Mobile App,Net Banking,1,836.57,0.15,836.57,123.82,2025-09
ORD104699,2025-07-06,CUST1459,Electronics,Wireless Headphones,South,Marketplace,Debit Card,3,2274.9,0.1,6824.700000000001,867.43,2025-07
ORD104700,2025-12-30,CUST1909,Electronics,USB-C Hub,North,Website,UPI,2,1212.96,0.25,2425.92,283.69,2025-12
ORD104701,2025-03-11,CUST1992,Electronics,Smart Watch,East,Mobile App,UPI,1,3142.19,0.0,3142.19,478.86,2025-03
ORD104702,2025-08-30,CUST1620,Beauty,Sunscreen,Central,Marketplace,Debit Card,3,700.31,0.0,2100.93,682.94,2025-08
ORD104703,2025-03-07,CUST1933,Beauty,Moisturizer,South,Website,Net Banking,1,649.57,0.0,649.57,189.99,2025-03
ORD104704,2025-02-12,CUST1590,Home & Kitchen,Non-Stick Pan,East,Mobile App,UPI,2,1269.09,0.1,2538.18,344.22,2025-02
ORD104705,2025-10-28,CUST1077,Fashion,Running Shoes,West,Marketplace,Cash on Delivery,1,2189.6,0.15,2189.6,542.7,2025-10
ORD104706,2025-03-05,CUST1155,Home & Kitchen,Mixer Grinder,North,Website,Credit Card,1,3365.29,0.15,3365.29,583.52,2025-03
ORD104707,2025-05-01,CUST1961,Home & Kitchen,Electric Kettle,North,Mobile App,Cash on Delivery,1,1563.38,0.1,1563.38,294.49,2025-05
ORD104708,2025-08-28,CUST1201,Home & Kitchen,Electric Kettle,South,Marketplace,UPI,2,1716.71,0.25,3433.42,540.2,2025-08
ORD104709,2025-12-25,CUST1184,Fashion,Casual Shirt,South,Mobile App,Cash on Delivery,2,1239.14,0.0,2478.28,764.7,2025-12
ORD104710,2025-06-21,CUST1123,Beauty,Sunscreen,North,Marketplace,Cash on Delivery,2,747.86,0.0,1495.72,502.97,2025-06
ORD104711,2025-07-18,CUST2148,Home & Kitchen,Air Fryer,West,Mobile App,Cash on Delivery,1,5164.69,0.0,5164.69,1073.19,2025-07
ORD104712,2025-08-29,CUST1894,Home & Kitchen,Storage Container Set,South,Website,Credit Card,2,987.65,0.05,1975.3,312.29,2025-08
ORD104713,2025-09-16,CUST2165,Electronics,Bluetooth Speaker,South,Website,Debit Card,2,1710.87,0.05,3421.74,604.22,2025-09
ORD104714,2025-04-01,CUST1035,Fashion,Casual Shirt,South,Website,UPI,1,1216.82,0.0,1216.82,308.09,2025-04
ORD104715,2025-01-17,CUST2072,Home & Kitchen,Non-Stick Pan,North,Marketplace,Debit Card,1,1244.55,0.1,1244.55,234.2,2025-01
ORD104716,2025-01-28,CUST1558,Electronics,USB-C Hub,West,Mobile App,Debit Card,1,1382.76,0.0,1382.76,210.87,2025-01
ORD104717,2025-05-04,CUST1706,Electronics,Power Bank,East,Mobile App,Net Banking,2,1028.34,0.1,2056.68,259.02,2025-05
ORD104718,2025-02-07,CUST2190,Books,Fiction Novel,South,Website,Debit Card,1,425.41,0.15,425.41,82.19,2025-02
ORD104719,2025-03-24,CUST1237,Electronics,Wireless Headphones,Central,Website,Net Banking,2,2257.09,0.1,4514.18,644.43,2025-03
ORD104720,2025-10-01,CUST1710,Books,Machine Learning Basics,North,Website,UPI,3,894.72,0.05,2684.16,561.4,2025-10
ORD104721,2025-02-09,CUST1916,Books,Business Management,West,Website,Debit Card,3,536.47,0.25,1609.41,318.26,2025-02
ORD104722,2025-10-24,CUST1751,Home & Kitchen,Electric Kettle,West,Website,Cash on Delivery,3,1647.79,0.2,4943.37,916.17,2025-10
ORD104723,2025-12-26,CUST1981,Electronics,Bluetooth Speaker,North,Website,Debit Card,2,1790.36,0.15,3580.72,449.18,2025-12
ORD104724,2025-08-18,CUST1710,Fashion,Running Shoes,East,Mobile App,Cash on Delivery,2,2505.22,0.1,5010.44,1190.73,2025-08
ORD104725,2025-11-06,CUST1747,Books,Data Analytics Guide,South,Website,Debit Card,2,757.69,0.05,1515.38,339.72,2025-11
ORD104726,2025-09-11,CUST1735,Home & Kitchen,Electric Kettle,East,Website,Net Banking,2,1465.16,0.1,2930.32,412.44,2025-09
ORD104727,2025-05-21,CUST1008,Books,Data Analytics Guide,North,Mobile App,UPI,1,764.0,0.15,764.0,154.51,2025-05
ORD104728,2025-05-18,CUST1304,Books,Business Management,West,Website,Credit Card,3,456.23,0.1,1368.69,320.01,2025-05
ORD104729,2025-12-04,CUST1397,Home & Kitchen,Storage Container Set,Central,Mobile App,UPI,1,971.99,0.1,971.99,179.21,2025-12
ORD104730,2025-04-22,CUST1762,Beauty,Face Wash,East,Marketplace,Credit Card,1,398.15,0.05,398.15,129.75,2025-04
ORD104731,2025-06-03,CUST1894,Books,Fiction Novel,East,Website,Debit Card,2,397.89,0.15,795.78,162.11,2025-06
ORD104732,2025-05-21,CUST1390,Books,Data Analytics Guide,North,Website,Credit Card,1,763.99,0.2,763.99,138.76,2025-05
ORD104733,2025-04-01,CUST1324,Beauty,Sunscreen,Central,Website,UPI,3,701.53,0.25,2104.59,520.65,2025-04
ORD104734,2025-11-18,CUST1555,Home & Kitchen,Air Fryer,South,Website,UPI,2,4908.88,0.0,9817.76,1762.63,2025-11
ORD104735,2025-08-10,CUST1790,Beauty,Face Wash,North,Mobile App,UPI,1,405.61,0.1,405.61,124.74,2025-08
ORD104736,2025-12-14,CUST1756,Electronics,Wireless Headphones,South,Website,Credit Card,4,2649.44,0.05,10597.76,1856.26,2025-12
ORD104737,2025-12-20,CUST1097,Fashion,Denim Jeans,South,Website,UPI,1,1508.34,0.15,1508.34,334.44,2025-12
ORD104738,2025-06-19,CUST1852,Electronics,Power Bank,East,Mobile App,Cash on Delivery,1,1046.78,0.1,1046.78,149.27,2025-06
ORD104739,2025-05-19,CUST1264,Books,Machine Learning Basics,Central,Website,Credit Card,1,822.28,0.1,822.28,158.83,2025-05
ORD104740,2025-05-20,CUST1283,Home & Kitchen,Air Fryer,Central,Mobile App,Debit Card,1,4802.1,0.1,4802.1,811.3,2025-05
ORD104741,2025-01-04,CUST1084,Books,Python Programming,Central,Website,UPI,1,603.13,0.1,603.13,152.37,2025-01
ORD104742,2025-01-10,CUST1270,Home & Kitchen,Electric Kettle,East,Mobile App,UPI,2,1526.16,0.1,3052.32,478.21,2025-01
ORD104743,2025-02-10,CUST1522,Books,Machine Learning Basics,South,Website,Cash on Delivery,3,868.56,0.25,2605.68,474.37,2025-02
ORD104744,2025-12-10,CUST1751,Home & Kitchen,Non-Stick Pan,West,Website,UPI,1,1307.49,0.05,1307.49,298.41,2025-12
ORD104745,2025-10-07,CUST1294,Electronics,Smart Watch,East,Website,Debit Card,1,3572.51,0.2,3572.51,600.17,2025-10
ORD104746,2025-01-24,CUST1851,Electronics,USB-C Hub,East,Website,Debit Card,2,1313.25,0.05,2626.5,419.48,2025-01
ORD104747,2025-05-23,CUST1320,Books,Python Programming,North,Mobile App,UPI,1,594.27,0.1,594.27,116.74,2025-05
ORD104748,2025-09-30,CUST2198,Books,Machine Learning Basics,Central,Website,UPI,2,843.42,0.05,1686.84,496.24,2025-09
ORD104749,2025-02-25,CUST1679,Home & Kitchen,Non-Stick Pan,South,Website,Cash on Delivery,1,1296.05,0.1,1296.05,268.47,2025-02
ORD104750,2025-02-22,CUST1445,Books,Fiction Novel,North,Mobile App,Net Banking,1,425.3,0.1,425.3,81.66,2025-02
ORD104751,2025-01-05,CUST1101,Electronics,Bluetooth Speaker,Central,Marketplace,Debit Card,1,1843.38,0.05,1843.38,285.62,2025-01
ORD104752,2025-11-24,CUST1048,Beauty,Shampoo,East,Website,UPI,3,452.57,0.15,1357.71,422.2,2025-11
ORD104753,2025-12-04,CUST1419,Home & Kitchen,Air Fryer,South,Mobile App,Credit Card,1,5452.66,0.0,5452.66,856.77,2025-12
ORD104754,2025-04-05,CUST1517,Beauty,Sunscreen,Central,Mobile App,UPI,2,726.6,0.1,1453.2,413.95,2025-04
ORD104755,2025-03-26,CUST1246,Books,Machine Learning Basics,East,Marketplace,Net Banking,1,845.96,0.05,845.96,193.75,2025-03
ORD104756,2025-07-31,CUST2060,Electronics,Smart Watch,Central,Mobile App,UPI,1,3519.23,0.1,3519.23,502.94,2025-07
ORD104757,2025-08-15,CUST2143,Beauty,Sunscreen,South,Mobile App,Credit Card,1,722.48,0.1,722.48,221.87,2025-08
ORD104758,2025-10-03,CUST1367,Books,Machine Learning Basics,East,Marketplace,Credit Card,1,917.62,0.1,917.62,213.28,2025-10
ORD104759,2025-04-29,CUST1731,Electronics,Power Bank,Central,Marketplace,Debit Card,1,977.67,0.1,977.67,150.81,2025-04
ORD104760,2025-08-14,CUST1313,Fashion,Casual Shirt,West,Website,UPI,1,1080.37,0.05,1080.37,272.12,2025-08
ORD104761,2025-01-14,CUST1691,Beauty,Moisturizer,South,Website,Credit Card,1,586.09,0.05,586.09,181.48,2025-01
ORD104762,2025-10-31,CUST1679,Home & Kitchen,Mixer Grinder,East,Mobile App,Credit Card,3,3158.46,0.0,9475.380000000001,1868.72,2025-10
ORD104763,2025-11-06,CUST1348,Home & Kitchen,Air Fryer,East,Website,UPI,1,4666.59,0.1,4666.59,929.74,2025-11
ORD104764,2025-11-10,CUST2038,Books,Python Programming,Central,Website,Cash on Delivery,2,583.45,0.0,1166.9,283.82,2025-11
ORD104765,2025-10-08,CUST1819,Home & Kitchen,Non-Stick Pan,North,Website,Debit Card,2,1208.98,0.1,2417.96,509.8,2025-10
ORD104766,2025-09-06,CUST1906,Electronics,Power Bank,South,Mobile App,Debit Card,1,935.4,0.25,935.4,133.17,2025-09
ORD104767,2025-02-27,CUST1332,Home & Kitchen,Air Fryer,South,Mobile App,Credit Card,1,4620.46,0.1,4620.46,888.54,2025-02
ORD104768,2025-12-06,CUST1579,Beauty,Moisturizer,South,Website,Debit Card,1,568.6,0.05,568.6,185.46,2025-12
ORD104769,2025-06-26,CUST1641,Fashion,Cotton T-Shirt,North,Mobile App,Cash on Delivery,2,662.66,0.15,1325.32,373.51,2025-06
ORD104770,2025-10-09,CUST1360,Fashion,Backpack,South,Website,UPI,2,1501.99,0.15,3003.98,687.87,2025-10
ORD104771,2025-09-11,CUST1931,Electronics,USB-C Hub,Central,Mobile App,Net Banking,1,1394.02,0.0,1394.02,209.4,2025-09
ORD104772,2025-01-21,CUST1405,Home & Kitchen,Air Fryer,North,Website,UPI,1,5109.83,0.1,5109.83,950.59,2025-01
ORD104773,2025-02-19,CUST1980,Home & Kitchen,Mixer Grinder,East,Website,Credit Card,1,3460.08,0.05,3460.08,643.98,2025-02
ORD104774,2025-12-17,CUST1353,Electronics,Smart Watch,North,Mobile App,Net Banking,1,3420.93,0.25,3420.93,456.89,2025-12
ORD104775,2025-04-09,CUST1405,Electronics,USB-C Hub,South,Website,UPI,1,1226.89,0.05,1226.89,219.97,2025-04
ORD104776,2025-07-21,CUST1937,Home & Kitchen,Non-Stick Pan,East,Mobile App,Debit Card,1,1379.21,0.0,1379.21,300.72,2025-07
ORD104777,2025-07-27,CUST1702,Books,Machine Learning Basics,North,Mobile App,Debit Card,2,827.79,0.15,1655.58,334.25,2025-07
ORD104778,2025-04-12,CUST1116,Books,Fiction Novel,West,Website,Debit Card,1,391.16,0.2,391.16,93.26,2025-04
ORD104779,2025-08-19,CUST1175,Electronics,USB-C Hub,North,Marketplace,Net Banking,1,1227.19,0.1,1227.19,147.69,2025-08
ORD104780,2025-12-02,CUST1246,Electronics,Power Bank,West,Mobile App,Debit Card,2,1004.88,0.05,2009.76,273.98,2025-12
ORD104781,2025-04-01,CUST1784,Electronics,Bluetooth Speaker,Central,Website,UPI,2,1859.36,0.05,3718.72,581.68,2025-04
ORD104782,2025-08-29,CUST1505,Home & Kitchen,Air Fryer,East,Website,Cash on Delivery,1,5050.3,0.1,5050.3,1148.94,2025-08
ORD104783,2025-09-29,CUST1247,Fashion,Running Shoes,Central,Website,Cash on Delivery,1,2247.54,0.2,2247.54,510.24,2025-09
ORD104784,2025-12-09,CUST1353,Books,Business Management,East,Mobile App,UPI,1,465.13,0.0,465.13,117.25,2025-12
ORD104785,2025-10-05,CUST1441,Electronics,Bluetooth Speaker,South,Website,Credit Card,2,1915.08,0.1,3830.16,498.3,2025-10
ORD104786,2025-06-22,CUST1314,Electronics,Wireless Headphones,East,Website,UPI,1,2263.69,0.15,2263.69,314.55,2025-06
ORD104787,2025-02-18,CUST1736,Fashion,Casual Shirt,East,Mobile App,Debit Card,2,1256.08,0.05,2512.16,636.6,2025-02
ORD104788,2025-12-22,CUST2089,Home & Kitchen,Electric Kettle,North,Website,Credit Card,2,1722.75,0.1,3445.5,506.03,2025-12
ORD104789,2025-08-26,CUST1881,Fashion,Backpack,West,Marketplace,UPI,2,1271.06,0.15,2542.12,635.39,2025-08
ORD104790,2025-05-27,CUST1886,Home & Kitchen,Storage Container Set,South,Mobile App,Debit Card,1,835.56,0.15,835.56,138.8,2025-05
ORD104791,2025-04-23,CUST1570,Fashion,Running Shoes,South,Marketplace,UPI,1,2180.9,0.1,2180.9,525.81,2025-04
ORD104792,2025-03-09,CUST1149,Books,Business Management,Central,Website,UPI,1,494.91,0.25,494.91,103.45,2025-03
ORD104793,2025-06-11,CUST1172,Home & Kitchen,Non-Stick Pan,East,Marketplace,Cash on Delivery,1,1426.53,0.0,1426.53,269.03,2025-06
ORD104794,2025-10-21,CUST1500,Fashion,Running Shoes,West,Mobile App,Debit Card,2,2084.02,0.05,4168.04,1102.73,2025-10
ORD104795,2025-08-19,CUST1050,Home & Kitchen,Storage Container Set,Central,Website,Debit Card,1,850.17,0.15,850.17,201.77,2025-08
ORD104796,2025-08-01,CUST1491,Home & Kitchen,Mixer Grinder,Central,Website,Credit Card,3,3461.79,0.2,10385.369999999999,1824.94,2025-08
ORD104797,2025-06-06,CUST2111,Electronics,Power Bank,South,Mobile App,Cash on Delivery,2,1063.77,0.1,2127.54,299.24,2025-06
ORD104798,2025-12-01,CUST1531,Fashion,Cotton T-Shirt,North,Website,Cash on Delivery,4,730.54,0.1,2922.16,750.34,2025-12
ORD104799,2025-04-19,CUST1819,Home & Kitchen,Air Fryer,North,Mobile App,Debit Card,3,5334.27,0.0,16002.810000000001,2985.96,2025-04
ORD104800,2025-10-17,CUST2191,Fashion,Casual Shirt,West,Mobile App,UPI,2,1183.57,0.2,2367.14,536.91,2025-10
ORD104801,2025-02-16,CUST1284,Books,Python Programming,Central,Mobile App,Credit Card,3,575.51,0.05,1726.53,364.78,2025-02
ORD104802,2025-05-22,CUST1804,Fashion,Denim Jeans,West,Website,UPI,1,1522.45,0.1,1522.45,327.69,2025-05
ORD104803,2025-09-22,CUST1838,Home & Kitchen,Mixer Grinder,South,Website,Cash on Delivery,2,3307.39,0.15,6614.78,1283.79,2025-09
ORD104804,2025-12-06,CUST2101,Electronics,Bluetooth Speaker,South,Mobile App,UPI,1,1846.34,0.05,1846.34,283.53,2025-12
ORD104805,2025-09-03,CUST1346,Beauty,Shampoo,Central,Marketplace,Cash on Delivery,1,459.33,0.05,459.33,153.61,2025-09
ORD104806,2025-07-24,CUST1157,Books,Data Analytics Guide,East,Website,Credit Card,3,686.03,0.25,2058.09,332.08,2025-07
ORD104807,2025-08-04,CUST1852,Home & Kitchen,Electric Kettle,North,Mobile App,Debit Card,1,1664.28,0.05,1664.28,315.27,2025-08
ORD104808,2025-05-23,CUST1516,Home & Kitchen,Non-Stick Pan,West,Website,Credit Card,1,1304.66,0.15,1304.66,249.0,2025-05
ORD104809,2025-04-29,CUST1354,Home & Kitchen,Storage Container Set,Central,Marketplace,UPI,2,874.39,0.25,1748.78,257.54,2025-04
ORD104810,2025-11-28,CUST1553,Books,Data Analytics Guide,South,Website,Cash on Delivery,1,703.52,0.05,703.52,191.4,2025-11
ORD104811,2025-12-18,CUST1135,Home & Kitchen,Storage Container Set,East,Website,Net Banking,3,888.16,0.0,2664.48,607.97,2025-12
ORD104812,2025-10-29,CUST1003,Home & Kitchen,Air Fryer,North,Website,Cash on Delivery,1,5368.38,0.0,5368.38,853.19,2025-10
ORD104813,2025-04-05,CUST1132,Electronics,Bluetooth Speaker,Central,Marketplace,Credit Card,1,1674.51,0.0,1674.51,282.85,2025-04
ORD104814,2025-05-08,CUST1339,Fashion,Running Shoes,East,Mobile App,UPI,1,2326.9,0.2,2326.9,551.24,2025-05
ORD104815,2025-01-22,CUST1741,Fashion,Casual Shirt,North,Mobile App,UPI,1,1229.79,0.1,1229.79,294.42,2025-01
ORD104816,2025-10-31,CUST1808,Beauty,Shampoo,North,Website,UPI,1,456.05,0.0,456.05,141.34,2025-10
ORD104817,2025-04-28,CUST1985,Fashion,Cotton T-Shirt,South,Mobile App,Credit Card,1,632.21,0.05,632.21,135.0,2025-04
ORD104818,2025-05-11,CUST1627,Books,Business Management,West,Mobile App,Credit Card,1,515.02,0.05,515.02,124.62,2025-05
ORD104819,2025-09-27,CUST2188,Electronics,Wireless Headphones,South,Mobile App,Credit Card,1,2730.0,0.1,2730.0,365.54,2025-09
ORD104820,2025-01-27,CUST1988,Books,Machine Learning Basics,Central,Mobile App,Debit Card,1,890.16,0.05,890.16,204.98,2025-01
ORD104821,2025-11-16,CUST1514,Home & Kitchen,Storage Container Set,North,Website,Credit Card,1,851.24,0.2,851.24,152.67,2025-11
ORD104822,2025-04-07,CUST1505,Books,Business Management,West,Marketplace,UPI,1,477.86,0.0,477.86,103.47,2025-04
ORD104823,2025-04-27,CUST1654,Books,Data Analytics Guide,Central,Marketplace,UPI,2,763.84,0.2,1527.68,312.11,2025-04
ORD104824,2025-01-19,CUST1368,Books,Machine Learning Basics,Central,Website,Debit Card,1,960.2,0.1,960.2,221.31,2025-01
ORD104825,2025-06-18,CUST1985,Electronics,Smart Watch,East,Mobile App,Credit Card,1,3620.64,0.1,3620.64,556.63,2025-06
ORD104826,2025-06-25,CUST1592,Fashion,Running Shoes,North,Mobile App,Credit Card,3,2343.38,0.15,7030.14,1669.97,2025-06
ORD104827,2025-08-29,CUST2138,Fashion,Backpack,Central,Mobile App,Credit Card,4,1481.84,0.05,5927.36,1315.32,2025-08
ORD104828,2025-10-21,CUST1770,Fashion,Casual Shirt,North,Website,Debit Card,2,1260.01,0.1,2520.02,703.21,2025-10
ORD104829,2025-10-19,CUST1848,Beauty,Face Wash,North,Mobile App,Net Banking,2,411.71,0.05,823.42,256.31,2025-10
ORD104830,2025-11-26,CUST1290,Home & Kitchen,Air Fryer,West,Mobile App,UPI,1,4841.54,0.15,4841.54,839.44,2025-11
ORD104831,2025-07-04,CUST2076,Electronics,Power Bank,Central,Mobile App,Cash on Delivery,1,1036.57,0.05,1036.57,148.16,2025-07
ORD104832,2025-08-19,CUST1946,Home & Kitchen,Electric Kettle,East,Mobile App,UPI,2,1550.46,0.05,3100.92,579.25,2025-08
ORD104833,2025-02-24,CUST1716,Beauty,Sunscreen,East,Website,UPI,2,656.5,0.05,1313.0,383.68,2025-02
ORD104834,2025-05-27,CUST2045,Electronics,Smart Watch,South,Mobile App,UPI,1,3071.78,0.15,3071.78,494.7,2025-05
ORD104835,2025-10-10,CUST1905,Home & Kitchen,Electric Kettle,West,Mobile App,Credit Card,2,1722.11,0.2,3444.22,552.63,2025-10
ORD104836,2025-12-30,CUST2079,Books,Fiction Novel,East,Website,UPI,2,365.59,0.05,731.18,180.32,2025-12
ORD104837,2025-08-15,CUST2184,Electronics,Bluetooth Speaker,South,Mobile App,UPI,2,1690.15,0.0,3380.3,528.05,2025-08
ORD104838,2025-05-10,CUST1876,Home & Kitchen,Electric Kettle,East,Marketplace,Debit Card,2,1568.88,0.15,3137.76,476.99,2025-05
ORD104839,2025-12-22,CUST1253,Books,Data Analytics Guide,West,Marketplace,UPI,1,807.71,0.2,807.71,173.31,2025-12
ORD104840,2025-04-16,CUST1985,Electronics,Power Bank,Central,Website,UPI,5,1017.47,0.15,5087.35,606.0,2025-04
ORD104841,2025-02-05,CUST1777,Books,Machine Learning Basics,South,Mobile App,Debit Card,2,814.99,0.1,1629.98,356.22,2025-02
ORD104842,2025-06-09,CUST1144,Home & Kitchen,Mixer Grinder,South,Mobile App,Credit Card,1,3673.62,0.1,3673.62,715.16,2025-06
ORD104843,2025-03-26,CUST1869,Home & Kitchen,Mixer Grinder,South,Website,Debit Card,1,3429.66,0.1,3429.66,498.43,2025-03
ORD104844,2025-05-18,CUST1145,Fashion,Cotton T-Shirt,North,Website,UPI,1,673.28,0.0,673.28,203.04,2025-05
ORD104845,2025-04-14,CUST1985,Books,Machine Learning Basics,West,Mobile App,UPI,1,865.49,0.0,865.49,217.33,2025-04
ORD104846,2025-11-26,CUST1855,Beauty,Moisturizer,East,Marketplace,UPI,1,551.49,0.1,551.49,160.14,2025-11
ORD104847,2025-10-31,CUST1712,Electronics,Smart Watch,Central,Website,Cash on Delivery,2,3061.5,0.1,6123.0,1029.25,2025-10
ORD104848,2025-12-21,CUST1031,Fashion,Casual Shirt,Central,Mobile App,Cash on Delivery,3,1198.59,0.25,3595.7699999999995,793.95,2025-12
ORD104849,2025-01-29,CUST1374,Home & Kitchen,Electric Kettle,East,Website,Net Banking,2,1470.45,0.15,2940.9,458.96,2025-01
ORD104850,2025-10-27,CUST1222,Fashion,Cotton T-Shirt,North,Website,UPI,1,652.21,0.0,652.21,182.44,2025-10
ORD104851,2025-06-04,CUST2181,Home & Kitchen,Mixer Grinder,East,Mobile App,UPI,2,3334.45,0.0,6668.9,1334.59,2025-06
ORD104852,2025-04-28,CUST1388,Fashion,Denim Jeans,Central,Mobile App,Credit Card,1,1411.18,0.0,1411.18,395.34,2025-04
ORD104853,2025-06-01,CUST1280,Home & Kitchen,Air Fryer,Central,Mobile App,Cash on Delivery,3,4748.09,0.05,14244.27,2925.27,2025-06
ORD104854,2025-05-03,CUST1104,Beauty,Moisturizer,East,Website,Credit Card,2,616.62,0.0,1233.24,382.62,2025-05
ORD104855,2025-06-23,CUST1274,Electronics,Power Bank,West,Website,Cash on Delivery,4,981.21,0.25,3924.84,335.79,2025-06
ORD104856,2025-09-09,CUST1298,Fashion,Denim Jeans,West,Marketplace,Cash on Delivery,1,1578.5,0.2,1578.5,346.25,2025-09
ORD104857,2025-03-06,CUST1762,Home & Kitchen,Air Fryer,West,Mobile App,UPI,1,5159.2,0.2,5159.2,958.64,2025-03
ORD104858,2025-08-11,CUST1422,Home & Kitchen,Non-Stick Pan,East,Mobile App,UPI,2,1177.46,0.1,2354.92,483.06,2025-08
ORD104859,2025-04-17,CUST1237,Beauty,Sunscreen,West,Mobile App,UPI,3,703.17,0.15,2109.5099999999998,599.37,2025-04
ORD104860,2025-12-21,CUST1534,Fashion,Unknown,West,Website,Debit Card,2,740.48,0.05,1480.96,363.9,2025-12
ORD104861,2025-04-22,CUST1213,Fashion,Denim Jeans,South,Mobile App,Debit Card,1,1463.54,0.2,1463.54,391.99,2025-04
ORD104862,2025-06-15,CUST1896,Home & Kitchen,Storage Container Set,North,Website,UPI,5,918.74,0.1,4593.7,844.75,2025-06
ORD104863,2025-04-09,CUST1399,Electronics,Smart Watch,West,Mobile App,Cash on Delivery,3,3178.73,0.15,9536.19,1171.78,2025-04
ORD104864,2025-10-25,CUST1828,Fashion,Denim Jeans,East,Mobile App,UPI,3,1638.11,0.0,4914.33,1303.22,2025-10
ORD104865,2025-05-18,CUST2173,Beauty,Face Wash,Central,Website,Debit Card,2,376.5,0.1,753.0,219.77,2025-05
ORD104866,2025-04-29,CUST1886,Electronics,Smart Watch,West,Marketplace,Credit Card,1,3315.94,0.0,3315.94,520.17,2025-04
ORD104867,2025-04-08,CUST1387,Books,Data Analytics Guide,North,Website,UPI,1,757.48,0.0,757.48,209.44,2025-04
ORD104868,2025-03-30,CUST2026,Beauty,Shampoo,Central,Mobile App,Net Banking,1,504.22,0.0,504.22,179.38,2025-03
ORD104869,2025-01-02,CUST1345,Electronics,Wireless Headphones,Central,Marketplace,Credit Card,5,2374.2,0.1,11871.0,1288.27,2025-01
ORD104870,2025-02-03,CUST1804,Electronics,Wireless Headphones,North,Mobile App,UPI,3,2615.82,0.0,7847.460000000001,1450.59,2025-02
ORD104871,2025-08-11,CUST1744,Home & Kitchen,Electric Kettle,North,Website,Credit Card,1,1755.32,0.0,1755.32,344.65,2025-08
ORD104872,2025-06-13,CUST1655,Electronics,Smart Watch,South,Mobile App,UPI,2,3127.8,0.0,6255.6,930.33,2025-06
ORD104873,2025-08-06,CUST1546,Fashion,Denim Jeans,East,Website,Credit Card,1,1430.35,0.05,1430.35,368.61,2025-08
ORD104874,2025-11-05,CUST1419,Beauty,Moisturizer,East,Website,Net Banking,4,653.94,0.1,2615.76,713.98,2025-11
ORD104875,2025-12-11,CUST1951,Electronics,Smart Watch,North,Mobile App,UPI,2,3045.91,0.0,6091.82,929.43,2025-12
ORD104876,2025-04-18,CUST1321,Books,Business Management,Central,Mobile App,Debit Card,1,540.48,0.0,540.48,143.32,2025-04
ORD104877,2025-07-05,CUST1029,Home & Kitchen,Electric Kettle,North,Website,UPI,1,1662.7,0.1,1662.7,311.22,2025-07
ORD104878,2025-01-22,CUST1554,Home & Kitchen,Mixer Grinder,North,Mobile App,UPI,3,3357.28,0.05,10071.84,1819.26,2025-01
ORD104879,2025-11-04,CUST1213,Electronics,USB-C Hub,Central,Mobile App,Debit Card,1,1218.44,0.0,1218.44,173.82,2025-11
ORD104880,2025-07-12,CUST1050,Fashion,Casual Shirt,East,Marketplace,Credit Card,4,1123.64,0.05,4494.56,1140.85,2025-07
ORD104881,2025-08-15,CUST1155,Home & Kitchen,Electric Kettle,East,Mobile App,Debit Card,1,1549.48,0.0,1549.48,333.56,2025-08
ORD104882,2025-08-27,CUST1683,Home & Kitchen,Non-Stick Pan,South,Website,UPI,2,1264.07,0.25,2528.14,374.2,2025-08
ORD104883,2025-12-28,CUST1849,Books,Machine Learning Basics,West,Mobile App,Debit Card,1,941.82,0.15,941.82,150.65,2025-12
ORD104884,2025-09-08,CUST1625,Books,Data Analytics Guide,Central,Mobile App,Debit Card,1,813.05,0.15,813.05,188.14,2025-09
ORD104885,2025-08-20,CUST1969,Books,Machine Learning Basics,West,Mobile App,Net Banking,1,918.56,0.1,918.56,187.57,2025-08
ORD104886,2025-04-22,CUST1353,Home & Kitchen,Air Fryer,North,Website,UPI,1,4873.25,0.05,4873.25,859.46,2025-04
ORD104887,2025-03-22,CUST2083,Home & Kitchen,Mixer Grinder,Central,Website,Debit Card,1,3846.83,0.15,3846.83,787.33,2025-03
ORD104888,2025-08-14,CUST1891,Beauty,Perfume,South,Marketplace,Net Banking,1,1245.75,0.05,1245.75,370.16,2025-08
ORD104889,2025-10-17,CUST1518,Home & Kitchen,Non-Stick Pan,South,Website,Credit Card,1,1345.55,0.15,1345.55,234.94,2025-10
ORD104890,2025-06-02,CUST1844,Fashion,Casual Shirt,East,Website,Debit Card,2,1111.42,0.25,2222.84,462.9,2025-06
ORD104891,2025-12-25,CUST1191,Electronics,Smart Watch,West,Mobile App,UPI,1,3580.98,0.05,3580.98,708.66,2025-12
ORD104892,2025-06-17,CUST1770,Books,Machine Learning Basics,West,Mobile App,UPI,1,934.77,0.1,934.77,213.19,2025-06
ORD104893,2025-08-16,CUST1710,Fashion,Backpack,East,Marketplace,Credit Card,3,1363.35,0.05,4090.0499999999997,1064.23,2025-08
ORD104894,2025-02-26,CUST1666,Home & Kitchen,Non-Stick Pan,North,Mobile App,Cash on Delivery,1,1277.04,0.15,1277.04,213.29,2025-02
ORD104895,2025-06-16,CUST1990,Books,Fiction Novel,East,Marketplace,Cash on Delivery,2,359.66,0.1,719.32,149.2,2025-06
ORD104896,2025-01-07,CUST1140,Fashion,Denim Jeans,South,Mobile App,Credit Card,3,1369.54,0.05,4108.62,786.92,2025-01
ORD104897,2025-12-16,CUST2124,Home & Kitchen,Non-Stick Pan,North,Mobile App,Credit Card,1,1269.35,0.1,1269.35,222.39,2025-12
ORD104898,2025-06-29,CUST1662,Books,Data Analytics Guide,North,Marketplace,Cash on Delivery,3,677.89,0.15,2033.67,394.11,2025-06
ORD104899,2025-04-05,CUST1344,Books,Fiction Novel,Central,Mobile App,Debit Card,1,372.03,0.1,372.03,81.44,2025-04
ORD104900,2025-03-02,CUST1129,Fashion,Backpack,East,Mobile App,Net Banking,3,1519.28,0.15,4557.84,1056.65,2025-03
ORD104901,2025-11-14,CUST1365,Fashion,Casual Shirt,Central,Mobile App,UPI,4,1269.56,0.15,5078.24,1269.06,2025-11
ORD104902,2025-12-13,CUST2077,Electronics,Smart Watch,West,Mobile App,Debit Card,4,3389.55,0.2,13558.2,1684.34,2025-12
ORD104903,2025-02-26,CUST1156,Beauty,Perfume,Central,Mobile App,Debit Card,3,1187.57,0.1,3562.71,993.85,2025-02
ORD104904,2025-12-01,CUST1738,Home & Kitchen,Electric Kettle,North,Website,Cash on Delivery,2,1741.38,0.0,3482.76,612.38,2025-12
ORD104905,2025-05-18,CUST1702,Fashion,Running Shoes,North,Mobile App,UPI,1,2271.61,0.2,2271.61,473.24,2025-05
ORD104906,2025-05-07,CUST2069,Books,Data Analytics Guide,South,Marketplace,Credit Card,1,755.91,0.0,755.91,175.22,2025-05
ORD104907,2025-02-23,CUST1798,Electronics,Power Bank,North,Website,Credit Card,3,999.86,0.1,2999.58,468.23,2025-02
ORD104908,2025-09-15,CUST1688,Books,Machine Learning Basics,South,Mobile App,UPI,1,978.06,0.15,978.06,231.18,2025-09
ORD104909,2025-12-14,CUST1996,Home & Kitchen,Storage Container Set,Central,Website,UPI,1,898.72,0.05,898.72,130.24,2025-12
ORD104910,2025-06-13,CUST1173,Fashion,Cotton T-Shirt,South,Mobile App,Cash on Delivery,1,686.29,0.25,686.29,137.05,2025-06
ORD104911,2025-06-20,CUST2017,Home & Kitchen,Mixer Grinder,Central,Website,UPI,1,3535.59,0.1,3535.59,735.43,2025-06
ORD104912,2025-02-21,CUST1977,Electronics,Wireless Headphones,East,Mobile App,Debit Card,2,2289.0,0.15,4578.0,654.07,2025-02
ORD104913,2025-07-14,CUST2045,Electronics,Wireless Headphones,North,Mobile App,Net Banking,2,2542.06,0.15,5084.12,579.44,2025-07
ORD104914,2025-08-05,CUST1531,Beauty,Sunscreen,West,Website,UPI,1,645.01,0.05,645.01,208.53,2025-08
ORD104915,2025-04-28,CUST1372,Fashion,Casual Shirt,Central,Mobile App,UPI,2,1267.32,0.05,2534.64,646.38,2025-04
ORD104916,2025-10-21,CUST1033,Beauty,Shampoo,South,Mobile App,Credit Card,2,457.93,0.2,915.86,234.88,2025-10
ORD104917,2025-06-20,CUST1618,Electronics,Wireless Headphones,South,Website,UPI,1,2385.07,0.0,2385.07,499.53,2025-06
ORD104918,2025-07-15,CUST2068,Home & Kitchen,Air Fryer,West,Mobile App,Credit Card,2,4863.23,0.05,9726.46,1665.3,2025-07
ORD104919,2025-01-24,CUST1134,Fashion,Backpack,West,Website,UPI,2,1427.41,0.05,2854.82,703.66,2025-01
ORD104920,2025-11-08,CUST2101,Electronics,Bluetooth Speaker,South,Marketplace,Debit Card,3,1747.79,0.1,5243.37,692.82,2025-11
ORD104921,2025-08-11,CUST2013,Electronics,Wireless Headphones,East,Marketplace,UPI,2,2584.57,0.15,5169.14,744.44,2025-08
ORD104922,2025-08-24,CUST1658,Books,Machine Learning Basics,West,Website,Credit Card,1,948.01,0.0,948.01,212.09,2025-08
ORD104923,2025-02-01,CUST1191,Beauty,Perfume,East,Mobile App,UPI,3,1315.13,0.1,3945.3900000000003,1215.68,2025-02
ORD104924,2025-12-26,CUST1703,Home & Kitchen,Air Fryer,North,Marketplace,Credit Card,1,4967.35,0.25,4967.35,787.67,2025-12
ORD104925,2025-07-18,CUST1420,Electronics,Power Bank,South,Mobile App,Credit Card,1,1083.23,0.05,1083.23,151.71,2025-07
ORD104926,2025-07-27,CUST1878,Beauty,Face Wash,East,Website,Debit Card,3,411.54,0.1,1234.6200000000001,364.64,2025-07
ORD104927,2025-04-01,CUST1289,Electronics,Wireless Headphones,South,Marketplace,UPI,2,2664.73,0.05,5329.46,699.33,2025-04
ORD104928,2025-08-12,CUST1771,Home & Kitchen,Non-Stick Pan,South,Website,UPI,3,1225.31,0.25,3675.93,589.61,2025-08
ORD104929,2025-01-08,CUST2058,Home & Kitchen,Air Fryer,South,Mobile App,UPI,1,5212.48,0.1,5212.48,941.31,2025-01
ORD104930,2025-01-27,CUST1665,Home & Kitchen,Electric Kettle,West,Website,UPI,3,1538.38,0.05,4615.14,853.42,2025-01
ORD104931,2025-12-21,CUST1547,Books,Machine Learning Basics,North,Website,Debit Card,1,872.95,0.15,872.95,209.66,2025-12
ORD104932,2025-06-26,CUST2151,Fashion,Cotton T-Shirt,North,Mobile App,UPI,3,738.05,0.0,2214.1499999999996,589.92,2025-06
ORD104933,2025-03-01,CUST1526,Fashion,Denim Jeans,North,Mobile App,Net Banking,1,1549.45,0.05,1549.45,400.27,2025-03
ORD104934,2025-01-09,CUST1040,Electronics,USB-C Hub,South,Website,UPI,4,1204.51,0.1,4818.04,676.51,2025-01
ORD104935,2025-09-27,CUST1712,Beauty,Sunscreen,East,Marketplace,Cash on Delivery,2,634.74,0.2,1269.48,347.71,2025-09
ORD104936,2025-05-30,CUST1627,Beauty,Perfume,North,Mobile App,UPI,1,1342.4,0.0,1342.4,424.26,2025-05
ORD104937,2025-09-04,CUST1178,Beauty,Moisturizer,South,Mobile App,Net Banking,1,601.41,0.1,601.41,185.54,2025-09
ORD104938,2025-05-15,CUST2059,Fashion,Denim Jeans,West,Mobile App,Credit Card,3,1564.02,0.0,4692.0599999999995,1267.36,2025-05
ORD104939,2025-06-22,CUST2069,Books,Python Programming,East,Mobile App,Debit Card,1,612.64,0.1,612.64,155.06,2025-06
ORD104940,2025-12-01,CUST1096,Electronics,Bluetooth Speaker,West,Marketplace,UPI,3,1884.13,0.15,5652.39,639.9,2025-12
ORD104941,2025-03-01,CUST1466,Books,Data Analytics Guide,South,Mobile App,Cash on Delivery,1,711.44,0.0,711.44,176.24,2025-03
ORD104942,2025-04-04,CUST2096,Books,Machine Learning Basics,South,Marketplace,UPI,1,856.95,0.1,856.95,172.56,2025-04
ORD104943,2025-12-27,CUST1155,Beauty,Shampoo,East,Marketplace,Debit Card,1,537.7,0.15,537.7,149.83,2025-12
ORD104944,2025-12-06,CUST1661,Electronics,Power Bank,Central,Mobile App,Debit Card,3,1023.51,0.0,3070.5299999999997,604.24,2025-12
ORD104945,2025-11-29,CUST1659,Beauty,Perfume,South,Marketplace,Debit Card,3,1356.11,0.25,4068.33,973.85,2025-11
ORD104946,2025-04-04,CUST1223,Fashion,Backpack,West,Website,UPI,1,1294.4,0.2,1294.4,290.93,2025-04
ORD104947,2025-12-29,CUST2165,Home & Kitchen,Storage Container Set,West,Website,Cash on Delivery,1,847.35,0.2,847.35,124.82,2025-12
ORD104948,2025-06-30,CUST2189,Fashion,Cotton T-Shirt,North,Mobile App,Cash on Delivery,4,659.21,0.1,2636.84,681.21,2025-06
ORD104949,2025-03-12,CUST2143,Beauty,Face Wash,East,Website,Credit Card,1,392.77,0.05,392.77,112.38,2025-03
ORD104950,2025-09-06,CUST1926,Electronics,Bluetooth Speaker,North,Website,UPI,2,1759.71,0.0,3519.42,395.37,2025-09
ORD104951,2025-05-12,CUST1375,Electronics,Bluetooth Speaker,North,Marketplace,Debit Card,3,1874.53,0.0,5623.59,928.25,2025-05
ORD104952,2025-12-30,CUST1924,Beauty,Sunscreen,Central,Marketplace,Credit Card,3,683.5,0.1,2050.5,558.5,2025-12
ORD104953,2025-07-26,CUST1679,Fashion,Casual Shirt,West,Mobile App,Debit Card,3,1187.83,0.2,3563.49,853.16,2025-07
ORD104954,2025-10-19,CUST1603,Books,Data Analytics Guide,West,Mobile App,Net Banking,5,714.56,0.25,3572.7999999999997,602.81,2025-10
ORD104955,2025-10-21,CUST1878,Home & Kitchen,Mixer Grinder,Central,Mobile App,UPI,1,3408.89,0.05,3408.89,632.94,2025-10
ORD104956,2025-01-16,CUST1718,Beauty,Sunscreen,South,Marketplace,Debit Card,1,733.22,0.0,733.22,239.71,2025-01
ORD104957,2025-06-05,CUST1809,Books,Fiction Novel,Central,Website,Credit Card,2,380.7,0.15,761.4,152.26,2025-06
ORD104958,2025-11-08,CUST1006,Electronics,USB-C Hub,West,Website,Debit Card,3,1233.63,0.1,3700.8900000000003,517.15,2025-11
ORD104959,2025-09-02,CUST1934,Books,Machine Learning Basics,West,Website,Net Banking,2,848.12,0.0,1696.24,421.94,2025-09
ORD104960,2025-03-07,CUST1508,Home & Kitchen,Air Fryer,South,Website,Credit Card,2,5026.26,0.1,10052.52,1802.68,2025-03
ORD104961,2025-06-30,CUST1846,Electronics,USB-C Hub,Central,Website,Cash on Delivery,3,1340.62,0.0,4021.8599999999997,673.81,2025-06
ORD104962,2025-11-28,CUST1533,Fashion,Casual Shirt,Central,Website,UPI,1,1190.2,0.2,1190.2,263.22,2025-11
ORD104963,2025-06-20,CUST1109,Fashion,Casual Shirt,South,Mobile App,Credit Card,3,1255.03,0.2,3765.09,836.0,2025-06
ORD104964,2025-10-02,CUST1310,Fashion,Denim Jeans,East,Website,Cash on Delivery,3,1491.23,0.1,4473.6900000000005,1122.66,2025-10
ORD104965,2025-06-10,CUST1743,Fashion,Denim Jeans,Central,Website,Net Banking,2,1396.07,0.0,2792.14,775.06,2025-06
ORD104966,2025-10-10,CUST1624,Electronics,Power Bank,North,Website,Net Banking,2,903.73,0.15,1807.46,267.26,2025-10
ORD104967,2025-01-23,CUST1930,Home & Kitchen,Storage Container Set,North,Mobile App,UPI,2,812.32,0.05,1624.64,252.88,2025-01
ORD104968,2025-04-13,CUST1682,Electronics,USB-C Hub,East,Mobile App,Cash on Delivery,1,1226.36,0.0,1226.36,205.01,2025-04
ORD104969,2025-11-16,CUST1219,Fashion,Casual Shirt,West,Website,Credit Card,1,1121.75,0.0,1121.75,293.16,2025-11
ORD104970,2025-05-29,CUST1193,Fashion,Running Shoes,North,Mobile App,Credit Card,1,2070.42,0.0,2070.42,622.07,2025-05
ORD104971,2025-10-05,CUST1701,Beauty,Face Wash,South,Mobile App,Credit Card,1,384.11,0.2,384.11,97.3,2025-10
ORD104972,2025-02-13,CUST1621,Beauty,Sunscreen,Central,Marketplace,UPI,1,680.73,0.0,680.73,210.6,2025-02
ORD104973,2025-03-31,CUST1376,Beauty,Face Wash,Central,Website,Credit Card,3,368.97,0.15,1106.91,295.24,2025-03
ORD104974,2025-10-30,CUST1856,Home & Kitchen,Electric Kettle,West,Mobile App,Cash on Delivery,2,1500.03,0.15,3000.06,599.75,2025-10
ORD104975,2025-02-06,CUST1995,Beauty,Shampoo,West,Marketplace,UPI,3,454.82,0.0,1364.46,453.49,2025-02
ORD104976,2025-10-14,CUST1883,Home & Kitchen,Air Fryer,East,Marketplace,UPI,1,5285.04,0.15,5285.04,693.27,2025-10
ORD104977,2025-04-09,CUST1342,Electronics,Wireless Headphones,East,Website,Net Banking,5,2382.7,0.1,11913.5,1815.25,2025-04
ORD104978,2025-02-19,CUST1943,Books,Data Analytics Guide,West,Marketplace,Net Banking,1,817.0,0.1,817.0,173.69,2025-02
ORD104979,2025-08-31,CUST1210,Fashion,Casual Shirt,South,Mobile App,Credit Card,4,1135.79,0.0,4543.16,1118.91,2025-08
ORD104980,2025-05-31,CUST1954,Beauty,Moisturizer,South,Website,Credit Card,2,580.05,0.2,1160.1,307.4,2025-05
ORD104981,2025-08-29,CUST1510,Home & Kitchen,Electric Kettle,West,Website,UPI,3,1483.28,0.05,4449.84,984.67,2025-08
ORD104982,2025-08-08,CUST1529,Home & Kitchen,Storage Container Set,West,Marketplace,UPI,1,985.05,0.1,985.05,164.38,2025-08
ORD104983,2025-08-03,CUST1731,Electronics,Wireless Headphones,East,Website,Debit Card,2,2292.69,0.1,4585.38,546.91,2025-08
ORD104984,2025-02-20,CUST1641,Books,Business Management,East,Marketplace,Cash on Delivery,2,487.4,0.15,974.8,210.95,2025-02
ORD104985,2025-06-05,CUST1016,Home & Kitchen,Non-Stick Pan,West,Website,Net Banking,1,1271.23,0.0,1271.23,260.45,2025-06
ORD104986,2025-12-09,CUST1133,Fashion,Running Shoes,West,Website,Debit Card,3,2280.96,0.1,6842.88,1887.26,2025-12
ORD104987,2025-08-05,CUST1571,Electronics,USB-C Hub,West,Mobile App,Credit Card,4,1317.66,0.1,5270.64,837.88,2025-08
ORD104988,2025-11-06,CUST2104,Home & Kitchen,Electric Kettle,West,Marketplace,Net Banking,1,1726.83,0.25,1726.83,296.14,2025-11
ORD104989,2025-03-13,CUST1440,Fashion,Running Shoes,West,Marketplace,UPI,2,2241.92,0.0,4483.84,1222.57,2025-03
ORD104990,2025-05-30,CUST1252,Electronics,USB-C Hub,West,Website,UPI,1,1399.72,0.15,1399.72,177.65,2025-05
ORD104991,2025-11-18,CUST1627,Home & Kitchen,Mixer Grinder,South,Website,Net Banking,1,3474.3,0.0,3474.3,582.09,2025-11
ORD104992,2025-01-27,CUST1003,Electronics,Wireless Headphones,East,Marketplace,UPI,2,2276.03,0.0,4552.06,628.21,2025-01
ORD104993,2025-01-10,CUST1045,Books,Machine Learning Basics,Central,Website,UPI,2,960.06,0.15,1920.12,338.63,2025-01
ORD104994,2025-02-16,CUST1331,Books,Python Programming,West,Website,Cash on Delivery,1,651.68,0.05,651.68,150.66,2025-02
ORD104995,2025-11-29,CUST1058,Fashion,Running Shoes,West,Website,UPI,1,2083.29,0.0,2083.29,571.92,2025-11
ORD104996,2025-02-12,CUST1423,Electronics,USB-C Hub,Central,Website,UPI,2,1222.91,0.05,2445.82,410.98,2025-02
ORD104997,2025-06-08,CUST1465,Books,Fiction Novel,East,Website,Credit Card,1,433.81,0.2,433.81,87.25,2025-06
ORD104998,2025-08-23,CUST2195,Beauty,Perfume,East,Mobile App,UPI,1,1417.23,0.15,1417.23,403.4,2025-08
ORD104999,2025-07-28,CUST1718,Home & Kitchen,Electric Kettle,East,Website,Credit Card,1,1499.59,0.15,1499.59,198.03,2025-07
ORD105000,2025-05-24,CUST1838,Fashion,Cotton T-Shirt,West,Website,Net Banking,3,750.56,0.05,2251.68,713.96,2025-05
